split,scope,method,base_context_length,layer,workload,observations,qk_reduction,top2048_recall,top128_recall,top512_recall,weighted_recall,teacher_attention_mass_ratio
test,hybrid_temporal_hot_full_cold_h8,layer_affine_h8,8192,2,long-code,254,0.06027988242313337,0.9964301642470472,1.0,0.9999923105314961,0.9997573305321046,0.99993629588751
test,hybrid_temporal_hot_full_cold_h8,layer_affine_h8,8192,2,long-text,254,0.037497197299287195,0.9957938607283464,1.0,0.9999538631889764,0.9998736590951365,0.9999048837798125
test,hybrid_temporal_hot_full_cold_h8,layer_affine_h8,8192,5,long-code,254,0.10241575691107857,0.9931967427411418,1.0,0.9999923105314961,0.9995418781720278,0.9998992481514581
test,hybrid_temporal_hot_full_cold_h8,layer_affine_h8,8192,5,long-text,254,0.04260203256327506,0.9942540446604331,1.0,1.0,0.9996092907329194,0.9998775441411287
test,hybrid_temporal_hot_full_cold_h8,layer_affine_h8,8192,8,long-code,254,0.04560860054855588,0.9841577725147638,1.0,0.9999923105314961,0.9991020968357737,0.9996991135551684
test,hybrid_temporal_hot_full_cold_h8,layer_affine_h8,8192,8,long-text,254,0.025279085394112017,0.9961706446850394,1.0,1.0,0.9997259523908699,0.9999728185336165
test,hybrid_temporal_hot_full_cold_h8,layer_affine_h8,8192,11,long-code,254,0.04249314574254648,0.9947980745570866,1.0,1.0,0.9993444359588908,0.9999186175898501
test,hybrid_temporal_hot_full_cold_h8,layer_affine_h8,8192,11,long-text,254,0.03633300166668572,0.9942675012303149,1.0,1.0,0.9991896256537343,0.9998694227807997
test,hybrid_temporal_hot_full_cold_h8,layer_affine_h8,8192,14,long-code,254,0.04436099983066123,0.9910840612696851,1.0,0.9999846210629921,0.9987910125320593,0.9997090201014737
test,hybrid_temporal_hot_full_cold_h8,layer_affine_h8,8192,14,long-text,254,0.0283445909322363,0.9973778912401575,1.0,0.9999769315944882,0.9995804198590214,0.9999843375741093
test,hybrid_temporal_hot_full_cold_h8,layer_affine_h8,8192,17,long-code,254,0.014653021375939905,0.9955516424704725,1.0,0.9999923105314961,0.9996339722351787,0.9998395430907424
test,hybrid_temporal_hot_full_cold_h8,layer_affine_h8,8192,17,long-text,254,0.013695102730461898,0.9979622908464567,1.0,0.9999692421259843,0.9996627437954013,0.9999508949724034
test,hybrid_temporal_hot_full_cold_h8,layer_affine_h8,8192,21,long-code,254,0.014658163103549624,0.9935773714320866,1.0,1.0,0.9993808266051548,0.9995372766387903
test,hybrid_temporal_hot_full_cold_h8,layer_affine_h8,8192,21,long-text,254,0.013862555968176439,0.9983698326771654,1.0,1.0,0.9997233954103634,0.9999280400198374
test,hybrid_temporal_hot_full_cold_h8,layer_affine_h8,8192,25,long-code,254,0.061582001792643996,0.9902497539370079,1.0,1.0,0.9989279367868598,0.9995462099526223
test,hybrid_temporal_hot_full_cold_h8,layer_affine_h8,8192,25,long-text,254,0.01548127362233613,0.9961975578248031,1.0,1.0,0.9995405009786659,0.9998856529099357
test,hybrid_temporal_hot_full_cold_h8,layer_affine_h8,16384,2,long-code,254,0.2568144748021057,0.9817567359744095,1.0,0.9994002214566929,0.996359927629417,0.9991839069381218
test,hybrid_temporal_hot_full_cold_h8,layer_affine_h8,16384,2,long-text,254,0.23822432089136905,0.9867664247047244,1.0,0.9994463582677166,0.9972408430199292,0.998982958709088
test,hybrid_temporal_hot_full_cold_h8,layer_affine_h8,16384,5,long-code,254,0.4402387134848468,0.9873565914124016,1.0,0.9996462844488189,0.9960566144650725,0.9983018338057987
test,hybrid_temporal_hot_full_cold_h8,layer_affine_h8,16384,5,long-text,254,0.3431057093903857,0.9859513410433071,0.9998154527559056,0.9986005167322834,0.9928376328873945,0.9964675214378611
test,hybrid_temporal_hot_full_cold_h8,layer_affine_h8,16384,8,long-code,254,0.4974762052725689,0.9927315298966536,1.0,0.9998308316929134,0.9976335683083256,0.9983690346759162
test,hybrid_temporal_hot_full_cold_h8,layer_affine_h8,16384,8,long-text,254,0.45031855828052425,0.9794710414616141,0.9993540846456693,0.9965474286417323,0.9881373279886125,0.9921325781412967
test,hybrid_temporal_hot_full_cold_h8,layer_affine_h8,16384,11,long-code,254,0.32952617133428685,0.9924777774360236,1.0,0.9998923474409449,0.9972976022837725,0.9997744239806872
test,hybrid_temporal_hot_full_cold_h8,layer_affine_h8,16384,11,long-text,254,0.2237426711776836,0.9907476470226378,0.9999077263779528,0.9997923843503937,0.9962345817722347,0.9992252655822628
test,hybrid_temporal_hot_full_cold_h8,layer_affine_h8,16384,14,long-code,254,0.25009026657225847,0.9899056502214567,0.9999692421259843,0.9995770792322834,0.995582447262453,0.9995497800423422
test,hybrid_temporal_hot_full_cold_h8,layer_affine_h8,16384,14,long-text,254,0.20599275331864597,0.9874123400590551,0.9999077263779528,0.9988312007874016,0.9931077225180189,0.9998437613849075
test,hybrid_temporal_hot_full_cold_h8,layer_affine_h8,16384,17,long-code,254,0.15665222652115776,0.9711395023375984,1.0,0.9998000738188977,0.9934172498647573,0.9991112096467974
test,hybrid_temporal_hot_full_cold_h8,layer_affine_h8,16384,17,long-text,254,0.10550183825600865,0.9864453893946851,0.9999077263779528,0.9991157111220472,0.9943157869380809,0.999197743320229
test,hybrid_temporal_hot_full_cold_h8,layer_affine_h8,16384,21,long-code,254,0.08184647108049299,0.9747054933562992,1.0,0.9999923105314961,0.9946658809858804,0.9990184121045788
test,hybrid_temporal_hot_full_cold_h8,layer_affine_h8,16384,21,long-text,254,0.1209684400773772,0.986937515378937,1.0,0.9997923843503937,0.9936868162338526,0.9985115413654676
test,hybrid_temporal_hot_full_cold_h8,layer_affine_h8,16384,25,long-code,254,0.4176793818080447,0.9927622877706693,0.9999692421259843,0.9996385949803149,0.9964039129921566,0.997085202952333
test,hybrid_temporal_hot_full_cold_h8,layer_affine_h8,16384,25,long-text,254,0.3572701307518633,0.9881486066683071,0.9998462106299213,0.9981007012795275,0.9931669669511962,0.9941729573490681
test,hybrid_temporal_hot_full_cold_h8,layer_affine_h8,32768,2,long-code,254,0.5070519464841625,0.9597437100147638,0.9992002952755905,0.9941867618110236,0.9864181245709306,0.9966377001139073
test,hybrid_temporal_hot_full_cold_h8,layer_affine_h8,32768,2,long-text,254,0.4883088752712156,0.9568217119832677,0.9992925688976378,0.9930102731299213,0.9829642483912518,0.9924486313264219
test,hybrid_temporal_hot_full_cold_h8,layer_affine_h8,32768,5,long-code,254,0.5763840746989924,0.9571908064714567,0.9993540846456693,0.9943251722440944,0.9779422471917458,0.9989348394036212
test,hybrid_temporal_hot_full_cold_h8,layer_affine_h8,32768,5,long-text,254,0.5146916800852911,0.9410506120816929,0.9967089074803149,0.9851747047244095,0.9601190004302262,0.9927977724942693
test,hybrid_temporal_hot_full_cold_h8,layer_affine_h8,32768,8,long-code,254,0.5537658087797427,0.9402316836860236,0.9944328248031497,0.983890563484252,0.9603882176500457,0.9966283768852296
test,hybrid_temporal_hot_full_cold_h8,layer_affine_h8,32768,8,long-text,254,0.5328994122151357,0.9227573665108267,0.9862512303149606,0.9713797982283464,0.9402165872079947,0.9907361916292728
test,hybrid_temporal_hot_full_cold_h8,layer_affine_h8,32768,11,long-code,254,0.4706637784988416,0.9717412032480315,0.9997846948818898,0.9966320127952756,0.9833769402407102,0.9972751881169609
test,hybrid_temporal_hot_full_cold_h8,layer_affine_h8,32768,11,long-text,254,0.43104345759391755,0.9611220472440944,0.9997231791338582,0.9942175196850394,0.9762672527319536,0.9978358554367422
test,hybrid_temporal_hot_full_cold_h8,layer_affine_h8,32768,14,long-code,254,0.35504262546831766,0.9718949926181102,0.9986774114173228,0.9942252091535433,0.9818187533869531,0.9981252314146591
test,hybrid_temporal_hot_full_cold_h8,layer_affine_h8,32768,14,long-text,254,0.3227845971399431,0.962283156988189,0.9974163385826772,0.9914723794291339,0.9744879666365166,0.9977651330386232
test,hybrid_temporal_hot_full_cold_h8,layer_affine_h8,32768,17,long-code,254,0.31724061902378026,0.9706300750492126,0.9995693897637795,0.9968780757874016,0.9870650765169373,0.9981189470847719
test,hybrid_temporal_hot_full_cold_h8,layer_affine_h8,32768,17,long-text,254,0.3295824469444608,0.9622370201771654,0.9971702755905512,0.989996001476378,0.9746353121258807,0.9973415403569538
test,hybrid_temporal_hot_full_cold_h8,layer_affine_h8,32768,21,long-code,254,0.1910585426986832,0.9562776820866141,1.0,0.999753937007874,0.980044008673046,0.9963418261090065
test,hybrid_temporal_hot_full_cold_h8,layer_affine_h8,32768,21,long-text,254,0.23762211085427773,0.9742479699803149,0.9998462106299213,0.9982621801181102,0.9842321623325249,0.9963205886786225
test,hybrid_temporal_hot_full_cold_h8,layer_affine_h8,32768,25,long-code,254,0.4014818662534046,0.9631866695374016,0.9978161909448819,0.9898345226377953,0.9742328485625311,0.9981785489826988
test,hybrid_temporal_hot_full_cold_h8,layer_affine_h8,32768,25,long-text,254,0.37928425088719514,0.95799820066437,0.9981545275590551,0.988650344488189,0.9707558325576892,0.9942413571583691
test,hybrid_temporal_hot_full_cold_h8,raw_h8,8192,2,long-code,254,0.03596506778414064,0.9856668307086615,1.0,1.0,0.9990474371539623,0.9996630727827387
test,hybrid_temporal_hot_full_cold_h8,raw_h8,8192,2,long-text,254,0.022295431328782065,0.9877641332431102,1.0,0.9999846210629921,0.9996537454061755,0.9997016919876754
test,hybrid_temporal_hot_full_cold_h8,raw_h8,8192,5,long-code,254,0.05009882751771744,0.899781234621063,1.0,1.0,0.9923971948693492,0.9964450035936447
test,hybrid_temporal_hot_full_cold_h8,raw_h8,8192,5,long-text,254,0.02484701604695809,0.9403970072588582,1.0,1.0,0.9958913492062917,0.9978544769244474
test,hybrid_temporal_hot_full_cold_h8,raw_h8,8192,8,long-code,254,0.033238466667381485,0.8720972256397638,1.0,1.0,0.9918924234981679,0.9966115724169256
test,hybrid_temporal_hot_full_cold_h8,raw_h8,8192,8,long-text,254,0.01452386040040541,0.9479019285187008,1.0,1.0,0.9968053340334599,0.9989097470071177
test,hybrid_temporal_hot_full_cold_h8,raw_h8,8192,11,long-code,254,0.022795537309754442,0.9431613711860236,1.0,1.0,0.9925984421344728,0.9983257088878503
test,hybrid_temporal_hot_full_cold_h8,raw_h8,8192,11,long-text,254,0.019404239645350617,0.9507354976624016,1.0,1.0,0.9938254993610345,0.9989613595658263
test,hybrid_temporal_hot_full_cold_h8,raw_h8,8192,14,long-code,254,0.02418259217966291,0.9281130813238189,1.0,1.0,0.9897953896689609,0.9970304927445729
test,hybrid_temporal_hot_full_cold_h8,raw_h8,8192,14,long-text,254,0.011219905437327624,0.9722679318405512,1.0,1.0,0.995522541644967,0.9988435896264839
test,hybrid_temporal_hot_full_cold_h8,raw_h8,8192,17,long-code,254,0.010381353884139619,0.9549262579970472,1.0,1.0,0.9958510453474297,0.9973942149345975
test,hybrid_temporal_hot_full_cold_h8,raw_h8,8192,17,long-text,254,0.006221899437008732,0.9745074895423228,1.0,1.0,0.9966042368222161,0.9986924865857396
test,hybrid_temporal_hot_full_cold_h8,raw_h8,8192,21,long-code,254,0.0127907724949415,0.9423828125,1.0,1.0,0.9942763428769451,0.9954546506071386
test,hybrid_temporal_hot_full_cold_h8,raw_h8,8192,21,long-text,254,0.006247426050000409,0.980347640871063,1.0,1.0,0.9952972841199306,0.9986854359637791
test,hybrid_temporal_hot_full_cold_h8,raw_h8,8192,25,long-code,254,0.04430841697357432,0.815671905757874,1.0,1.0,0.9698575356934286,0.9861456237216488
test,hybrid_temporal_hot_full_cold_h8,raw_h8,8192,25,long-text,254,0.009821963300162112,0.9572254090797244,1.0,1.0,0.9939804898999269,0.9982787395241474
test,hybrid_temporal_hot_full_cold_h8,raw_h8,16384,2,long-code,254,0.17437989452768246,0.9684078186515748,1.0,0.9996770423228346,0.9941686709547557,0.9985487343194092
test,hybrid_temporal_hot_full_cold_h8,raw_h8,16384,2,long-text,254,0.16563661166345886,0.9751534048966536,1.0,0.9998923474409449,0.9958766722043642,0.9989623914470841
test,hybrid_temporal_hot_full_cold_h8,raw_h8,16384,5,long-code,254,0.24249251077202696,0.8531042384350394,1.0,0.9985543799212598,0.958209605038449,0.9925490557524079
test,hybrid_temporal_hot_full_cold_h8,raw_h8,16384,5,long-text,254,0.14349417344448953,0.8715320497047244,1.0,0.9995924581692913,0.9458515020925772,0.9952023239902178
test,hybrid_temporal_hot_full_cold_h8,raw_h8,16384,8,long-code,254,0.28078966103721353,0.8474332554133859,1.0,1.0,0.9590156810081735,0.9859935592068277
test,hybrid_temporal_hot_full_cold_h8,raw_h8,16384,8,long-text,254,0.20594435821049203,0.8689137856791339,1.0,0.9994694266732284,0.9469032558666702,0.9904206098384388
test,hybrid_temporal_hot_full_cold_h8,raw_h8,16384,11,long-code,254,0.14377579464299067,0.899658203125,1.0,1.0,0.9683333878780451,0.9963584883308028
test,hybrid_temporal_hot_full_cold_h8,raw_h8,16384,11,long-text,254,0.09172314917210211,0.8804633673720472,1.0,1.0,0.9559669100360226,0.9951024172049673
test,hybrid_temporal_hot_full_cold_h8,raw_h8,16384,14,long-code,254,0.10574248103723992,0.8188995601624016,1.0,0.9996385949803149,0.9228397749950172,0.9902448590383361
test,hybrid_temporal_hot_full_cold_h8,raw_h8,16384,14,long-text,254,0.07209181253067745,0.8829220749261811,1.0,0.9984697957677166,0.9447901274069318,0.9916662706761992
test,hybrid_temporal_hot_full_cold_h8,raw_h8,16384,17,long-code,254,0.09713828733191883,0.5228011964812992,0.9771776574803149,0.8650652066929134,0.8008978128292011,0.9541458134590395
test,hybrid_temporal_hot_full_cold_h8,raw_h8,16384,17,long-text,254,0.05023555856045607,0.6989207830954725,0.9993848425196851,0.9908341535433071,0.8594690885982891,0.9706243199208124
test,hybrid_temporal_hot_full_cold_h8,raw_h8,16384,21,long-code,254,0.060765039901602015,0.6557982437253937,0.9973855807086615,0.9673351377952756,0.8744490471220887,0.9578072031114581
test,hybrid_temporal_hot_full_cold_h8,raw_h8,16384,21,long-text,254,0.06056117259077539,0.7538658802903543,1.0,0.9886964812992126,0.8729496168280099,0.9832297630705158
test,hybrid_temporal_hot_full_cold_h8,raw_h8,16384,25,long-code,254,0.16336943988494448,0.7269046813484252,1.0,1.0,0.8755410091456074,0.9827051593722781
test,hybrid_temporal_hot_full_cold_h8,raw_h8,16384,25,long-text,254,0.12575205927516345,0.6857468011811023,1.0,0.9946096825787402,0.8399235984550627,0.9804983997864021
test,hybrid_temporal_hot_full_cold_h8,raw_h8,32768,2,long-code,254,0.4504990848314095,0.9679387610728346,0.999753937007874,0.9972625492125984,0.9899999749378477,0.9980088077583604
test,hybrid_temporal_hot_full_cold_h8,raw_h8,32768,2,long-text,254,0.4451479245792129,0.9679829755167323,0.999753937007874,0.9964090182086615,0.9881485351487757,0.9951365240137753
test,hybrid_temporal_hot_full_cold_h8,raw_h8,32768,5,long-code,254,0.33215732059819497,0.8473755843996063,1.0,0.9979084645669292,0.9352199729970837,0.9901436116967687
test,hybrid_temporal_hot_full_cold_h8,raw_h8,32768,5,long-text,254,0.23651881467698127,0.8241937592273622,1.0,0.9986927903543307,0.9030980515440928,0.99334521618759
test,hybrid_temporal_hot_full_cold_h8,raw_h8,32768,8,long-code,254,0.3419075074752416,0.8989738404281497,1.0,0.9999692421259843,0.9526401145532225,0.9938463552171046
test,hybrid_temporal_hot_full_cold_h8,raw_h8,32768,8,long-text,254,0.2971295291760668,0.8982740987942913,1.0,0.9999384842519685,0.9399762188735077,0.9949338389676691
test,hybrid_temporal_hot_full_cold_h8,raw_h8,32768,11,long-code,254,0.2703778036462792,0.8977954293799213,1.0,0.9999846210629921,0.9512585674611136,0.9936553356152266
test,hybrid_temporal_hot_full_cold_h8,raw_h8,32768,11,long-text,254,0.2240704042861586,0.8962056317667323,1.0,0.9999615526574803,0.9494956845850471,0.9979202640710629
test,hybrid_temporal_hot_full_cold_h8,raw_h8,32768,14,long-code,254,0.16236778363362855,0.7875322957677166,1.0,0.9967473548228346,0.8828955766112397,0.9838513538687969
test,hybrid_temporal_hot_full_cold_h8,raw_h8,32768,14,long-text,254,0.14150092803668063,0.804935485359252,0.9964013287401575,0.9825910433070866,0.8800301761935045,0.9770674845515964
test,hybrid_temporal_hot_full_cold_h8,raw_h8,32768,17,long-code,254,0.14918576187795288,0.46380182701771655,0.9718257874015748,0.852908156988189,0.7214968178653622,0.943537484368943
test,hybrid_temporal_hot_full_cold_h8,raw_h8,32768,17,long-text,254,0.1319715771932483,0.5394642747293307,0.9820066437007874,0.915531188484252,0.7099510073575811,0.967101593767015
test,hybrid_temporal_hot_full_cold_h8,raw_h8,32768,21,long-code,254,0.11855583401236823,0.4588382750984252,0.957277312992126,0.8085783710629921,0.6693301569437667,0.9169088547233004
test,hybrid_temporal_hot_full_cold_h8,raw_h8,32768,21,long-text,254,0.11114889125782121,0.6158668337844488,0.992433562992126,0.9397530142716536,0.7543213000553307,0.9701853285286226
test,hybrid_temporal_hot_full_cold_h8,raw_h8,32768,25,long-code,254,0.16631584271353336,0.5370267132135826,1.0,0.9558547613188977,0.7022216512014194,0.9733263486351261
test,hybrid_temporal_hot_full_cold_h8,raw_h8,32768,25,long-text,254,0.14361382508053852,0.5238277405265748,0.999507874015748,0.9567621186023622,0.6946408821860787,0.9751566508855255
test,hybrid_temporal_hot_full_cold_h8,t1_layer,8192,2,long-code,254,0.06656007066412209,0.9976547121062992,1.0,0.9999692421259843,0.9998320572535695,0.9999950009689403
test,hybrid_temporal_hot_full_cold_h8,t1_layer,8192,2,long-text,254,0.04206760129595725,0.9977738988681102,1.0,0.9999231053149606,0.9999005021275619,0.9999782955534038
test,hybrid_temporal_hot_full_cold_h8,t1_layer,8192,5,long-code,254,0.11577732328508976,0.9955093503937008,1.0,0.9999692421259843,0.9996927474009086,0.9999825100483448
test,hybrid_temporal_hot_full_cold_h8,t1_layer,8192,5,long-text,254,0.05194671215237037,0.9964763010580708,0.9999692421259843,0.9998923474409449,0.9996652568570922,0.9998436719612627
test,hybrid_temporal_hot_full_cold_h8,t1_layer,8192,8,long-code,254,0.05688100044044475,0.9923470564714567,1.0,0.9999923105314961,0.9995859101627189,0.9998717235205671
test,hybrid_temporal_hot_full_cold_h8,t1_layer,8192,8,long-text,254,0.02904256646106303,0.9977892778051181,1.0,0.9999923105314961,0.9998320863859196,0.9999824237268081
test,hybrid_temporal_hot_full_cold_h8,t1_layer,8192,11,long-code,254,0.04614164723588523,0.9973740465059056,1.0,1.0,0.999659609311847,0.9999733037069602
test,hybrid_temporal_hot_full_cold_h8,t1_layer,8192,11,long-text,254,0.04033435019494541,0.9966358575295275,1.0,0.9999923105314961,0.9995250956400925,0.9998555764018943
test,hybrid_temporal_hot_full_cold_h8,t1_layer,8192,14,long-code,254,0.050074613597432,0.9953151913139764,1.0,0.9999461737204725,0.9993261593534605,0.9999414937805599
test,hybrid_temporal_hot_full_cold_h8,t1_layer,8192,14,long-text,254,0.029383808513246793,0.9983986681840551,1.0,0.9999846210629921,0.9997137571272141,1.000031026708151
test,hybrid_temporal_hot_full_cold_h8,t1_layer,8192,17,long-code,254,0.01817480665727613,0.9970145638533464,1.0,0.9999000369094488,0.999523934112512,0.9999539601216904
test,hybrid_temporal_hot_full_cold_h8,t1_layer,8192,17,long-text,254,0.013617055038796108,0.9987177811269685,1.0,0.9999461737204725,0.9997849826159795,1.0000035094766815
test,hybrid_temporal_hot_full_cold_h8,t1_layer,8192,21,long-code,254,0.01858287569693675,0.996337890625,1.0,0.9999923105314961,0.9996317428096105,0.9997826207790746
test,hybrid_temporal_hot_full_cold_h8,t1_layer,8192,21,long-text,254,0.015010081486693343,0.9991503137303149,1.0,1.0,0.9998365406549425,0.9999657878161302
test,hybrid_temporal_hot_full_cold_h8,t1_layer,8192,25,long-code,254,0.07731114573510234,0.99561508058563,1.0,1.0,0.9994544941945802,0.9998645857982195
test,hybrid_temporal_hot_full_cold_h8,t1_layer,8192,25,long-text,254,0.017001441599987295,0.9981487604576772,1.0,1.0,0.9997579443033835,0.999959853695481
test,hybrid_temporal_hot_full_cold_h8,t1_layer,16384,2,long-code,254,0.23667817312579514,0.9875084584153543,1.0,0.9998000738188977,0.9978197389360532,0.9996580752829163
test,hybrid_temporal_hot_full_cold_h8,t1_layer,16384,2,long-text,254,0.2214905620336423,0.9902920460137795,1.0,0.9996385949803149,0.9980295077640972,0.9994815852120326
test,hybrid_temporal_hot_full_cold_h8,t1_layer,16384,5,long-code,254,0.4274572666884065,0.9886964812992126,0.9999692421259843,0.999761626476378,0.9961120884319878,0.9989757498722515
test,hybrid_temporal_hot_full_cold_h8,t1_layer,16384,5,long-text,254,0.31862526829382665,0.9885561484990157,0.9996924212598425,0.9987543061023622,0.9945674114097316,0.9972710461813584
test,hybrid_temporal_hot_full_cold_h8,t1_layer,16384,8,long-code,254,0.499091664928058,0.9932986281988189,1.0,0.9998308316929134,0.9977806722108894,0.9985091203932069
test,hybrid_temporal_hot_full_cold_h8,t1_layer,16384,8,long-text,254,0.4394246725290215,0.9825006920521654,0.9988927165354331,0.99681656003937,0.9899511734330426,0.9919486458123429
test,hybrid_temporal_hot_full_cold_h8,t1_layer,16384,11,long-code,254,0.31779826886342816,0.9942232867864174,1.0,0.9999615526574803,0.9979786650280792,0.9997794411254307
test,hybrid_temporal_hot_full_cold_h8,t1_layer,16384,11,long-text,254,0.21035421341462987,0.9923278328001969,0.9999384842519685,0.9998231422244095,0.9969148998933008,0.9992614201513331
test,hybrid_temporal_hot_full_cold_h8,t1_layer,16384,14,long-code,254,0.24989256734091098,0.9916857621801181,0.999876968503937,0.9995232529527559,0.996403236983216,0.9995318432817089
test,hybrid_temporal_hot_full_cold_h8,t1_layer,16384,14,long-text,254,0.18833902139581712,0.989994079109252,1.0,0.9993233267716536,0.9945994877880043,0.9999723487242831
test,hybrid_temporal_hot_full_cold_h8,t1_layer,16384,17,long-code,254,0.16695764287787146,0.9807859405757874,0.9999384842519685,0.999753937007874,0.9952659401474188,0.9994955072091588
test,hybrid_temporal_hot_full_cold_h8,t1_layer,16384,17,long-text,254,0.09162736232539224,0.9893212506151575,1.0,0.999507874015748,0.9956472670472286,0.9994993332147161
test,hybrid_temporal_hot_full_cold_h8,t1_layer,16384,21,long-code,254,0.090019282288756,0.9837906003937008,1.0,0.9999923105314961,0.9968976005742564,0.9996624414972664
test,hybrid_temporal_hot_full_cold_h8,t1_layer,16384,21,long-text,254,0.12414657932764396,0.9880044291338582,1.0,0.9996847317913385,0.994169216816948,0.998532355350114
test,hybrid_temporal_hot_full_cold_h8,t1_layer,16384,25,long-code,254,0.4146148440788523,0.9935716043307087,0.9999692421259843,0.9997078001968503,0.996798430089021,0.9976133967175912
test,hybrid_temporal_hot_full_cold_h8,t1_layer,16384,25,long-text,254,0.33067221848582085,0.992193267101378,0.9999077263779528,0.9991926058070866,0.995642691414156,0.9968867703053763
test,hybrid_temporal_hot_full_cold_h8,t1_layer,32768,2,long-code,254,0.45643169728371874,0.9732867864173228,0.9997231791338582,0.9977777436023622,0.9918460448943163,0.9985843063956223
test,hybrid_temporal_hot_full_cold_h8,t1_layer,32768,2,long-text,254,0.44081635881732284,0.973636657234252,0.9999077263779528,0.9976239542322834,0.9903093684964686,0.9966313727524796
test,hybrid_temporal_hot_full_cold_h8,t1_layer,32768,5,long-code,254,0.5352464670901038,0.9744036817175197,0.9999384842519685,0.9983775221456693,0.9874346439977725,0.9985384681903494
test,hybrid_temporal_hot_full_cold_h8,t1_layer,32768,5,long-text,254,0.45333535560647437,0.9674312561515748,0.9982160433070866,0.9936177411417323,0.9790017957643663,0.9953013525168195
test,hybrid_temporal_hot_full_cold_h8,t1_layer,32768,8,long-code,254,0.5257090946909831,0.9573599747785433,0.9976316437007874,0.9915415846456693,0.9726996095314117,0.9970412553061826
test,hybrid_temporal_hot_full_cold_h8,t1_layer,32768,8,long-text,254,0.5010156068219808,0.9491437776820866,0.9947096456692913,0.9856514517716536,0.9620905354799898,0.9929027899075148
test,hybrid_temporal_hot_full_cold_h8,t1_layer,32768,11,long-code,254,0.442315737685158,0.9811896376722441,0.9999692421259843,0.9989619217519685,0.989554957813786,0.9980955693380602
test,hybrid_temporal_hot_full_cold_h8,t1_layer,32768,11,long-text,254,0.39032167460997214,0.9766028697096457,0.9999692421259843,0.9978469488188977,0.9864078137831761,0.9985715097590109
test,hybrid_temporal_hot_full_cold_h8,t1_layer,32768,14,long-code,254,0.3230776352484493,0.9801900067667323,0.9995693897637795,0.9975470595472441,0.9880339199716216,0.9993589036660226
test,hybrid_temporal_hot_full_cold_h8,t1_layer,32768,14,long-text,254,0.28242691281948346,0.9762433870570866,0.9993848425196851,0.9969703494094488,0.9845387649418176,0.9986174487323742
test,hybrid_temporal_hot_full_cold_h8,t1_layer,32768,17,long-code,254,0.2950718807658801,0.9699341781496063,0.9998462106299213,0.9981314591535433,0.9885419391181723,0.9987663327351751
test,hybrid_temporal_hot_full_cold_h8,t1_layer,32768,17,long-text,254,0.2684797145420539,0.9781734436515748,0.999507874015748,0.9976239542322834,0.9872945074751643,0.9985902533985628
test,hybrid_temporal_hot_full_cold_h8,t1_layer,32768,21,long-code,254,0.20024482738063912,0.9700302965059056,1.0,0.999753937007874,0.9869763812494775,0.998542509457757
test,hybrid_temporal_hot_full_cold_h8,t1_layer,32768,21,long-text,254,0.2294826410419953,0.9789616141732284,0.9999077263779528,0.9987466166338582,0.9874820840998999,0.9967979208510819
test,hybrid_temporal_hot_full_cold_h8,t1_layer,32768,25,long-code,254,0.3768293290837931,0.9730753260334646,0.9990772637795275,0.9942790354330708,0.981623262884701,0.9986779563278583
test,hybrid_temporal_hot_full_cold_h8,t1_layer,32768,25,long-text,254,0.347925366844122,0.9725985789862205,0.999138779527559,0.9947634719488189,0.981505047117144,0.9961739790505767
test,pure_no_h56,global_affine_h8,8192,2,long-code,254,0.875,0.7674089566929134,0.9975393700787402,0.9796690452755905,0.978965816889818,0.9905166214035845
test,pure_no_h56,global_affine_h8,8192,2,long-text,254,0.875,0.7516724593996063,0.9964320866141733,0.9729638287401575,0.9808642991378793,0.9881661700291742
test,pure_no_h56,global_affine_h8,8192,5,long-code,254,0.875,0.8199991541584646,1.0,0.9986851008858267,0.9870336597138512,0.9908065941555325
test,pure_no_h56,global_affine_h8,8192,5,long-text,254,0.875,0.8233190821850394,0.9999692421259843,0.9975855068897638,0.9853970242194148,0.992550116887125
test,pure_no_h56,global_affine_h8,8192,8,long-code,254,0.875,0.7986704908956693,1.0,0.9980314960629921,0.9876396026035467,0.9924475823807527
test,pure_no_h56,global_affine_h8,8192,8,long-text,254,0.875,0.8206835168553149,1.0,0.9984313484251969,0.9863663586443375,0.9940283813941916
test,pure_no_h56,global_affine_h8,8192,11,long-code,254,0.875,0.844730407234252,1.0,0.9993387057086615,0.9784276439639792,0.9954605790375785
test,pure_no_h56,global_affine_h8,8192,11,long-text,254,0.875,0.8511703371062992,1.0,0.9994156003937008,0.9789580678627896,0.9961345839495335
test,pure_no_h56,global_affine_h8,8192,14,long-code,254,0.875,0.8324214905265748,0.9999077263779528,0.9960091658464567,0.9708708629910734,0.9902972730112765
test,pure_no_h56,global_affine_h8,8192,14,long-text,254,0.875,0.8230595626230315,0.9999077263779528,0.9973548228346457,0.9641240276596595,0.9913035345078064
test,pure_no_h56,global_affine_h8,8192,17,long-code,254,0.875,0.7896411325049213,0.9990157480314961,0.9886580339566929,0.9679742361646202,0.9835432687466724
test,pure_no_h56,global_affine_h8,8192,17,long-text,254,0.875,0.7593561608021654,0.9988312007874016,0.9819220595472441,0.9584233383449193,0.9817612802568687
test,pure_no_h56,global_affine_h8,8192,21,long-code,254,0.875,0.8369025282972441,0.9999692421259843,0.9981468380905512,0.9821323480896379,0.9834611741251985
test,pure_no_h56,global_affine_h8,8192,21,long-text,254,0.875,0.82325179933563,0.9999384842519685,0.9969242125984252,0.9541042806131447,0.9902554303535588
test,pure_no_h56,global_affine_h8,8192,25,long-code,254,0.875,0.8052276851624016,1.0,0.9958246186023622,0.964717948486422,0.9813189592214432
test,pure_no_h56,global_affine_h8,8192,25,long-text,254,0.875,0.7569954939714567,0.9999077263779528,0.9833369217519685,0.948165804155419,0.9824661925247884
test,pure_no_h56,global_affine_h8,16384,2,long-code,254,0.875,0.7176465612696851,0.9835445374015748,0.9436285063976378,0.9388606428137244,0.9853389654289151
test,pure_no_h56,global_affine_h8,16384,2,long-text,254,0.875,0.6822307917076772,0.9765625,0.9132781742125984,0.9086607146310169,0.9744984849767928
test,pure_no_h56,global_affine_h8,16384,5,long-code,254,0.875,0.8275367556594488,0.9998154527559056,0.9966473917322834,0.9463424756459962,0.9767323120394757
test,pure_no_h56,global_affine_h8,16384,5,long-text,254,0.875,0.7798312930610236,0.9960629921259843,0.9796536663385826,0.8938819430492925,0.9819997373278337
test,pure_no_h56,global_affine_h8,16384,8,long-code,254,0.875,0.8392958753690944,0.9999077263779528,0.9979853592519685,0.9517517787877967,0.9587583313829591
test,pure_no_h56,global_affine_h8,16384,8,long-text,254,0.875,0.7953255720964567,0.9976008858267716,0.9855514886811023,0.9026954594144286,0.948488108004115
test,pure_no_h56,global_affine_h8,16384,11,long-code,254,0.875,0.835814468503937,0.9999692421259843,0.9982391117125984,0.9412070935929254,0.9936200945697343
test,pure_no_h56,global_affine_h8,16384,11,long-text,254,0.875,0.8014137087844488,0.9995386318897638,0.9923720472440944,0.9137704205628082,0.9872535916820449
test,pure_no_h56,global_affine_h8,16384,14,long-code,254,0.875,0.7893143300935039,0.9994463582677166,0.9895423228346457,0.9070102834758055,0.9879134867268686
test,pure_no_h56,global_affine_h8,16384,14,long-text,254,0.875,0.7578413355068898,0.9961860236220472,0.9783695250984252,0.8741537925502424,0.9675768198383289
test,pure_no_h56,global_affine_h8,16384,17,long-code,254,0.875,0.7312127060777559,0.9980314960629921,0.9730791707677166,0.9103024324425003,0.9776826248427688
test,pure_no_h56,global_affine_h8,16384,17,long-text,254,0.875,0.6934478038877953,0.9943713090551181,0.950072281003937,0.8477820867614059,0.9625124279687629
test,pure_no_h56,global_affine_h8,16384,21,long-code,254,0.875,0.7826763964074803,0.9996924212598425,0.9905035063976378,0.9371866032907137,0.9563604117956384
test,pure_no_h56,global_affine_h8,16384,21,long-text,254,0.875,0.78760726808563,0.9995386318897638,0.989503875492126,0.8918495205115269,0.9848920430948771
test,pure_no_h56,global_affine_h8,16384,25,long-code,254,0.875,0.7850216843011811,0.9992925688976378,0.9896961122047244,0.8964259447488243,0.9593371110535881
test,pure_no_h56,global_affine_h8,16384,25,long-text,254,0.875,0.7393904558316929,0.9972010334645669,0.976324126476378,0.8542604402672083,0.9860066882084205
test,pure_no_h56,global_affine_h8,32768,2,long-code,254,0.875,0.6558962844488189,0.9713336614173228,0.9054656742125984,0.8682277907634361,0.9786448237955796
test,pure_no_h56,global_affine_h8,32768,2,long-text,254,0.875,0.6338621124507874,0.961429625984252,0.8796059916338582,0.8390938179692433,0.9672335627517621
test,pure_no_h56,global_affine_h8,32768,5,long-code,254,0.875,0.7636449618602362,0.996831938976378,0.9812453863188977,0.8889172530147197,0.9701713642922897
test,pure_no_h56,global_affine_h8,32768,5,long-text,254,0.875,0.7216527743602362,0.991941437007874,0.9561854084645669,0.8258128908673669,0.9681352631046951
test,pure_no_h56,global_affine_h8,32768,8,long-code,254,0.875,0.7349459430364174,0.9964320866141733,0.969964936023622,0.8434827221785938,0.9358367634493607
test,pure_no_h56,global_affine_h8,32768,8,long-text,254,0.875,0.7074733944389764,0.989142470472441,0.9496570497047244,0.7969025655404036,0.9292831209399954
test,pure_no_h56,global_affine_h8,32768,11,long-code,254,0.875,0.7637737604576772,0.9986466535433071,0.983644500492126,0.8684230121531858,0.9922975483640357
test,pure_no_h56,global_affine_h8,32768,11,long-text,254,0.875,0.7204878198818898,0.9948019192913385,0.9626830093503937,0.8321529027863205,0.9818927640856513
test,pure_no_h56,global_affine_h8,32768,14,long-code,254,0.875,0.7159010519192913,0.9975393700787402,0.9659664124015748,0.8292429757792338,0.967240330684358
test,pure_no_h56,global_affine_h8,32768,14,long-text,254,0.875,0.690679595226378,0.9794537401574803,0.938968688484252,0.7955202033140643,0.9364317898160711
test,pure_no_h56,global_affine_h8,32768,17,long-code,254,0.875,0.6879075418307087,0.9951094980314961,0.9533172367125984,0.8524239543911175,0.9718560462666108
test,pure_no_h56,global_affine_h8,32768,17,long-text,254,0.875,0.646734282726378,0.9884657972440944,0.9234744094488189,0.7756027378013147,0.9612700549249458
test,pure_no_h56,global_affine_h8,32768,21,long-code,254,0.875,0.7309185839074803,0.9978469488188977,0.9742787278543307,0.860989316718501,0.9532700433060384
test,pure_no_h56,global_affine_h8,32768,21,long-text,254,0.875,0.7257570281742126,0.9980007381889764,0.9730176550196851,0.8283928646964434,0.9651954568182292
test,pure_no_h56,global_affine_h8,32768,25,long-code,254,0.875,0.68213851808563,0.9946481299212598,0.9484498031496063,0.7914691446240707,0.9629713596258326
test,pure_no_h56,global_affine_h8,32768,25,long-text,254,0.875,0.6409383458415354,0.9901574803149606,0.9266117125984252,0.7573128662265781,0.9664539814068811
test,pure_no_h56,layer_affine_h8,8192,2,long-code,254,0.875,0.7674089566929134,0.9975393700787402,0.9796690452755905,0.978965816889818,0.9905166214035845
test,pure_no_h56,layer_affine_h8,8192,2,long-text,254,0.875,0.7516724593996063,0.9964320866141733,0.9729638287401575,0.9808642991378793,0.9881661700291742
test,pure_no_h56,layer_affine_h8,8192,5,long-code,254,0.875,0.8199991541584646,1.0,0.9986851008858267,0.9870336597138512,0.9908065941555325
test,pure_no_h56,layer_affine_h8,8192,5,long-text,254,0.875,0.8233190821850394,0.9999692421259843,0.9975855068897638,0.9853970242194148,0.992550116887125
test,pure_no_h56,layer_affine_h8,8192,8,long-code,254,0.875,0.7986704908956693,1.0,0.9980314960629921,0.9876396026035467,0.9924475823807527
test,pure_no_h56,layer_affine_h8,8192,8,long-text,254,0.875,0.8206835168553149,1.0,0.9984313484251969,0.9863663586443375,0.9940283813941916
test,pure_no_h56,layer_affine_h8,8192,11,long-code,254,0.875,0.844730407234252,1.0,0.9993387057086615,0.9784276439639792,0.9954605790375785
test,pure_no_h56,layer_affine_h8,8192,11,long-text,254,0.875,0.8511703371062992,1.0,0.9994156003937008,0.9789580678627896,0.9961345839495335
test,pure_no_h56,layer_affine_h8,8192,14,long-code,254,0.875,0.8324214905265748,0.9999077263779528,0.9960091658464567,0.9708708629910734,0.9902972730112765
test,pure_no_h56,layer_affine_h8,8192,14,long-text,254,0.875,0.8230595626230315,0.9999077263779528,0.9973548228346457,0.9641240276596595,0.9913035345078064
test,pure_no_h56,layer_affine_h8,8192,17,long-code,254,0.875,0.7896411325049213,0.9990157480314961,0.9886580339566929,0.9679742361646202,0.9835432687466724
test,pure_no_h56,layer_affine_h8,8192,17,long-text,254,0.875,0.7593561608021654,0.9988312007874016,0.9819220595472441,0.9584233383449193,0.9817612802568687
test,pure_no_h56,layer_affine_h8,8192,21,long-code,254,0.875,0.8369025282972441,0.9999692421259843,0.9981468380905512,0.9821323480896379,0.9834611741251985
test,pure_no_h56,layer_affine_h8,8192,21,long-text,254,0.875,0.82325179933563,0.9999384842519685,0.9969242125984252,0.9541042806131447,0.9902554303535588
test,pure_no_h56,layer_affine_h8,8192,25,long-code,254,0.875,0.8052276851624016,1.0,0.9958246186023622,0.964717948486422,0.9813189592214432
test,pure_no_h56,layer_affine_h8,8192,25,long-text,254,0.875,0.7569954939714567,0.9999077263779528,0.9833369217519685,0.948165804155419,0.9824661925247884
test,pure_no_h56,layer_affine_h8,16384,2,long-code,254,0.875,0.7176465612696851,0.9835445374015748,0.9436285063976378,0.9388606428137244,0.9853389654289151
test,pure_no_h56,layer_affine_h8,16384,2,long-text,254,0.875,0.6822307917076772,0.9765625,0.9132781742125984,0.9086607146310169,0.9744984849767928
test,pure_no_h56,layer_affine_h8,16384,5,long-code,254,0.875,0.8275367556594488,0.9998154527559056,0.9966473917322834,0.9463424756459962,0.9767323120394757
test,pure_no_h56,layer_affine_h8,16384,5,long-text,254,0.875,0.7798312930610236,0.9960629921259843,0.9796536663385826,0.8938819430492925,0.9819997373278337
test,pure_no_h56,layer_affine_h8,16384,8,long-code,254,0.875,0.8392958753690944,0.9999077263779528,0.9979853592519685,0.9517517787877967,0.9587583313829591
test,pure_no_h56,layer_affine_h8,16384,8,long-text,254,0.875,0.7953255720964567,0.9976008858267716,0.9855514886811023,0.9026954594144286,0.948488108004115
test,pure_no_h56,layer_affine_h8,16384,11,long-code,254,0.875,0.835814468503937,0.9999692421259843,0.9982391117125984,0.9412070935929254,0.9936200945697343
test,pure_no_h56,layer_affine_h8,16384,11,long-text,254,0.875,0.8014137087844488,0.9995386318897638,0.9923720472440944,0.9137704205628082,0.9872535916820449
test,pure_no_h56,layer_affine_h8,16384,14,long-code,254,0.875,0.7893143300935039,0.9994463582677166,0.9895423228346457,0.9070102834758055,0.9879134867268686
test,pure_no_h56,layer_affine_h8,16384,14,long-text,254,0.875,0.7578413355068898,0.9961860236220472,0.9783695250984252,0.8741537925502424,0.9675768198383289
test,pure_no_h56,layer_affine_h8,16384,17,long-code,254,0.875,0.7312127060777559,0.9980314960629921,0.9730791707677166,0.9103024324425003,0.9776826248427688
test,pure_no_h56,layer_affine_h8,16384,17,long-text,254,0.875,0.6934478038877953,0.9943713090551181,0.950072281003937,0.8477820867614059,0.9625124279687629
test,pure_no_h56,layer_affine_h8,16384,21,long-code,254,0.875,0.7826763964074803,0.9996924212598425,0.9905035063976378,0.9371866032907137,0.9563604117956384
test,pure_no_h56,layer_affine_h8,16384,21,long-text,254,0.875,0.78760726808563,0.9995386318897638,0.989503875492126,0.8918495205115269,0.9848920430948771
test,pure_no_h56,layer_affine_h8,16384,25,long-code,254,0.875,0.7850216843011811,0.9992925688976378,0.9896961122047244,0.8964259447488243,0.9593371110535881
test,pure_no_h56,layer_affine_h8,16384,25,long-text,254,0.875,0.7393904558316929,0.9972010334645669,0.976324126476378,0.8542604402672083,0.9860066882084205
test,pure_no_h56,layer_affine_h8,32768,2,long-code,254,0.875,0.6558962844488189,0.9713336614173228,0.9054656742125984,0.8682277907634361,0.9786448237955796
test,pure_no_h56,layer_affine_h8,32768,2,long-text,254,0.875,0.6338621124507874,0.961429625984252,0.8796059916338582,0.8390938179692433,0.9672335627517621
test,pure_no_h56,layer_affine_h8,32768,5,long-code,254,0.875,0.7636449618602362,0.996831938976378,0.9812453863188977,0.8889172530147197,0.9701713642922897
test,pure_no_h56,layer_affine_h8,32768,5,long-text,254,0.875,0.7216527743602362,0.991941437007874,0.9561854084645669,0.8258128908673669,0.9681352631046951
test,pure_no_h56,layer_affine_h8,32768,8,long-code,254,0.875,0.7349459430364174,0.9964320866141733,0.969964936023622,0.8434827221785938,0.9358367634493607
test,pure_no_h56,layer_affine_h8,32768,8,long-text,254,0.875,0.7074733944389764,0.989142470472441,0.9496570497047244,0.7969025655404036,0.9292831209399954
test,pure_no_h56,layer_affine_h8,32768,11,long-code,254,0.875,0.7637737604576772,0.9986466535433071,0.983644500492126,0.8684230121531858,0.9922975483640357
test,pure_no_h56,layer_affine_h8,32768,11,long-text,254,0.875,0.7204878198818898,0.9948019192913385,0.9626830093503937,0.8321529027863205,0.9818927640856513
test,pure_no_h56,layer_affine_h8,32768,14,long-code,254,0.875,0.7159010519192913,0.9975393700787402,0.9659664124015748,0.8292429757792338,0.967240330684358
test,pure_no_h56,layer_affine_h8,32768,14,long-text,254,0.875,0.690679595226378,0.9794537401574803,0.938968688484252,0.7955202033140643,0.9364317898160711
test,pure_no_h56,layer_affine_h8,32768,17,long-code,254,0.875,0.6879094641978346,0.9951094980314961,0.9533172367125984,0.8524248568057342,0.9718560310794325
test,pure_no_h56,layer_affine_h8,32768,17,long-text,254,0.875,0.646734282726378,0.9884657972440944,0.9234744094488189,0.7756027378013147,0.9612700549249458
test,pure_no_h56,layer_affine_h8,32768,21,long-code,254,0.875,0.7309185839074803,0.9978469488188977,0.9742787278543307,0.860989316718501,0.9532700433060384
test,pure_no_h56,layer_affine_h8,32768,21,long-text,254,0.875,0.7257570281742126,0.9980007381889764,0.9730176550196851,0.8283928646964434,0.9651954568182292
test,pure_no_h56,layer_affine_h8,32768,25,long-code,254,0.875,0.68213851808563,0.9946481299212598,0.9484498031496063,0.7914691446240707,0.9629713596258326
test,pure_no_h56,layer_affine_h8,32768,25,long-text,254,0.875,0.6409383458415354,0.9901574803149606,0.9266117125984252,0.7573128662265781,0.9664539814068811
test,pure_no_h56,mass_affine_h8,8192,2,long-code,254,0.875,0.7674089566929134,0.9975393700787402,0.9796690452755905,0.978965816889818,0.9905166214035845
test,pure_no_h56,mass_affine_h8,8192,2,long-text,254,0.875,0.7516724593996063,0.9964320866141733,0.9729638287401575,0.9808642991378793,0.9881661700291742
test,pure_no_h56,mass_affine_h8,8192,5,long-code,254,0.875,0.8199991541584646,1.0,0.9986851008858267,0.9870336597138512,0.9908065941555325
test,pure_no_h56,mass_affine_h8,8192,5,long-text,254,0.875,0.8233190821850394,0.9999692421259843,0.9975855068897638,0.9853970242194148,0.992550116887125
test,pure_no_h56,mass_affine_h8,8192,8,long-code,254,0.875,0.7986704908956693,1.0,0.9980314960629921,0.9876395576566303,0.9924475934930465
test,pure_no_h56,mass_affine_h8,8192,8,long-text,254,0.875,0.8206835168553149,1.0,0.9984313484251969,0.9863663586443375,0.9940283813941916
test,pure_no_h56,mass_affine_h8,8192,11,long-code,254,0.875,0.844730407234252,1.0,0.9993387057086615,0.9784276439639792,0.9954605790375785
test,pure_no_h56,mass_affine_h8,8192,11,long-text,254,0.875,0.8511703371062992,1.0,0.9994156003937008,0.9789580678627896,0.9961345839495335
test,pure_no_h56,mass_affine_h8,8192,14,long-code,254,0.875,0.8324214905265748,0.9999077263779528,0.9960091658464567,0.9708708629910734,0.9902972730112765
test,pure_no_h56,mass_affine_h8,8192,14,long-text,254,0.875,0.8230595626230315,0.9999077263779528,0.9973548228346457,0.9641240276596595,0.9913035345078064
test,pure_no_h56,mass_affine_h8,8192,17,long-code,254,0.875,0.7896411325049213,0.9990157480314961,0.9886580339566929,0.9679742361646202,0.9835432687466724
test,pure_no_h56,mass_affine_h8,8192,17,long-text,254,0.875,0.7593561608021654,0.9988312007874016,0.9819220595472441,0.9584233383449193,0.9817612802568687
test,pure_no_h56,mass_affine_h8,8192,21,long-code,254,0.875,0.8369025282972441,0.9999692421259843,0.9981468380905512,0.9821323480896379,0.9834611741251985
test,pure_no_h56,mass_affine_h8,8192,21,long-text,254,0.875,0.82325179933563,0.9999384842519685,0.9969242125984252,0.9541042806131447,0.9902554303535588
test,pure_no_h56,mass_affine_h8,8192,25,long-code,254,0.875,0.8052276851624016,1.0,0.9958246186023622,0.964717948486422,0.9813189592214432
test,pure_no_h56,mass_affine_h8,8192,25,long-text,254,0.875,0.7569954939714567,0.9999077263779528,0.9833369217519685,0.948165804155419,0.9824661925247884
test,pure_no_h56,mass_affine_h8,16384,2,long-code,254,0.875,0.7176465612696851,0.9835445374015748,0.9436285063976378,0.9388606428137244,0.9853389654289151
test,pure_no_h56,mass_affine_h8,16384,2,long-text,254,0.875,0.6822307917076772,0.9765625,0.9132781742125984,0.9086607146310169,0.9744984849767928
test,pure_no_h56,mass_affine_h8,16384,5,long-code,254,0.875,0.8275367556594488,0.9998154527559056,0.9966473917322834,0.9463424756459962,0.9767323120394757
test,pure_no_h56,mass_affine_h8,16384,5,long-text,254,0.875,0.7798312930610236,0.9960629921259843,0.9796536663385826,0.8938819430492925,0.9819997373278337
test,pure_no_h56,mass_affine_h8,16384,8,long-code,254,0.875,0.8392958753690944,0.9999077263779528,0.9979853592519685,0.9517517787877967,0.9587583313829591
test,pure_no_h56,mass_affine_h8,16384,8,long-text,254,0.875,0.7953255720964567,0.9976008858267716,0.9855514886811023,0.9026954594144286,0.948488108004115
test,pure_no_h56,mass_affine_h8,16384,11,long-code,254,0.875,0.835814468503937,0.9999692421259843,0.9982391117125984,0.9412070935929254,0.9936200945697343
test,pure_no_h56,mass_affine_h8,16384,11,long-text,254,0.875,0.8014137087844488,0.9995386318897638,0.9923720472440944,0.9137704205628082,0.9872535916820449
test,pure_no_h56,mass_affine_h8,16384,14,long-code,254,0.875,0.7893143300935039,0.9994463582677166,0.9895423228346457,0.9070102834758055,0.9879134867268686
test,pure_no_h56,mass_affine_h8,16384,14,long-text,254,0.875,0.7578413355068898,0.9961860236220472,0.9783695250984252,0.8741537925502424,0.9675768198383289
test,pure_no_h56,mass_affine_h8,16384,17,long-code,254,0.875,0.7312127060777559,0.9980314960629921,0.9730791707677166,0.9103024324425003,0.9776826248427688
test,pure_no_h56,mass_affine_h8,16384,17,long-text,254,0.875,0.6934478038877953,0.9943713090551181,0.950072281003937,0.8477820867614059,0.9625124279687629
test,pure_no_h56,mass_affine_h8,16384,21,long-code,254,0.875,0.7826763964074803,0.9996924212598425,0.9905035063976378,0.9371866032907137,0.9563604117956384
test,pure_no_h56,mass_affine_h8,16384,21,long-text,254,0.875,0.78760726808563,0.9995386318897638,0.989503875492126,0.8918495205115269,0.9848920430948771
test,pure_no_h56,mass_affine_h8,16384,25,long-code,254,0.875,0.7850216843011811,0.9992925688976378,0.9896961122047244,0.8964259447488243,0.9593371110535881
test,pure_no_h56,mass_affine_h8,16384,25,long-text,254,0.875,0.7393904558316929,0.9972010334645669,0.976324126476378,0.8542604402672083,0.9860066882084205
test,pure_no_h56,mass_affine_h8,32768,2,long-code,254,0.875,0.6558962844488189,0.9713336614173228,0.9054656742125984,0.8682277907634361,0.9786448237955796
test,pure_no_h56,mass_affine_h8,32768,2,long-text,254,0.875,0.6338621124507874,0.961429625984252,0.8796059916338582,0.8390938179692433,0.9672335627517621
test,pure_no_h56,mass_affine_h8,32768,5,long-code,254,0.875,0.7636449618602362,0.996831938976378,0.9812453863188977,0.8889172530147197,0.9701713642922897
test,pure_no_h56,mass_affine_h8,32768,5,long-text,254,0.875,0.7216527743602362,0.991941437007874,0.9561854084645669,0.8258128908673669,0.9681352631046951
test,pure_no_h56,mass_affine_h8,32768,8,long-code,254,0.875,0.7349459430364174,0.9964320866141733,0.969964936023622,0.8434827221785938,0.9358367634493607
test,pure_no_h56,mass_affine_h8,32768,8,long-text,254,0.875,0.7074733944389764,0.989142470472441,0.9496570497047244,0.7969025655404036,0.9292831209399954
test,pure_no_h56,mass_affine_h8,32768,11,long-code,254,0.875,0.7637737604576772,0.9986466535433071,0.983644500492126,0.8684230121531858,0.9922975483640357
test,pure_no_h56,mass_affine_h8,32768,11,long-text,254,0.875,0.7204878198818898,0.9948019192913385,0.9626830093503937,0.8321529027863205,0.9818927640856513
test,pure_no_h56,mass_affine_h8,32768,14,long-code,254,0.875,0.7159010519192913,0.9975393700787402,0.9659664124015748,0.8292429757792338,0.967240330684358
test,pure_no_h56,mass_affine_h8,32768,14,long-text,254,0.875,0.690679595226378,0.9794537401574803,0.938968688484252,0.795520271109516,0.9364317910358033
test,pure_no_h56,mass_affine_h8,32768,17,long-code,254,0.875,0.6879075418307087,0.9951094980314961,0.9533172367125984,0.8524239543911175,0.9718560462666108
test,pure_no_h56,mass_affine_h8,32768,17,long-text,254,0.875,0.646734282726378,0.9884657972440944,0.9234744094488189,0.7756027378013147,0.9612700549249458
test,pure_no_h56,mass_affine_h8,32768,21,long-code,254,0.875,0.7309185839074803,0.9978469488188977,0.9742787278543307,0.860989316718501,0.9532700433060384
test,pure_no_h56,mass_affine_h8,32768,21,long-text,254,0.875,0.7257570281742126,0.9980007381889764,0.9730176550196851,0.8283928646964434,0.9651954568182292
test,pure_no_h56,mass_affine_h8,32768,25,long-code,254,0.875,0.68213851808563,0.9946481299212598,0.9484498031496063,0.7914691446240707,0.9629713596258326
test,pure_no_h56,mass_affine_h8,32768,25,long-text,254,0.875,0.6409383458415354,0.9901574803149606,0.9266117125984252,0.7573128662265781,0.9664539814068811
test,pure_no_h56,mass_normalized_h8,8192,2,long-code,254,0.875,0.7674089566929134,0.9975393700787402,0.9796690452755905,0.978965816889818,0.9905166214035845
test,pure_no_h56,mass_normalized_h8,8192,2,long-text,254,0.875,0.7516724593996063,0.9964320866141733,0.9729638287401575,0.9808642991378793,0.9881661700291742
test,pure_no_h56,mass_normalized_h8,8192,5,long-code,254,0.875,0.8199991541584646,1.0,0.9986851008858267,0.9870336597138512,0.9908065941555325
test,pure_no_h56,mass_normalized_h8,8192,5,long-text,254,0.875,0.8233190821850394,0.9999692421259843,0.9975855068897638,0.9853970242194148,0.992550116887125
test,pure_no_h56,mass_normalized_h8,8192,8,long-code,254,0.875,0.7986704908956693,1.0,0.9980314960629921,0.9876396026035467,0.9924475823807527
test,pure_no_h56,mass_normalized_h8,8192,8,long-text,254,0.875,0.8206835168553149,1.0,0.9984313484251969,0.9863663586443375,0.9940283813941916
test,pure_no_h56,mass_normalized_h8,8192,11,long-code,254,0.875,0.844730407234252,1.0,0.9993387057086615,0.9784276439639792,0.9954605790375785
test,pure_no_h56,mass_normalized_h8,8192,11,long-text,254,0.875,0.8511703371062992,1.0,0.9994156003937008,0.9789580678627896,0.9961345839495335
test,pure_no_h56,mass_normalized_h8,8192,14,long-code,254,0.875,0.8324214905265748,0.9999077263779528,0.9960091658464567,0.9708708629910734,0.9902972730112765
test,pure_no_h56,mass_normalized_h8,8192,14,long-text,254,0.875,0.8230595626230315,0.9999077263779528,0.9973548228346457,0.9641240276596595,0.9913035345078064
test,pure_no_h56,mass_normalized_h8,8192,17,long-code,254,0.875,0.7896411325049213,0.9990157480314961,0.9886580339566929,0.9679742361646202,0.9835432687466724
test,pure_no_h56,mass_normalized_h8,8192,17,long-text,254,0.875,0.7593561608021654,0.9988312007874016,0.9819220595472441,0.9584233383449193,0.9817612802568687
test,pure_no_h56,mass_normalized_h8,8192,21,long-code,254,0.875,0.8369025282972441,0.9999692421259843,0.9981468380905512,0.9821323480896379,0.9834611741251985
test,pure_no_h56,mass_normalized_h8,8192,21,long-text,254,0.875,0.82325179933563,0.9999384842519685,0.9969242125984252,0.9541042806131447,0.9902554303535588
test,pure_no_h56,mass_normalized_h8,8192,25,long-code,254,0.875,0.8052276851624016,1.0,0.9958246186023622,0.964717948486422,0.9813189592214432
test,pure_no_h56,mass_normalized_h8,8192,25,long-text,254,0.875,0.7569954939714567,0.9999077263779528,0.9833369217519685,0.948165804155419,0.9824661925247884
test,pure_no_h56,mass_normalized_h8,16384,2,long-code,254,0.875,0.7176465612696851,0.9835445374015748,0.9436285063976378,0.9388606428137244,0.9853389654289151
test,pure_no_h56,mass_normalized_h8,16384,2,long-text,254,0.875,0.6822307917076772,0.9765625,0.9132781742125984,0.9086607146310169,0.9744984849767928
test,pure_no_h56,mass_normalized_h8,16384,5,long-code,254,0.875,0.8275367556594488,0.9998154527559056,0.9966473917322834,0.9463424756459962,0.9767323120394757
test,pure_no_h56,mass_normalized_h8,16384,5,long-text,254,0.875,0.7798312930610236,0.9960629921259843,0.9796536663385826,0.8938819430492925,0.9819997373278337
test,pure_no_h56,mass_normalized_h8,16384,8,long-code,254,0.875,0.8392958753690944,0.9999077263779528,0.9979853592519685,0.9517517787877967,0.9587583313829591
test,pure_no_h56,mass_normalized_h8,16384,8,long-text,254,0.875,0.7953255720964567,0.9976008858267716,0.9855514886811023,0.9026954594144286,0.948488108004115
test,pure_no_h56,mass_normalized_h8,16384,11,long-code,254,0.875,0.835814468503937,0.9999692421259843,0.9982391117125984,0.9412070935929254,0.9936200945697343
test,pure_no_h56,mass_normalized_h8,16384,11,long-text,254,0.875,0.8014137087844488,0.9995386318897638,0.9923720472440944,0.9137704205628082,0.9872535916820449
test,pure_no_h56,mass_normalized_h8,16384,14,long-code,254,0.875,0.7893143300935039,0.9994463582677166,0.9895423228346457,0.9070102834758055,0.9879134867268686
test,pure_no_h56,mass_normalized_h8,16384,14,long-text,254,0.875,0.7578413355068898,0.9961860236220472,0.9783695250984252,0.8741537925502424,0.9675768198383289
test,pure_no_h56,mass_normalized_h8,16384,17,long-code,254,0.875,0.7312127060777559,0.9980314960629921,0.9730791707677166,0.9103024324425003,0.9776826248427688
test,pure_no_h56,mass_normalized_h8,16384,17,long-text,254,0.875,0.6934478038877953,0.9943713090551181,0.950072281003937,0.8477820867614059,0.9625124279687629
test,pure_no_h56,mass_normalized_h8,16384,21,long-code,254,0.875,0.7826763964074803,0.9996924212598425,0.9905035063976378,0.9371866032907137,0.9563604117956384
test,pure_no_h56,mass_normalized_h8,16384,21,long-text,254,0.875,0.78760726808563,0.9995386318897638,0.989503875492126,0.8918495205115269,0.9848920430948771
test,pure_no_h56,mass_normalized_h8,16384,25,long-code,254,0.875,0.7850216843011811,0.9992925688976378,0.9896961122047244,0.8964259447488243,0.9593371110535881
test,pure_no_h56,mass_normalized_h8,16384,25,long-text,254,0.875,0.7393904558316929,0.9972010334645669,0.976324126476378,0.8542604402672083,0.9860066882084205
test,pure_no_h56,mass_normalized_h8,32768,2,long-code,254,0.875,0.6558962844488189,0.9713336614173228,0.9054656742125984,0.8682277907634361,0.9786448237955796
test,pure_no_h56,mass_normalized_h8,32768,2,long-text,254,0.875,0.6338621124507874,0.961429625984252,0.8796059916338582,0.8390938179692433,0.9672335627517621
test,pure_no_h56,mass_normalized_h8,32768,5,long-code,254,0.875,0.7636449618602362,0.996831938976378,0.9812453863188977,0.8889172530147197,0.9701713642922897
test,pure_no_h56,mass_normalized_h8,32768,5,long-text,254,0.875,0.7216527743602362,0.991941437007874,0.9561854084645669,0.8258128908673669,0.9681352631046951
test,pure_no_h56,mass_normalized_h8,32768,8,long-code,254,0.875,0.7349459430364174,0.9964320866141733,0.969964936023622,0.8434827221785938,0.9358367634493607
test,pure_no_h56,mass_normalized_h8,32768,8,long-text,254,0.875,0.7074733944389764,0.989142470472441,0.9496570497047244,0.7969025655404036,0.9292831209399954
test,pure_no_h56,mass_normalized_h8,32768,11,long-code,254,0.875,0.7637737604576772,0.9986466535433071,0.983644500492126,0.8684230121531858,0.9922975483640357
test,pure_no_h56,mass_normalized_h8,32768,11,long-text,254,0.875,0.7204878198818898,0.9948019192913385,0.9626830093503937,0.8321529027863205,0.9818927640856513
test,pure_no_h56,mass_normalized_h8,32768,14,long-code,254,0.875,0.7159010519192913,0.9975393700787402,0.9659664124015748,0.8292429757792338,0.967240330684358
test,pure_no_h56,mass_normalized_h8,32768,14,long-text,254,0.875,0.690679595226378,0.9794537401574803,0.938968688484252,0.795520271109516,0.9364317910358033
test,pure_no_h56,mass_normalized_h8,32768,17,long-code,254,0.875,0.6879075418307087,0.9951094980314961,0.9533172367125984,0.8524239543911175,0.9718560462666108
test,pure_no_h56,mass_normalized_h8,32768,17,long-text,254,0.875,0.646734282726378,0.9884657972440944,0.9234744094488189,0.7756027378013147,0.9612700549249458
test,pure_no_h56,mass_normalized_h8,32768,21,long-code,254,0.875,0.7309185839074803,0.9978469488188977,0.9742787278543307,0.860989316718501,0.9532700433060384
test,pure_no_h56,mass_normalized_h8,32768,21,long-text,254,0.875,0.7257570281742126,0.9980007381889764,0.9730176550196851,0.8283928646964434,0.9651954568182292
test,pure_no_h56,mass_normalized_h8,32768,25,long-code,254,0.875,0.68213851808563,0.9946481299212598,0.9484498031496063,0.7914691446240707,0.9629713596258326
test,pure_no_h56,mass_normalized_h8,32768,25,long-text,254,0.875,0.6409383458415354,0.9901574803149606,0.9266117125984252,0.7573128662265781,0.9664539814068811
test,pure_no_h56,prev_full,8192,2,long-code,254,1.0,0.792595810777559,0.992064468503937,0.9913724163385826,0.9016778189174889,0.9376023268321708
test,pure_no_h56,prev_full,8192,2,long-text,254,1.0,0.7973882720226378,0.9921875,0.9926565575787402,0.9071691719136353,0.9438751434578723
test,pure_no_h56,prev_full,8192,5,long-code,254,1.0,0.8335076279527559,0.9921875,0.9958246186023622,0.9480682117394127,0.9695161200755126
test,pure_no_h56,prev_full,8192,5,long-text,254,1.0,0.8024460199311023,0.9844365157480315,0.974371001476378,0.9439983222198068,0.9609128624462885
test,pure_no_h56,prev_full,8192,8,long-code,254,1.0,0.8044587383120079,0.991941437007874,0.9929641363188977,0.9559254533871262,0.9577582987929565
test,pure_no_h56,prev_full,8192,8,long-text,254,1.0,0.8005563330462598,0.9823449803149606,0.9794460506889764,0.9509521819461816,0.9593208957741225
test,pure_no_h56,prev_full,8192,11,long-code,254,1.0,0.821410171628937,0.991695374015748,0.9938484251968503,0.9442655025987882,0.9143354415102598
test,pure_no_h56,prev_full,8192,11,long-text,254,1.0,0.833742156742126,0.9909879429133859,0.9909418061023622,0.9334769851644905,0.9177557436100997
test,pure_no_h56,prev_full,8192,14,long-code,254,1.0,0.805539108636811,0.9917876476377953,0.9903266486220472,0.9515878429983678,0.9587217615988856
test,pure_no_h56,prev_full,8192,14,long-text,254,1.0,0.8238054410679134,0.9926488681102362,0.9943097933070866,0.9528048197069595,0.9599409887735397
test,pure_no_h56,prev_full,8192,17,long-code,254,1.0,0.7707096610482284,0.9883735236220472,0.97265625,0.9541073960809582,0.9306576142439578
test,pure_no_h56,prev_full,8192,17,long-text,254,1.0,0.7789470041830708,0.9896038385826772,0.9770161786417323,0.9521717253199873,0.9365279684610778
test,pure_no_h56,prev_full,8192,21,long-code,254,1.0,0.7940875676673228,0.9926181102362205,0.9886195866141733,0.9730299227404795,0.9734785055038222
test,pure_no_h56,prev_full,8192,21,long-text,254,1.0,0.7598521315206693,0.9885888287401575,0.9681963582677166,0.9259886022328419,0.9806128994517513
test,pure_no_h56,prev_full,8192,25,long-code,254,1.0,0.8064253198818898,0.9921259842519685,0.9918107160433071,0.9513166906399898,0.9683009834850287
test,pure_no_h56,prev_full,8192,25,long-text,254,1.0,0.7913578063484252,0.9916031003937008,0.9839520792322834,0.9464861787720332,0.9676682375426339
test,pure_no_h56,prev_full,16384,2,long-code,254,1.0,0.7480103500246063,0.9912647637795275,0.9775698203740157,0.8853862215617102,0.9371641676753675
test,pure_no_h56,prev_full,16384,2,long-text,254,1.0,0.7559689499261811,0.9912340059055118,0.9761165108267716,0.8855584631165903,0.9366778266564284
test,pure_no_h56,prev_full,16384,5,long-code,254,1.0,0.7829993540846457,0.9910187007874016,0.9830831692913385,0.9026695787002385,0.9692738340489292
test,pure_no_h56,prev_full,16384,5,long-text,254,1.0,0.7368990680364174,0.9760088582677166,0.9534402682086615,0.8545757865962198,0.9520269058601023
test,pure_no_h56,prev_full,16384,8,long-code,254,1.0,0.7877476008858267,0.9883120078740157,0.9781542199803149,0.9123735645289145,0.9452077780694333
test,pure_no_h56,prev_full,16384,8,long-text,254,1.0,0.737054779773622,0.9705031988188977,0.943597748523622,0.8511830727464607,0.9331195902825706
test,pure_no_h56,prev_full,16384,11,long-code,254,1.0,0.7917345903051181,0.9894500492125984,0.9828832431102362,0.8998963254675966,0.9078286869052161
test,pure_no_h56,prev_full,16384,11,long-text,254,1.0,0.7510207769438977,0.9865895669291339,0.9685654527559056,0.8635463472845621,0.9039128327648975
test,pure_no_h56,prev_full,16384,14,long-code,254,1.0,0.7277985820620079,0.9867433562992126,0.9583000123031497,0.8592249390421797,0.9568586090719525
test,pure_no_h56,prev_full,16384,14,long-text,254,1.0,0.7053664800688977,0.9849593996062992,0.94798843503937,0.8324563225428891,0.9556465555904161
test,pure_no_h56,prev_full,16384,17,long-code,254,1.0,0.7024348702017716,0.9839136318897638,0.9459737942913385,0.8810149296313436,0.9388003511766885
test,pure_no_h56,prev_full,16384,17,long-text,254,1.0,0.6566882997047244,0.9654589074803149,0.9031280757874016,0.80955480906472,0.9176832056155366
test,pure_no_h56,prev_full,16384,21,long-code,254,1.0,0.7516186331200787,0.9946788877952756,0.9780696358267716,0.9218877197229751,0.9690238764758071
test,pure_no_h56,prev_full,16384,21,long-text,254,1.0,0.6928095780019685,0.9848363681102362,0.9346241387795275,0.8254302310338597,0.964028033357846
test,pure_no_h56,prev_full,16384,25,long-code,254,1.0,0.7358725239911418,0.991818405511811,0.9669275959645669,0.8611892386522462,0.9508219367633354
test,pure_no_h56,prev_full,16384,25,long-text,254,1.0,0.7442367433562992,0.9855130413385826,0.959837906003937,0.8480095330266293,0.9467359340394477
test,pure_no_h56,prev_full,32768,2,long-code,254,1.0,0.6865907203494095,0.9868663877952756,0.9428057332677166,0.8414712999033043,0.9331483087945912
test,pure_no_h56,prev_full,32768,2,long-text,254,1.0,0.7033825971948819,0.9857283464566929,0.9481883612204725,0.8465008905601002,0.9286943286913933
test,pure_no_h56,prev_full,32768,5,long-code,254,1.0,0.6936400406003937,0.9829293799212598,0.9416138656496063,0.8266154845781567,0.9602863348606087
test,pure_no_h56,prev_full,32768,5,long-text,254,1.0,0.6524879275344488,0.942144438976378,0.8911555733267716,0.7578504374824818,0.9454476450564889
test,pure_no_h56,prev_full,32768,8,long-code,254,1.0,0.6467765748031497,0.9595533956692913,0.8909633366141733,0.7605089457741689,0.9168588914307952
test,pure_no_h56,prev_full,32768,8,long-text,254,1.0,0.6316936823326772,0.9347625492125984,0.8649344857283464,0.7190429354885214,0.936012773794323
test,pure_no_h56,prev_full,32768,11,long-code,254,1.0,0.7118275559793307,0.98046875,0.9463967150590551,0.8175552000499996,0.8794812651273669
test,pure_no_h56,prev_full,32768,11,long-text,254,1.0,0.6905815545029528,0.976685531496063,0.933347687007874,0.7928463840747872,0.8947420234681964
test,pure_no_h56,prev_full,32768,14,long-code,254,1.0,0.6396330585629921,0.9692113681102362,0.9010365403543307,0.7615694696662687,0.9476982624427842
test,pure_no_h56,prev_full,32768,14,long-text,254,1.0,0.6440583476870079,0.9634288877952756,0.897707000492126,0.7521675087693271,0.9548270652424395
test,pure_no_h56,prev_full,32768,17,long-code,254,1.0,0.6187830647145669,0.957769438976378,0.876222625492126,0.7954346045456084,0.9176060122673003
test,pure_no_h56,prev_full,32768,17,long-text,254,1.0,0.6252326064222441,0.9568774606299213,0.8808209276574803,0.7463730240782668,0.9113629407156371
test,pure_no_h56,prev_full,32768,21,long-code,254,1.0,0.6566210168553149,0.9840674212598425,0.9226823941929134,0.8081432106611706,0.9574872668188785
test,pure_no_h56,prev_full,32768,21,long-text,254,1.0,0.6270569328248031,0.977423720472441,0.899298720472441,0.7479152965192545,0.9465647436048832
test,pure_no_h56,prev_full,32768,25,long-code,254,1.0,0.6182813268946851,0.9644131397637795,0.8813361220472441,0.7300906205676998,0.9596802089845473
test,pure_no_h56,prev_full,32768,25,long-text,254,1.0,0.6418937623031497,0.9773622047244095,0.91087906003937,0.7518959250132221,0.9500405501990996
test,pure_no_h56,raw_h8,8192,2,long-code,254,0.875,0.7674089566929134,0.9975393700787402,0.9796690452755905,0.978965816889818,0.9905166214035845
test,pure_no_h56,raw_h8,8192,2,long-text,254,0.875,0.7516724593996063,0.9964320866141733,0.9729638287401575,0.9808642991378793,0.9881661700291742
test,pure_no_h56,raw_h8,8192,5,long-code,254,0.875,0.8199991541584646,1.0,0.9986851008858267,0.9870336597138512,0.9908065941555325
test,pure_no_h56,raw_h8,8192,5,long-text,254,0.875,0.8233190821850394,0.9999692421259843,0.9975855068897638,0.9853970242194148,0.992550116887125
test,pure_no_h56,raw_h8,8192,8,long-code,254,0.875,0.7986704908956693,1.0,0.9980314960629921,0.9876396026035467,0.9924475823807527
test,pure_no_h56,raw_h8,8192,8,long-text,254,0.875,0.8206835168553149,1.0,0.9984313484251969,0.9863663586443375,0.9940283813941916
test,pure_no_h56,raw_h8,8192,11,long-code,254,0.875,0.844730407234252,1.0,0.9993387057086615,0.9784276439639792,0.9954605790375785
test,pure_no_h56,raw_h8,8192,11,long-text,254,0.875,0.8511703371062992,1.0,0.9994156003937008,0.9789580678627896,0.9961345839495335
test,pure_no_h56,raw_h8,8192,14,long-code,254,0.875,0.8324214905265748,0.9999077263779528,0.9960091658464567,0.9708708629910734,0.9902972730112765
test,pure_no_h56,raw_h8,8192,14,long-text,254,0.875,0.8230595626230315,0.9999077263779528,0.9973548228346457,0.9641240276596595,0.9913035345078064
test,pure_no_h56,raw_h8,8192,17,long-code,254,0.875,0.7896411325049213,0.9990157480314961,0.9886580339566929,0.9679742361646202,0.9835432687466724
test,pure_no_h56,raw_h8,8192,17,long-text,254,0.875,0.7593561608021654,0.9988312007874016,0.9819220595472441,0.9584233383449193,0.9817612802568687
test,pure_no_h56,raw_h8,8192,21,long-code,254,0.875,0.8369025282972441,0.9999692421259843,0.9981468380905512,0.9821323480896379,0.9834611741251985
test,pure_no_h56,raw_h8,8192,21,long-text,254,0.875,0.82325179933563,0.9999384842519685,0.9969242125984252,0.9541042806131447,0.9902554303535588
test,pure_no_h56,raw_h8,8192,25,long-code,254,0.875,0.8052276851624016,1.0,0.9958246186023622,0.964717948486422,0.9813189592214432
test,pure_no_h56,raw_h8,8192,25,long-text,254,0.875,0.7569954939714567,0.9999077263779528,0.9833369217519685,0.948165804155419,0.9824661925247884
test,pure_no_h56,raw_h8,16384,2,long-code,254,0.875,0.7176465612696851,0.9835445374015748,0.9436285063976378,0.9388606428137244,0.9853389654289151
test,pure_no_h56,raw_h8,16384,2,long-text,254,0.875,0.6822307917076772,0.9765625,0.9132781742125984,0.9086607146310169,0.9744984849767928
test,pure_no_h56,raw_h8,16384,5,long-code,254,0.875,0.8275367556594488,0.9998154527559056,0.9966473917322834,0.9463424756459962,0.9767323120394757
test,pure_no_h56,raw_h8,16384,5,long-text,254,0.875,0.7798312930610236,0.9960629921259843,0.9796536663385826,0.8938819430492925,0.9819997373278337
test,pure_no_h56,raw_h8,16384,8,long-code,254,0.875,0.8392958753690944,0.9999077263779528,0.9979853592519685,0.9517517787877967,0.9587583313829591
test,pure_no_h56,raw_h8,16384,8,long-text,254,0.875,0.7953255720964567,0.9976008858267716,0.9855514886811023,0.9026954594144286,0.948488108004115
test,pure_no_h56,raw_h8,16384,11,long-code,254,0.875,0.835814468503937,0.9999692421259843,0.9982391117125984,0.9412070935929254,0.9936200945697343
test,pure_no_h56,raw_h8,16384,11,long-text,254,0.875,0.8014137087844488,0.9995386318897638,0.9923720472440944,0.9137704205628082,0.9872535916820449
test,pure_no_h56,raw_h8,16384,14,long-code,254,0.875,0.7893143300935039,0.9994463582677166,0.9895423228346457,0.9070102834758055,0.9879134867268686
test,pure_no_h56,raw_h8,16384,14,long-text,254,0.875,0.7578413355068898,0.9961860236220472,0.9783695250984252,0.8741537925502424,0.9675768198383289
test,pure_no_h56,raw_h8,16384,17,long-code,254,0.875,0.7312127060777559,0.9980314960629921,0.9730791707677166,0.9103024324425003,0.9776826248427688
test,pure_no_h56,raw_h8,16384,17,long-text,254,0.875,0.6934478038877953,0.9943713090551181,0.950072281003937,0.8477820867614059,0.9625124279687629
test,pure_no_h56,raw_h8,16384,21,long-code,254,0.875,0.7826763964074803,0.9996924212598425,0.9905035063976378,0.9371866032907137,0.9563604117956384
test,pure_no_h56,raw_h8,16384,21,long-text,254,0.875,0.78760726808563,0.9995386318897638,0.989503875492126,0.8918495205115269,0.9848920430948771
test,pure_no_h56,raw_h8,16384,25,long-code,254,0.875,0.7850216843011811,0.9992925688976378,0.9896961122047244,0.8964259447488243,0.9593371110535881
test,pure_no_h56,raw_h8,16384,25,long-text,254,0.875,0.7393904558316929,0.9972010334645669,0.976324126476378,0.8542604402672083,0.9860066882084205
test,pure_no_h56,raw_h8,32768,2,long-code,254,0.875,0.6558962844488189,0.9713336614173228,0.9054656742125984,0.8682277907634361,0.9786448237955796
test,pure_no_h56,raw_h8,32768,2,long-text,254,0.875,0.6338621124507874,0.961429625984252,0.8796059916338582,0.8390938179692433,0.9672335627517621
test,pure_no_h56,raw_h8,32768,5,long-code,254,0.875,0.7636449618602362,0.996831938976378,0.9812453863188977,0.8889172530147197,0.9701713642922897
test,pure_no_h56,raw_h8,32768,5,long-text,254,0.875,0.7216527743602362,0.991941437007874,0.9561854084645669,0.8258128908673669,0.9681352631046951
test,pure_no_h56,raw_h8,32768,8,long-code,254,0.875,0.7349459430364174,0.9964320866141733,0.969964936023622,0.8434827221785938,0.9358367634493607
test,pure_no_h56,raw_h8,32768,8,long-text,254,0.875,0.7074733944389764,0.989142470472441,0.9496570497047244,0.7969025655404036,0.9292831209399954
test,pure_no_h56,raw_h8,32768,11,long-code,254,0.875,0.7637737604576772,0.9986466535433071,0.983644500492126,0.8684230121531858,0.9922975483640357
test,pure_no_h56,raw_h8,32768,11,long-text,254,0.875,0.7204878198818898,0.9948019192913385,0.9626830093503937,0.8321529027863205,0.9818927640856513
test,pure_no_h56,raw_h8,32768,14,long-code,254,0.875,0.7159010519192913,0.9975393700787402,0.9659664124015748,0.8292429757792338,0.967240330684358
test,pure_no_h56,raw_h8,32768,14,long-text,254,0.875,0.690679595226378,0.9794537401574803,0.938968688484252,0.795520271109516,0.9364317910358033
test,pure_no_h56,raw_h8,32768,17,long-code,254,0.875,0.6879075418307087,0.9951094980314961,0.9533172367125984,0.8524239543911175,0.9718560462666108
test,pure_no_h56,raw_h8,32768,17,long-text,254,0.875,0.646734282726378,0.9884657972440944,0.9234744094488189,0.7756027378013147,0.9612700549249458
test,pure_no_h56,raw_h8,32768,21,long-code,254,0.875,0.7309185839074803,0.9978469488188977,0.9742787278543307,0.860989316718501,0.9532700433060384
test,pure_no_h56,raw_h8,32768,21,long-text,254,0.875,0.7257570281742126,0.9980007381889764,0.9730176550196851,0.8283928646964434,0.9651954568182292
test,pure_no_h56,raw_h8,32768,25,long-code,254,0.875,0.68213851808563,0.9946481299212598,0.9484498031496063,0.7914691446240707,0.9629713596258326
test,pure_no_h56,raw_h8,32768,25,long-text,254,0.875,0.6409383458415354,0.9901574803149606,0.9266117125984252,0.7573128662265781,0.9664539814068811
test,pure_no_h56,t1_global,8192,2,long-code,254,0.875,0.8397111066683071,1.0,0.9979853592519685,0.9885242670012183,0.9983883860558544
test,pure_no_h56,t1_global,8192,2,long-text,254,0.875,0.8299051119586615,0.9999692421259843,0.9967781126968503,0.9899068598884337,0.9974980719040961
test,pure_no_h56,t1_global,8192,5,long-code,254,0.875,0.8782488004429134,1.0,0.9999615526574803,0.9923261581574853,0.9961619125095958
test,pure_no_h56,t1_global,8192,5,long-text,254,0.875,0.8725758950541339,0.9999692421259843,0.9988619586614174,0.9903009126294419,0.9962905065326111
test,pure_no_h56,t1_global,8192,8,long-code,254,0.875,0.8618663877952756,1.0,0.9998462106299213,0.9923271655761005,0.9972888217345439
test,pure_no_h56,t1_global,8192,8,long-text,254,0.875,0.8705266516978346,1.0,0.9983852116141733,0.9907224029868689,0.9964665356032043
test,pure_no_h56,t1_global,8192,11,long-code,254,0.875,0.8863400436761811,1.0,0.9999769315944882,0.9854076960686083,0.9988283503712027
test,pure_no_h56,t1_global,8192,11,long-text,254,0.875,0.8924877737450787,1.0,0.9999615526574803,0.9856392436416458,0.9989400876369767
test,pure_no_h56,t1_global,8192,14,long-code,254,0.875,0.876339889886811,0.9999692421259843,0.9997923843503937,0.9804237754296715,0.9970020855601854
test,pure_no_h56,t1_global,8192,14,long-text,254,0.875,0.8754421444389764,1.0,0.9999077263779528,0.9771563395361337,0.9978946754273014
test,pure_no_h56,t1_global,8192,17,long-code,254,0.875,0.8449630136564961,0.9999077263779528,0.9981083907480315,0.9780178980814702,0.996172562287866
test,pure_no_h56,t1_global,8192,17,long-text,254,0.875,0.8322465551181102,1.0,0.998169906496063,0.9742807728298342,0.9944361671451843
test,pure_no_h56,t1_global,8192,21,long-code,254,0.875,0.8759381151574803,1.0,0.9998615895669292,0.9873920954418065,0.9930671395594205
test,pure_no_h56,t1_global,8192,21,long-text,254,0.875,0.8605514886811023,1.0,0.9996385949803149,0.9652518427953618,0.9969416284529764
test,pure_no_h56,t1_global,8192,25,long-code,254,0.875,0.8648518239419292,1.0,0.9998692790354331,0.9786628235267542,0.9926535017596745
test,pure_no_h56,t1_global,8192,25,long-text,254,0.875,0.840084045890748,1.0,0.9993387057086615,0.9698413115010949,0.9947865688892691
test,pure_no_h56,t1_global,16384,2,long-code,254,0.875,0.8133669875738189,0.9994771161417323,0.9927795890748031,0.9693565658771679,0.9983806675318708
test,pure_no_h56,t1_global,16384,2,long-text,254,0.875,0.7993933009350394,0.9994771161417323,0.988888718011811,0.954843967769441,0.994262566468776
test,pure_no_h56,t1_global,16384,5,long-code,254,0.875,0.8694482037401575,1.0,0.9996155265748031,0.9623809612983932,0.9874937008365764
test,pure_no_h56,t1_global,16384,5,long-text,254,0.875,0.8311988650344488,0.9980930118110236,0.9918260949803149,0.9245396384673049,0.9863791067692792
test,pure_no_h56,t1_global,16384,8,long-code,254,0.875,0.870847687007874,0.999876968503937,0.9993387057086615,0.9632755267088866,0.9882116498263
test,pure_no_h56,t1_global,16384,8,long-text,254,0.875,0.840576171875,0.9985851377952756,0.9940329724409449,0.9291818156541893,0.9792772917373584
test,pure_no_h56,t1_global,16384,11,long-code,254,0.875,0.8767647330216536,1.0,0.9998923474409449,0.9589121474897278,0.9998307890284577
test,pure_no_h56,t1_global,16384,11,long-text,254,0.875,0.844841904527559,0.9999692421259843,0.9984390378937008,0.9368862338614676,0.9961200209173816
test,pure_no_h56,t1_global,16384,14,long-code,254,0.875,0.8359528789370079,0.9999077263779528,0.9978315698818898,0.9325801796988021,0.9938751171761898
test,pure_no_h56,t1_global,16384,14,long-text,254,0.875,0.813472717765748,0.9992002952755905,0.9944020669291339,0.9096413735768355,0.9881007031286841
test,pure_no_h56,t1_global,16384,17,long-code,254,0.875,0.8006793645423228,0.9996924212598425,0.9954093873031497,0.9388225383096995,0.9914098672261853
test,pure_no_h56,t1_global,16384,17,long-text,254,0.875,0.7681567575049213,0.999507874015748,0.9873969611220472,0.893232071710583,0.9806275471547808
test,pure_no_h56,t1_global,16384,21,long-code,254,0.875,0.8358855960875984,1.0,0.9991003321850394,0.9560654033520153,0.9760468036865486
test,pure_no_h56,t1_global,16384,21,long-text,254,0.875,0.8226654773622047,0.9999692421259843,0.997316375492126,0.9138258578454882,0.9913936517845406
test,pure_no_h56,t1_global,16384,25,long-code,254,0.875,0.832767516609252,0.9988004429133859,0.9974240280511811,0.9252074850593575,0.9624247652982066
test,pure_no_h56,t1_global,16384,25,long-text,254,0.875,0.8162486158956693,0.9986774114173228,0.9954709030511811,0.904842241757749,0.9874749418181731
test,pure_no_h56,t1_global,32768,2,long-code,254,0.875,0.7683182363435039,0.9987081692913385,0.9833215428149606,0.9268451331431359,0.9981310899747384
test,pure_no_h56,t1_global,32768,2,long-text,254,0.875,0.7642505075049213,0.9977546751968503,0.9791077140748031,0.9140520010841842,0.992111183680904
test,pure_no_h56,t1_global,32768,5,long-code,254,0.875,0.8131612942913385,0.999876968503937,0.9957707923228346,0.9180830095462676,0.9875764520652391
test,pure_no_h56,t1_global,32768,5,long-text,254,0.875,0.7771322896161418,0.9911417322834646,0.9741018700787402,0.8662393217715129,0.9794024885724016
test,pure_no_h56,t1_global,32768,8,long-code,254,0.875,0.7807155819389764,0.99732406496063,0.9855207308070866,0.8759515893296571,0.9718766100883683
test,pure_no_h56,t1_global,32768,8,long-text,254,0.875,0.7643350916584646,0.991326279527559,0.9695497047244095,0.8410459392383449,0.965400932309582
test,pure_no_h56,t1_global,32768,11,long-code,254,0.875,0.8184189683809056,0.9997846948818898,0.9962936761811023,0.9049260751975073,1.000401249489377
test,pure_no_h56,t1_global,32768,11,long-text,254,0.875,0.790402389886811,0.9992310531496063,0.9895884596456693,0.8822095121975388,0.9965298731769394
test,pure_no_h56,t1_global,32768,14,long-code,254,0.875,0.7739104023129921,0.9994156003937008,0.9884504183070866,0.8714332878780777,0.9859346184738423
test,pure_no_h56,t1_global,32768,14,long-text,254,0.875,0.7623954232283464,0.995232529527559,0.9773852731299213,0.8520353392140673,0.9768023096451847
test,pure_no_h56,t1_global,32768,17,long-code,254,0.875,0.754146545890748,0.9989849901574803,0.9852515994094488,0.8901918737034359,0.9780932540687038
test,pure_no_h56,t1_global,32768,17,long-text,254,0.875,0.7354207677165354,0.9983390748031497,0.977416031003937,0.8422930243596728,0.9758906050003534
test,pure_no_h56,t1_global,32768,21,long-code,254,0.875,0.7840412770669292,0.9996924212598425,0.9932486466535433,0.8943122375322144,0.9727006698206102
test,pure_no_h56,t1_global,32768,21,long-text,254,0.875,0.7779915877214567,0.9998154527559056,0.9913724163385826,0.866485859780828,0.9774482540119978
test,pure_no_h56,t1_global,32768,25,long-code,254,0.875,0.7526048074557087,0.9976316437007874,0.9835752952755905,0.8466709001138519,0.9782180861079965
test,pure_no_h56,t1_global,32768,25,long-text,254,0.875,0.7411263533464567,0.9968934547244095,0.9829216904527559,0.8361711072227154,0.9721881863947174
test,pure_no_h56,t1_layer,8192,2,long-code,254,0.875,0.8407414954478346,1.0,0.9981468380905512,0.9886144262823141,0.998516306692509
test,pure_no_h56,t1_layer,8192,2,long-text,254,0.875,0.8315660371555118,1.0,0.9970472440944882,0.990046439619141,0.9976707733637749
test,pure_no_h56,t1_layer,8192,5,long-code,254,0.875,0.8791350116879921,1.0,0.9999615526574803,0.9923668950520944,0.9962405007510586
test,pure_no_h56,t1_layer,8192,5,long-text,254,0.875,0.8728796290600394,0.9999692421259843,0.9985774483267716,0.9902749566480741,0.9962607831962241
test,pure_no_h56,t1_layer,8192,8,long-code,254,0.875,0.8540481206938977,1.0,0.9999615526574803,0.9920182992803521,0.9965518719424451
test,pure_no_h56,t1_layer,8192,8,long-text,254,0.875,0.865964874507874,1.0,0.9994694266732284,0.9906361834819053,0.9963880559353324
test,pure_no_h56,t1_layer,8192,11,long-code,254,0.875,0.8844542015255905,1.0,0.9999692421259843,0.9851973525563862,0.9984962556673067
test,pure_no_h56,t1_layer,8192,11,long-text,254,0.875,0.8904923566683071,1.0,0.9999769315944882,0.9855005607413162,0.9986978717673876
test,pure_no_h56,t1_layer,8192,14,long-code,254,0.875,0.8758073941929134,0.9999692421259843,0.9997923843503937,0.9804364578041025,0.9966704539147383
test,pure_no_h56,t1_layer,8192,14,long-text,254,0.875,0.8737446942667323,1.0,0.9999077263779528,0.9768454592574503,0.9975817793069576
test,pure_no_h56,t1_layer,8192,17,long-code,254,0.875,0.8438960999015748,0.9999077263779528,0.9981391486220472,0.9779729713504256,0.9958047867601266
test,pure_no_h56,t1_layer,8192,17,long-text,254,0.875,0.8292438176673228,1.0,0.9979930487204725,0.973803385363544,0.993399568147934
test,pure_no_h56,t1_layer,8192,21,long-code,254,0.875,0.8733352300688977,1.0,0.9998231422244095,0.9873397190159776,0.9909061996506601
test,pure_no_h56,t1_layer,8192,21,long-text,254,0.875,0.8576487143208661,1.0,0.9995847687007874,0.9645726202329521,0.9955343071365707
test,pure_no_h56,t1_layer,8192,25,long-code,254,0.875,0.860720656988189,1.0,0.9998154527559056,0.9777946311748574,0.991323643688861
test,pure_no_h56,t1_layer,8192,25,long-text,254,0.875,0.8318697711614174,1.0,0.9992002952755905,0.9680789978774456,0.9931383495067787
test,pure_no_h56,t1_layer,16384,2,long-code,254,0.875,0.814574234128937,0.9994156003937008,0.9931640625,0.9695860569045859,0.9982937575784034
test,pure_no_h56,t1_layer,16384,2,long-text,254,0.875,0.8011714905265748,0.9992310531496063,0.9895423228346457,0.9527427201823145,0.9922897119055242
test,pure_no_h56,t1_layer,16384,5,long-code,254,0.875,0.8695250984251969,1.0,0.9996001476377953,0.9623702751316181,0.9876825575533932
test,pure_no_h56,t1_layer,16384,5,long-text,254,0.875,0.8313276636318898,0.9979699803149606,0.9917338213582677,0.9245466807305652,0.9863903920160773
test,pure_no_h56,t1_layer,16384,8,long-code,254,0.875,0.8712379275344488,0.9999692421259843,0.9995617002952756,0.9640301979110222,0.9830631255015554
test,pure_no_h56,t1_layer,16384,8,long-text,254,0.875,0.8397437869094488,0.9991695374015748,0.9952863558070866,0.9293878125311489,0.976515606761174
test,pure_no_h56,t1_layer,16384,11,long-code,254,0.875,0.8757900928887795,1.0,0.9999231053149606,0.9586136752585229,0.9993650783876628
test,pure_no_h56,t1_layer,16384,11,long-text,254,0.875,0.8440902589812992,1.0,0.9984313484251969,0.9366459921011134,0.9953449898765111
test,pure_no_h56,t1_layer,16384,14,long-code,254,0.875,0.8361547274852362,0.9999077263779528,0.9979084645669292,0.9328277286350622,0.9937478694354127
test,pure_no_h56,t1_layer,16384,14,long-text,254,0.875,0.8127249169537402,0.9991695374015748,0.9943328617125984,0.9093234259846537,0.9868329915358515
test,pure_no_h56,t1_layer,16384,17,long-code,254,0.875,0.7995893823818898,0.9998462106299213,0.9954247662401575,0.9386560376330053,0.9921141420298266
test,pure_no_h56,t1_layer,16384,17,long-text,254,0.875,0.7667841873769685,0.999507874015748,0.9872739296259843,0.8925920327252046,0.9804837581388347
test,pure_no_h56,t1_layer,16384,21,long-code,254,0.875,0.8290304349163385,1.0,0.9985774483267716,0.9543645260313735,0.9712734302717978
test,pure_no_h56,t1_layer,16384,21,long-text,254,0.875,0.823980376476378,0.9999692421259843,0.9975931963582677,0.9146157241021091,0.9905706769624399
test,pure_no_h56,t1_layer,16384,25,long-code,254,0.875,0.8324906957431102,0.9997231791338582,0.9978315698818898,0.9253599851609325,0.9650881961494503
test,pure_no_h56,t1_layer,16384,25,long-text,254,0.875,0.8112639179379921,0.9995386318897638,0.9957554133858267,0.9022691808534385,0.9918678030841297
test,pure_no_h56,t1_layer,32768,2,long-code,254,0.875,0.76929672121063,0.9982775590551181,0.9836060531496063,0.9255468591772397,0.9946428358762269
test,pure_no_h56,t1_layer,32768,2,long-text,254,0.875,0.7658018577755905,0.9974470964566929,0.9798074557086615,0.9128998296651035,0.9888597315830773
test,pure_no_h56,t1_layer,32768,5,long-code,254,0.875,0.8130151943897638,0.9999077263779528,0.9957631028543307,0.91793403932563,0.9878726018396495
test,pure_no_h56,t1_layer,32768,5,long-text,254,0.875,0.7769881120816929,0.9906188484251969,0.973509781003937,0.8659440167937446,0.9797696827433995
test,pure_no_h56,t1_layer,32768,8,long-code,254,0.875,0.7812980591781497,0.9986774114173228,0.9880736343503937,0.8774371581209441,0.9719609476479872
test,pure_no_h56,t1_layer,32768,8,long-text,254,0.875,0.7625472902312992,0.9952632874015748,0.9733329232283464,0.8413568969960055,0.9661709520856188
test,pure_no_h56,t1_layer,32768,11,long-code,254,0.875,0.8168061023622047,0.999753937007874,0.9964090182086615,0.9040916564927187,1.0005484585011293
test,pure_no_h56,t1_layer,32768,11,long-text,254,0.875,0.7874419445127953,0.9992310531496063,0.9894346702755905,0.8804192295515093,0.9946001059459858
test,pure_no_h56,t1_layer,32768,14,long-code,254,0.875,0.7740430456446851,0.9995693897637795,0.9887887549212598,0.8716636648849377,0.9858158983943595
test,pure_no_h56,t1_layer,32768,14,long-text,254,0.875,0.7610190083661418,0.9952940452755905,0.9772084153543307,0.8511732245124867,0.9764938699475599
test,pure_no_h56,t1_layer,32768,17,long-code,254,0.875,0.7539139394685039,0.9991695374015748,0.9857437253937008,0.8904648259561253,0.9796100523464542
test,pure_no_h56,t1_layer,32768,17,long-text,254,0.875,0.7328255720964567,0.9983083169291339,0.9767085999015748,0.8405990369169763,0.9759250437828855
test,pure_no_h56,t1_layer,32768,21,long-code,254,0.875,0.7810385396161418,0.9998462106299213,0.9927257627952756,0.8930084121457047,0.9679827707154577
test,pure_no_h56,t1_layer,32768,21,long-text,254,0.875,0.7756597563976378,0.9997846948818898,0.9914954478346457,0.8650392084183154,0.9744309942683139
test,pure_no_h56,t1_layer,32768,25,long-code,254,0.875,0.7514859897883859,0.999138779527559,0.9843673105314961,0.8464203670525968,0.9798391140194066
test,pure_no_h56,t1_layer,32768,25,long-text,254,0.875,0.7339770700049213,0.9990157480314961,0.982306532972441,0.8317446173290132,0.9797162957808501
test,pure_no_h56,t2_residual_layer,8192,2,long-code,254,0.875,0.8407414954478346,1.0,0.9981468380905512,0.9886144262823141,0.998516306692509
test,pure_no_h56,t2_residual_layer,8192,2,long-text,254,0.875,0.8315660371555118,1.0,0.9970472440944882,0.990046439619141,0.9976707733637749
test,pure_no_h56,t2_residual_layer,8192,5,long-code,254,0.875,0.8791350116879921,1.0,0.9999615526574803,0.9923668950520944,0.9962405007510586
test,pure_no_h56,t2_residual_layer,8192,5,long-text,254,0.875,0.8728796290600394,0.9999692421259843,0.9985774483267716,0.9902749566480741,0.9962607831962241
test,pure_no_h56,t2_residual_layer,8192,8,long-code,254,0.875,0.8540481206938977,1.0,0.9999615526574803,0.9920182992803521,0.9965518719424451
test,pure_no_h56,t2_residual_layer,8192,8,long-text,254,0.875,0.865964874507874,1.0,0.9994694266732284,0.9906361834819053,0.9963880559353324
test,pure_no_h56,t2_residual_layer,8192,11,long-code,254,0.875,0.8844542015255905,1.0,0.9999692421259843,0.9851973525563862,0.9984962556673067
test,pure_no_h56,t2_residual_layer,8192,11,long-text,254,0.875,0.8904923566683071,1.0,0.9999769315944882,0.9855005607413162,0.9986978717673876
test,pure_no_h56,t2_residual_layer,8192,14,long-code,254,0.875,0.8758073941929134,0.9999692421259843,0.9997923843503937,0.9804364578041025,0.9966704539147383
test,pure_no_h56,t2_residual_layer,8192,14,long-text,254,0.875,0.8737446942667323,1.0,0.9999077263779528,0.9768454592574503,0.9975817793069576
test,pure_no_h56,t2_residual_layer,8192,17,long-code,254,0.875,0.8438960999015748,0.9999077263779528,0.9981391486220472,0.9779729713504256,0.9958047867601266
test,pure_no_h56,t2_residual_layer,8192,17,long-text,254,0.875,0.8292438176673228,1.0,0.9979930487204725,0.973803385363544,0.993399568147934
test,pure_no_h56,t2_residual_layer,8192,21,long-code,254,0.875,0.8733352300688977,1.0,0.9998231422244095,0.9873397190159776,0.9909061996506601
test,pure_no_h56,t2_residual_layer,8192,21,long-text,254,0.875,0.8576487143208661,1.0,0.9995847687007874,0.9645726202329521,0.9955343071365707
test,pure_no_h56,t2_residual_layer,8192,25,long-code,254,0.875,0.860720656988189,1.0,0.9998154527559056,0.9777946311748574,0.991323643688861
test,pure_no_h56,t2_residual_layer,8192,25,long-text,254,0.875,0.8318697711614174,1.0,0.9992002952755905,0.9680789978774456,0.9931383495067787
test,pure_no_h56,t2_residual_layer,16384,2,long-code,254,0.875,0.814574234128937,0.9994156003937008,0.9931640625,0.9695860569045859,0.9982937575784034
test,pure_no_h56,t2_residual_layer,16384,2,long-text,254,0.875,0.8011714905265748,0.9992310531496063,0.9895423228346457,0.9527427201823145,0.9922897119055242
test,pure_no_h56,t2_residual_layer,16384,5,long-code,254,0.875,0.8695250984251969,1.0,0.9996001476377953,0.9623702751316181,0.9876825575533932
test,pure_no_h56,t2_residual_layer,16384,5,long-text,254,0.875,0.8313276636318898,0.9979699803149606,0.9917338213582677,0.9245466807305652,0.9863903920160773
test,pure_no_h56,t2_residual_layer,16384,8,long-code,254,0.875,0.8712379275344488,0.9999692421259843,0.9995617002952756,0.9640301979110222,0.9830631255015554
test,pure_no_h56,t2_residual_layer,16384,8,long-text,254,0.875,0.8397437869094488,0.9991695374015748,0.9952863558070866,0.9293878125311489,0.976515606761174
test,pure_no_h56,t2_residual_layer,16384,11,long-code,254,0.875,0.8757900928887795,1.0,0.9999231053149606,0.9586136752585229,0.9993650783876628
test,pure_no_h56,t2_residual_layer,16384,11,long-text,254,0.875,0.8440902589812992,1.0,0.9984313484251969,0.9366459921011134,0.9953449898765111
test,pure_no_h56,t2_residual_layer,16384,14,long-code,254,0.875,0.8361547274852362,0.9999077263779528,0.9979084645669292,0.9328277286350622,0.9937478694354127
test,pure_no_h56,t2_residual_layer,16384,14,long-text,254,0.875,0.8127249169537402,0.9991695374015748,0.9943328617125984,0.9093234259846537,0.9868329915358515
test,pure_no_h56,t2_residual_layer,16384,17,long-code,254,0.875,0.7995893823818898,0.9998462106299213,0.9954247662401575,0.9386560376330053,0.9921141420298266
test,pure_no_h56,t2_residual_layer,16384,17,long-text,254,0.875,0.7667841873769685,0.999507874015748,0.9872739296259843,0.8925920327252046,0.9804837581388347
test,pure_no_h56,t2_residual_layer,16384,21,long-code,254,0.875,0.8290304349163385,1.0,0.9985774483267716,0.9543645260313735,0.9712734302717978
test,pure_no_h56,t2_residual_layer,16384,21,long-text,254,0.875,0.823980376476378,0.9999692421259843,0.9975931963582677,0.9146157241021091,0.9905706769624399
test,pure_no_h56,t2_residual_layer,16384,25,long-code,254,0.875,0.8324906957431102,0.9997231791338582,0.9978315698818898,0.9253599851609325,0.9650881961494503
test,pure_no_h56,t2_residual_layer,16384,25,long-text,254,0.875,0.8112639179379921,0.9995386318897638,0.9957554133858267,0.9022691808534385,0.9918678030841297
test,pure_no_h56,t2_residual_layer,32768,2,long-code,254,0.875,0.76929672121063,0.9982775590551181,0.9836060531496063,0.9255468591772397,0.9946428358762269
test,pure_no_h56,t2_residual_layer,32768,2,long-text,254,0.875,0.7658018577755905,0.9974470964566929,0.9798074557086615,0.9128998296651035,0.9888597315830773
test,pure_no_h56,t2_residual_layer,32768,5,long-code,254,0.875,0.8130151943897638,0.9999077263779528,0.9957631028543307,0.91793403932563,0.9878726018396495
test,pure_no_h56,t2_residual_layer,32768,5,long-text,254,0.875,0.7769881120816929,0.9906188484251969,0.973509781003937,0.8659440167937446,0.9797696827433995
test,pure_no_h56,t2_residual_layer,32768,8,long-code,254,0.875,0.7812980591781497,0.9986774114173228,0.9880736343503937,0.8774371581209441,0.9719609476479872
test,pure_no_h56,t2_residual_layer,32768,8,long-text,254,0.875,0.7625472902312992,0.9952632874015748,0.9733329232283464,0.8413568969960055,0.9661709520856188
test,pure_no_h56,t2_residual_layer,32768,11,long-code,254,0.875,0.8168061023622047,0.999753937007874,0.9964090182086615,0.9040916564927187,1.0005484585011293
test,pure_no_h56,t2_residual_layer,32768,11,long-text,254,0.875,0.7874419445127953,0.9992310531496063,0.9894346702755905,0.8804192295515093,0.9946001059459858
test,pure_no_h56,t2_residual_layer,32768,14,long-code,254,0.875,0.7740430456446851,0.9995693897637795,0.9887887549212598,0.8716636648849377,0.9858158983943595
test,pure_no_h56,t2_residual_layer,32768,14,long-text,254,0.875,0.7610190083661418,0.9952940452755905,0.9772084153543307,0.8511732245124867,0.9764938699475599
test,pure_no_h56,t2_residual_layer,32768,17,long-code,254,0.875,0.7539139394685039,0.9991695374015748,0.9857437253937008,0.8904648259561253,0.9796100523464542
test,pure_no_h56,t2_residual_layer,32768,17,long-text,254,0.875,0.7328255720964567,0.9983083169291339,0.9767085999015748,0.8405990369169763,0.9759250437828855
test,pure_no_h56,t2_residual_layer,32768,21,long-code,254,0.875,0.7810385396161418,0.9998462106299213,0.9927257627952756,0.8930084121457047,0.9679827707154577
test,pure_no_h56,t2_residual_layer,32768,21,long-text,254,0.875,0.7756597563976378,0.9997846948818898,0.9914954478346457,0.8650392084183154,0.9744309942683139
test,pure_no_h56,t2_residual_layer,32768,25,long-code,254,0.875,0.7514859897883859,0.999138779527559,0.9843673105314961,0.8464203670525968,0.9798391140194066
test,pure_no_h56,t2_residual_layer,32768,25,long-text,254,0.875,0.7339770700049213,0.9990157480314961,0.982306532972441,0.8317446173290132,0.9797162957808501
test,pure_no_h56,t3_delta_layer,8192,2,long-code,254,0.875,0.8456781342273622,1.0,0.9993771530511811,0.9888090400805302,0.998650572370234
test,pure_no_h56,t3_delta_layer,8192,2,long-text,254,0.875,0.8419621985728346,1.0,0.9992233636811023,0.9907048211599842,0.998338918509474
test,pure_no_h56,t3_delta_layer,8192,5,long-code,254,0.875,0.8859786386564961,1.0,0.99974624753937,0.9920722259955491,0.9987214005215421
test,pure_no_h56,t3_delta_layer,8192,5,long-text,254,0.875,0.8669702725147638,0.9993233267716536,0.9933947465551181,0.988440807116772,0.9962699374245734
test,pure_no_h56,t3_delta_layer,8192,8,long-code,254,0.875,0.8621335968257874,1.0,0.9996078371062992,0.9916524764170956,0.9985022840136574
test,pure_no_h56,t3_delta_layer,8192,8,long-text,254,0.875,0.867183655265748,0.9999384842519685,0.9963936392716536,0.9895826495291004,0.9966398439009778
test,pure_no_h56,t3_delta_layer,8192,11,long-code,254,0.875,0.8804095410925197,1.0,0.9998462106299213,0.983911092261389,0.998948783997407
test,pure_no_h56,t3_delta_layer,8192,11,long-text,254,0.875,0.8863804133858267,1.0,0.9998154527559056,0.9839209139487893,0.9984061951128174
test,pure_no_h56,t3_delta_layer,8192,14,long-code,254,0.875,0.8682313453494095,0.9999384842519685,0.9990695743110236,0.9775906913285071,0.9991551541832187
test,pure_no_h56,t3_delta_layer,8192,14,long-text,254,0.875,0.8764533095472441,1.0,0.999761626476378,0.9762350045419197,0.9985189538043187
test,pure_no_h56,t3_delta_layer,8192,17,long-code,254,0.875,0.8312219334399606,0.9996616633858267,0.9955093503937008,0.9743980225697418,0.9961428496682733
test,pure_no_h56,t3_delta_layer,8192,17,long-text,254,0.875,0.8220983790600394,0.9998462106299213,0.9950710506889764,0.9709364324441415,0.9933774951723544
test,pure_no_h56,t3_delta_layer,8192,21,long-code,254,0.875,0.8653112696850394,1.0,0.9994540477362205,0.985372879831595,0.9955654814542426
test,pure_no_h56,t3_delta_layer,8192,21,long-text,254,0.875,0.847406342273622,1.0,0.99876968503937,0.9605606529677124,0.9960153452156677
test,pure_no_h56,t3_delta_layer,8192,25,long-code,254,0.875,0.8609013594980315,1.0,0.9994617372047244,0.9774279982311317,0.9962204321345275
test,pure_no_h56,t3_delta_layer,8192,25,long-text,254,0.875,0.8425043061023622,1.0,0.998415969488189,0.9696057170892247,0.9969990307512511
test,pure_no_h56,t3_delta_layer,16384,2,long-code,254,0.875,0.8136591873769685,0.999261811023622,0.9959937869094488,0.9696829520312099,0.9969085842634631
test,pure_no_h56,t3_delta_layer,16384,2,long-text,254,0.875,0.8064772237942913,0.9990157480314961,0.9937638410433071,0.952528522274181,0.9920296145188578
test,pure_no_h56,t3_delta_layer,16384,5,long-code,254,0.875,0.8559281957431102,0.9999384842519685,0.9990465059055118,0.9566535577174095,0.9972445608657539
test,pure_no_h56,t3_delta_layer,16384,5,long-text,254,0.875,0.8103911632627953,0.9937869094488189,0.9845057209645669,0.9102064547939892,0.9883226502609841
test,pure_no_h56,t3_delta_layer,16384,8,long-code,254,0.875,0.8583503783218503,0.9998154527559056,0.9977316067913385,0.9569835624836007,0.9944280808184743
test,pure_no_h56,t3_delta_layer,16384,8,long-text,254,0.875,0.8212640717273622,0.9976008858267716,0.9898499015748031,0.9174118478039397,0.9799133796281291
test,pure_no_h56,t3_delta_layer,16384,11,long-code,254,0.875,0.8697211798720472,0.9999692421259843,0.9995309424212598,0.9553510776754367,0.9984904882357375
test,pure_no_h56,t3_delta_layer,16384,11,long-text,254,0.875,0.8325560562253937,0.9998154527559056,0.9965089812992126,0.9294514467527241,0.9948450565070934
test,pure_no_h56,t3_delta_layer,16384,14,long-code,254,0.875,0.8191706139271654,0.9992925688976378,0.9944482037401575,0.9224855071765561,0.9942782448418943
test,pure_no_h56,t3_delta_layer,16384,14,long-text,254,0.875,0.7993875338336615,0.9979084645669292,0.9894269808070866,0.8988914430346163,0.9892160179750309
test,pure_no_h56,t3_delta_layer,16384,17,long-code,254,0.875,0.7812423105314961,0.9993540846456693,0.9892655019685039,0.9289984884393093,0.9935115046641237
test,pure_no_h56,t3_delta_layer,16384,17,long-text,254,0.875,0.7422394039124016,0.9976008858267716,0.9742941067913385,0.8763867025852923,0.9848371630232281
test,pure_no_h56,t3_delta_layer,16384,21,long-code,254,0.875,0.8261949434055118,0.9999692421259843,0.9978161909448819,0.951255413029894,0.9911087403011822
test,pure_no_h56,t3_delta_layer,16384,21,long-text,254,0.875,0.80176742433563,0.9996616633858267,0.9929026205708661,0.900560860293407,0.9884974016717227
test,pure_no_h56,t3_delta_layer,16384,25,long-code,254,0.875,0.8194185992864174,0.9981237696850394,0.9951402559055118,0.9166368368035956,0.979021266668698
test,pure_no_h56,t3_delta_layer,16384,25,long-text,254,0.875,0.8082554133858267,0.9976316437007874,0.99048812746063,0.8976164766559286,0.9834015421541185
test,pure_no_h56,t3_delta_layer,32768,2,long-code,254,0.875,0.7552999661663385,0.9975393700787402,0.9811838705708661,0.9189677385129449,0.9911513264322184
test,pure_no_h56,t3_delta_layer,32768,2,long-text,254,0.875,0.7644927257627953,0.9972933070866141,0.9824987696850394,0.9099691602349256,0.9845708708657618
test,pure_no_h56,t3_delta_layer,32768,5,long-code,254,0.875,0.7920229453740157,0.9982160433070866,0.9911801796259843,0.904231057523397,0.9935788442339457
test,pure_no_h56,t3_delta_layer,32768,5,long-text,254,0.875,0.7514840674212598,0.9778543307086615,0.9565083661417323,0.8434153752221201,0.9774272773847438
test,pure_no_h56,t3_delta_layer,32768,8,long-code,254,0.875,0.7557421106053149,0.9932332677165354,0.9730714812992126,0.8559061766881221,0.9661473274055252
test,pure_no_h56,t3_delta_layer,32768,8,long-text,254,0.875,0.7365107498769685,0.983636811023622,0.952394500492126,0.8168562766589216,0.9722354633285707
test,pure_no_h56,t3_delta_layer,32768,11,long-code,254,0.875,0.8105968565452756,0.9987389271653543,0.9931717519685039,0.8985212925660563,0.9819581842761617
test,pure_no_h56,t3_delta_layer,32768,11,long-text,254,0.875,0.7833146222933071,0.9969857283464567,0.9852439099409449,0.8755787001105513,0.9821038148129135
test,pure_no_h56,t3_delta_layer,32768,14,long-code,254,0.875,0.7554018516240157,0.9973548228346457,0.9798689714566929,0.856567613977356,0.9850411805239624
test,pure_no_h56,t3_delta_layer,32768,14,long-text,254,0.875,0.7474951556348425,0.9911417322834646,0.9670890748031497,0.8386736600284073,0.9789073544678645
test,pure_no_h56,t3_delta_layer,32768,17,long-code,254,0.875,0.7298113004429134,0.996462844488189,0.9701802411417323,0.8733164227834157,0.9764211493475633
test,pure_no_h56,t3_delta_layer,32768,17,long-text,254,0.875,0.7153666338582677,0.9953248031496063,0.9632443405511811,0.8260030378134727,0.9768299152215144
test,pure_no_h56,t3_delta_layer,32768,21,long-code,254,0.875,0.7651770884596457,0.9990772637795275,0.9853669414370079,0.8806528668524496,0.9812951196987763
test,pure_no_h56,t3_delta_layer,32768,21,long-text,254,0.875,0.7512283925935039,0.9985851377952756,0.9825679749015748,0.8466587588186159,0.9843087212544877
test,pure_no_h56,t3_delta_layer,32768,25,long-code,254,0.875,0.7326775498277559,0.9959399606299213,0.9730561023622047,0.8303859781328747,0.9844746942723556
test,pure_no_h56,t3_delta_layer,32768,25,long-text,254,0.875,0.7247593196358267,0.9949864665354331,0.9714566929133859,0.821839408658126,0.9719919918112316
test,pure_no_h56,t4_margin_layer,8192,2,long-code,254,0.875,0.8435173935777559,1.0,0.9986774114173228,0.9887146529868207,0.999197260392559
test,pure_no_h56,t4_margin_layer,8192,2,long-text,254,0.875,0.8375619002214567,1.0,0.9983852116141733,0.9905724009344246,0.9984611842654877
test,pure_no_h56,t4_margin_layer,8192,5,long-code,254,0.875,0.880486435777559,1.0,0.9999384842519685,0.9921259189561877,0.9967442346028682
test,pure_no_h56,t4_margin_layer,8192,5,long-text,254,0.875,0.8696462075541339,0.9999077263779528,0.9962552288385826,0.9894866645705502,0.9961156309530753
test,pure_no_h56,t4_margin_layer,8192,8,long-code,254,0.875,0.8601804718257874,1.0,0.9998615895669292,0.9921608022023443,0.9973103709812847
test,pure_no_h56,t4_margin_layer,8192,8,long-text,254,0.875,0.8684735636072834,1.0,0.9986082062007874,0.9904518769716779,0.9965306039790498
test,pure_no_h56,t4_margin_layer,8192,11,long-code,254,0.875,0.8838121309055118,1.0,0.9999538631889764,0.9848301397070264,0.999140574209573
test,pure_no_h56,t4_margin_layer,8192,11,long-text,254,0.875,0.8901001937746063,1.0,0.9999307947834646,0.9849631744076051,0.998963720914131
test,pure_no_h56,t4_margin_layer,8192,14,long-code,254,0.875,0.8744252122293307,0.9999692421259843,0.9996770423228346,0.9799050645412289,0.9973251750145842
test,pure_no_h56,t4_margin_layer,8192,14,long-text,254,0.875,0.8748308316929134,1.0,0.9999154158464567,0.9767183953013024,0.9982131128872467
test,pure_no_h56,t4_margin_layer,8192,17,long-code,254,0.875,0.8439653051181102,0.9999077263779528,0.9981545275590551,0.9779234750525027,0.9961414743898181
test,pure_no_h56,t4_margin_layer,8192,17,long-text,254,0.875,0.8322292538139764,1.0,0.9981775959645669,0.9742209808620156,0.9947871035582094
test,pure_no_h56,t4_margin_layer,8192,21,long-code,254,0.875,0.8752287616879921,1.0,0.999876968503937,0.9874751675645183,0.9917466966375591
test,pure_no_h56,t4_margin_layer,8192,21,long-text,254,0.875,0.8600362942913385,1.0,0.9996462844488189,0.9652158504060848,0.9961386164514341
test,pure_no_h56,t4_margin_layer,8192,25,long-code,254,0.875,0.8623931163877953,1.0,0.9997846948818898,0.9780867908879755,0.9930808098123034
test,pure_no_h56,t4_margin_layer,8192,25,long-text,254,0.875,0.8387595349409449,1.0,0.9987927534448819,0.9693400133417361,0.9954458092383562
test,pure_no_h56,t4_margin_layer,16384,2,long-code,254,0.875,0.8117502768208661,0.999630905511811,0.994263656496063,0.9695370608329332,0.9995500406703822
test,pure_no_h56,t4_margin_layer,16384,2,long-text,254,0.875,0.8058409202755905,0.9998154527559056,0.9927642101377953,0.9567398927312958,0.9966894891085737
test,pure_no_h56,t4_margin_layer,16384,5,long-code,254,0.875,0.8599305640994095,0.9999692421259843,0.9990234375,0.958156810548745,0.9894306634511334
test,pure_no_h56,t4_margin_layer,16384,5,long-text,254,0.875,0.8198049950787402,0.9976008858267716,0.9897268700787402,0.9176005191728779,0.9880113384689649
test,pure_no_h56,t4_margin_layer,16384,8,long-code,254,0.875,0.8649440975639764,1.0,0.9991234005905512,0.9608854423512248,0.99052694830279
test,pure_no_h56,t4_margin_layer,16384,8,long-text,254,0.875,0.8318851500984252,0.9989542322834646,0.9930871678149606,0.924152749616593,0.9859087111744783
test,pure_no_h56,t4_margin_layer,16384,11,long-code,254,0.875,0.8690637303149606,1.0,0.9997078001968503,0.9555230102565894,0.999995591203637
test,pure_no_h56,t4_margin_layer,16384,11,long-text,254,0.875,0.8348744309793307,1.0,0.9976854699803149,0.9315689382721198,0.996007019272073
test,pure_no_h56,t4_margin_layer,16384,14,long-code,254,0.875,0.8287036325049213,0.9998462106299213,0.9969780388779528,0.9285795287674139,0.9938456782314308
test,pure_no_h56,t4_margin_layer,16384,14,long-text,254,0.875,0.805173858882874,0.9993540846456693,0.992794968011811,0.9042360121451269,0.9916252766388016
test,pure_no_h56,t4_margin_layer,16384,17,long-code,254,0.875,0.7990934116633859,0.9998154527559056,0.9953248031496063,0.9381418444648134,0.9934469758306632
test,pure_no_h56,t4_margin_layer,16384,17,long-text,254,0.875,0.7628664031742126,0.9994156003937008,0.986451156496063,0.8902519973112111,0.9812337666264924
test,pure_no_h56,t4_margin_layer,16384,21,long-code,254,0.875,0.8323080708661418,1.0,0.9988773375984252,0.9552941892905475,0.9732940419686221
test,pure_no_h56,t4_margin_layer,16384,21,long-text,254,0.875,0.8239092488927166,0.9999692421259843,0.9977623646653543,0.9146615508835638,0.9916532995148544
test,pure_no_h56,t4_margin_layer,16384,25,long-code,254,0.875,0.8224001906988189,0.999753937007874,0.996578186515748,0.9192975066441504,0.9668625795554662
test,pure_no_h56,t4_margin_layer,16384,25,long-text,254,0.875,0.8074134165846457,0.9995386318897638,0.99341781496063,0.8988557151297016,0.9929350214195095
test,pure_no_h56,t4_margin_layer,32768,2,long-code,254,0.875,0.7560535340797244,0.9989849901574803,0.9819912647637795,0.9214838502489487,0.9988058661288506
test,pure_no_h56,t4_margin_layer,32768,2,long-text,254,0.875,0.7613208200049213,0.9984005905511811,0.980953186515748,0.913285066970965,0.995392378592223
test,pure_no_h56,t4_margin_layer,32768,5,long-code,254,0.875,0.7967904158464567,0.9997846948818898,0.9937869094488189,0.9084115311379235,0.9911365356746918
test,pure_no_h56,t4_margin_layer,32768,5,long-text,254,0.875,0.7573742002952756,0.9903727854330708,0.968142531988189,0.8515954780671414,0.9860805786402297
test,pure_no_h56,t4_margin_layer,32768,8,long-code,254,0.875,0.7683912862942913,0.9983390748031497,0.982660248523622,0.867472512624011,0.9863821344875036
test,pure_no_h56,t4_margin_layer,32768,8,long-text,254,0.875,0.7480180394931102,0.992679625984252,0.9638825664370079,0.8283446906010589,0.9806503919376424
test,pure_no_h56,t4_margin_layer,32768,11,long-code,254,0.875,0.8067521222933071,0.999753937007874,0.9948941929133859,0.8972721673960335,1.0009577276052148
test,pure_no_h56,t4_margin_layer,32768,11,long-text,254,0.875,0.7801907757135826,0.9989849901574803,0.98658187746063,0.8747066853285452,0.9989446574042364
test,pure_no_h56,t4_margin_layer,32768,14,long-code,254,0.875,0.7635296198326772,0.999261811023622,0.984982468011811,0.8638767320080735,0.9905683226289665
test,pure_no_h56,t4_margin_layer,32768,14,long-text,254,0.875,0.7540235143946851,0.9950787401574803,0.9740326648622047,0.8453724603285688,0.9862352674384167
test,pure_no_h56,t4_margin_layer,32768,17,long-code,254,0.875,0.749509796382874,0.9991695374015748,0.9848209891732284,0.8876473143981715,0.9837151774219958
test,pure_no_h56,t4_margin_layer,32768,17,long-text,254,0.875,0.7188403512549213,0.9983083169291339,0.9724640132874016,0.8306616806568712,0.9805102395283296
test,pure_no_h56,t4_margin_layer,32768,21,long-code,254,0.875,0.7813172828494095,0.999876968503937,0.9931486835629921,0.8930926918035184,0.9702790765242956
test,pure_no_h56,t4_margin_layer,32768,21,long-text,254,0.875,0.7732740987942913,0.9998154527559056,0.9913185900590551,0.8633857860208549,0.978734699628711
test,pure_no_h56,t4_margin_layer,32768,25,long-code,254,0.875,0.7362973671259843,0.9984313484251969,0.9765009842519685,0.8342430031898378,0.9842853782909312
test,pure_no_h56,t4_margin_layer,32768,25,long-text,254,0.875,0.7275159940944882,0.9983083169291339,0.9768623892716536,0.825960589171043,0.9866332243553761
test,reference,existing_h8_10pct_h56_rescue,8192,2,long-code,254,0.07465818323362876,0.9975028451033464,1.0,0.9999538631889764,0.9997537282808114,0.999996343344197
test,reference,existing_h8_10pct_h56_rescue,8192,2,long-text,254,0.050192807614849476,0.997443251722441,1.0,0.9998923474409449,0.9998185732881285,0.9999325590477133
test,reference,existing_h8_10pct_h56_rescue,8192,5,long-code,254,0.17432606850497628,0.9908879798228346,1.0,0.9998000738188977,0.9991951137637701,1.000043204175306
test,reference,existing_h8_10pct_h56_rescue,8192,5,long-text,254,0.07925945858614519,0.9946000707431102,1.0,0.9997693159448819,0.9994666086760552,0.9998062829364003
test,reference,existing_h8_10pct_h56_rescue,8192,8,long-code,254,0.10869950473090642,0.9886772576279528,1.0,0.9995309424212598,0.9990685618335274,0.9999988090515212
test,reference,existing_h8_10pct_h56_rescue,8192,8,long-text,254,0.05442823676940139,0.9945443220964567,1.0,0.9997385580708661,0.9993983869073572,0.9996161138500808
test,reference,existing_h8_10pct_h56_rescue,8192,11,long-code,254,0.06296958006926441,0.9965455062746063,1.0,0.9999077263779528,0.9994602745989856,1.0000185964402708
test,reference,existing_h8_10pct_h56_rescue,8192,11,long-text,254,0.04289562773540257,0.9976047305610236,1.0,0.9999538631889764,0.999615023543617,0.999913804671671
test,reference,existing_h8_10pct_h56_rescue,8192,14,long-code,254,0.08525285463843849,0.9931083138533464,1.0,0.9994924950787402,0.9984840378748093,1.0001871446191801
test,reference,existing_h8_10pct_h56_rescue,8192,14,long-text,254,0.040751352675882486,0.9969780388779528,1.0,0.9999231053149606,0.9993637162455105,1.000043878823115
test,reference,existing_h8_10pct_h56_rescue,8192,17,long-code,254,0.04607405619631876,0.9943540077509843,0.9999692421259843,0.9994771161417323,0.9993286628769293,1.0000976525456107
test,reference,existing_h8_10pct_h56_rescue,8192,17,long-text,254,0.025824135280692582,0.9976201094980315,1.0,0.9996001476377953,0.9996056843214809,1.0000359907033172
test,reference,existing_h8_10pct_h56_rescue,8192,21,long-code,254,0.06429535028998387,0.9936869463582677,1.0,0.9996462844488189,0.9992028753208222,1.0001721630090534
test,reference,existing_h8_10pct_h56_rescue,8192,21,long-text,254,0.02244008247299399,0.9992521991879921,0.9999384842519685,0.9998615895669292,0.9997923525736626,0.9999500697058161
test,reference,existing_h8_10pct_h56_rescue,8192,25,long-code,254,0.1599347120322416,0.9925200695127953,0.9999384842519685,0.9996078371062992,0.998564392086423,1.000220421763763
test,reference,existing_h8_10pct_h56_rescue,8192,25,long-text,254,0.027528640603489453,0.9971568190206693,1.0,0.9997693159448819,0.9993940810739602,0.999974537139543
test,reference,existing_h8_10pct_h56_rescue,16384,2,long-code,254,0.151267518973183,0.9946135273129921,1.0,0.9997923843503937,0.9990845200057913,0.9998504671858192
test,reference,existing_h8_10pct_h56_rescue,16384,2,long-text,254,0.144469775567466,0.9950729730561023,1.0,0.9998615895669292,0.9988647312582974,0.9996181448591892
test,reference,existing_h8_10pct_h56_rescue,16384,5,long-code,254,0.3659644326495081,0.9961341197096457,1.0,0.9999692421259843,0.9988934132114581,0.9993350430016849
test,reference,existing_h8_10pct_h56_rescue,16384,5,long-text,254,0.1595558912021101,0.9989676888533464,1.0,1.0,0.9996509895950596,0.9998985702046911
test,reference,existing_h8_10pct_h56_rescue,16384,8,long-code,254,0.3865527183138229,0.9971087598425197,1.0,0.9999615526574803,0.9991737518757999,0.9991851653431184
test,reference,existing_h8_10pct_h56_rescue,16384,8,long-text,254,0.20396953428230963,0.997679702878937,1.0,0.9999923105314961,0.9992184101704533,0.9993311545868108
test,reference,existing_h8_10pct_h56_rescue,16384,11,long-code,254,0.2619822309119054,0.9917991818405512,1.0,0.999761626476378,0.9972778207539712,0.999206984615514
test,reference,existing_h8_10pct_h56_rescue,16384,11,long-text,254,0.07753599576804442,0.9981064683809056,1.0,0.9999769315944882,0.9992975856349696,0.9998700148500937
test,reference,existing_h8_10pct_h56_rescue,16384,14,long-code,254,0.22795660454199435,0.9909245047982284,0.9999692421259843,0.9989619217519685,0.995854856448726,0.9996472117190752
test,reference,existing_h8_10pct_h56_rescue,16384,14,long-text,254,0.12497475583061178,0.9919029896653543,1.0,0.9995617002952756,0.9964012045091203,0.9995865665017206
test,reference,existing_h8_10pct_h56_rescue,16384,17,long-code,254,0.20493704440108643,0.9928718626968503,0.9999077263779528,0.9993233267716536,0.9975214714832377,0.999436912680278
test,reference,existing_h8_10pct_h56_rescue,16384,17,long-text,254,0.0608715653924503,0.9974740095964567,1.0,0.999753937007874,0.9989022060213247,0.9997929088168462
test,reference,existing_h8_10pct_h56_rescue,16384,21,long-code,254,0.19601574333313718,0.9849074956938977,0.9999077263779528,0.9980776328740157,0.9949537070819575,0.9971737679299006
test,reference,existing_h8_10pct_h56_rescue,16384,21,long-text,254,0.11586168825326784,0.9928949311023622,0.9999692421259843,0.9991926058070866,0.996420165943547,0.9981224025643204
test,reference,existing_h8_10pct_h56_rescue,16384,25,long-code,254,0.3707226294067665,0.9944712721456693,0.9999692421259843,0.9996462844488189,0.9973011152254665,0.9976020704120765
test,reference,existing_h8_10pct_h56_rescue,16384,25,long-text,254,0.17991031324677492,0.9977335291584646,1.0,0.9999461737204725,0.9988525760787248,0.9987574318768152
test,reference,existing_h8_10pct_h56_rescue,32768,2,long-code,254,0.20495746728351105,0.9945154865895669,0.9999692421259843,0.9994386687992126,0.9980014731059883,0.9995290125511777
test,reference,existing_h8_10pct_h56_rescue,32768,2,long-text,254,0.2099571371850692,0.9951575572096457,1.0,0.9997078001968503,0.9982622546414869,0.999154923313741
test,reference,existing_h8_10pct_h56_rescue,32768,5,long-code,254,0.3505940698402611,0.9960706815944882,1.0,0.9999384842519685,0.9983790790764094,0.9993946495784626
test,reference,existing_h8_10pct_h56_rescue,32768,5,long-text,254,0.12288212023065843,0.9996828094242126,1.0,1.0,0.9998521736260272,0.9999896552855979
test,reference,existing_h8_10pct_h56_rescue,32768,8,long-code,254,0.21532446614332537,0.999025359867126,1.0,0.9999615526574803,0.9995047048126121,1.0000503404744179
test,reference,existing_h8_10pct_h56_rescue,32768,8,long-text,254,0.10127688948270816,0.999761626476378,1.0,1.0,0.9998747555074676,0.9999438426418736
test,reference,existing_h8_10pct_h56_rescue,32768,11,long-code,254,0.1837482160300956,0.9983102392962598,1.0,0.9999692421259843,0.9991774555026993,0.9996787423233046
test,reference,existing_h8_10pct_h56_rescue,32768,11,long-text,254,0.08884418562979908,0.999146468996063,1.0,0.9999769315944882,0.9995834363793931,0.9999118688553902
test,reference,existing_h8_10pct_h56_rescue,32768,14,long-code,254,0.21666936180835275,0.98924820066437,0.9998462106299213,0.9985543799212598,0.9936992227487085,0.9991429286546665
test,reference,existing_h8_10pct_h56_rescue,32768,14,long-text,254,0.13968742506847662,0.9930333415354331,1.0,0.9995540108267716,0.996117494052908,0.9993163684166824
test,reference,existing_h8_10pct_h56_rescue,32768,17,long-code,254,0.24833961104584762,0.9923374446358267,0.9999692421259843,0.9990541953740157,0.996927826549757,1.0000995600008415
test,reference,existing_h8_10pct_h56_rescue,32768,17,long-text,254,0.12975400263214784,0.9983275406003937,1.0,0.9999231053149606,0.9991797732568868,0.9997099412232007
test,reference,existing_h8_10pct_h56_rescue,32768,21,long-code,254,0.2142961894819647,0.9867741141732284,0.999876968503937,0.9984467273622047,0.9932762267220446,0.9981531720721455
test,reference,existing_h8_10pct_h56_rescue,32768,21,long-text,254,0.1442044268797581,0.9951863927165354,0.9999692421259843,0.9995847687007874,0.9972492724044196,0.9979090025192713
test,reference,existing_h8_10pct_h56_rescue,32768,25,long-code,254,0.2583579934331201,0.9882178118848425,0.9998154527559056,0.9982391117125984,0.9923463672587596,0.9992241850636524
test,reference,existing_h8_10pct_h56_rescue,32768,25,long-text,254,0.1253003433643316,0.9969261349655512,1.0,0.9998385211614174,0.9981783570640942,0.9994517497089178
test,reference,full64_oracle,8192,2,long-code,254,0.0,1.0,1.0,1.0,1.0,1.0
test,reference,full64_oracle,8192,2,long-text,254,0.0,1.0,1.0,1.0,1.0,1.0
test,reference,full64_oracle,8192,5,long-code,254,0.0,1.0,1.0,1.0,1.0,1.0
test,reference,full64_oracle,8192,5,long-text,254,0.0,1.0,1.0,1.0,1.0,1.0
test,reference,full64_oracle,8192,8,long-code,254,0.0,1.0,1.0,1.0,1.0,1.0
test,reference,full64_oracle,8192,8,long-text,254,0.0,1.0,1.0,1.0,1.0,1.0
test,reference,full64_oracle,8192,11,long-code,254,0.0,1.0,1.0,1.0,1.0,1.0
test,reference,full64_oracle,8192,11,long-text,254,0.0,1.0,1.0,1.0,1.0,1.0
test,reference,full64_oracle,8192,14,long-code,254,0.0,1.0,1.0,1.0,1.0,1.0
test,reference,full64_oracle,8192,14,long-text,254,0.0,1.0,1.0,1.0,1.0,1.0
test,reference,full64_oracle,8192,17,long-code,254,0.0,1.0,1.0,1.0,1.0,1.0
test,reference,full64_oracle,8192,17,long-text,254,0.0,1.0,1.0,1.0,1.0,1.0
test,reference,full64_oracle,8192,21,long-code,254,0.0,1.0,1.0,1.0,1.0,1.0
test,reference,full64_oracle,8192,21,long-text,254,0.0,1.0,1.0,1.0,1.0,1.0
test,reference,full64_oracle,8192,25,long-code,254,0.0,1.0,1.0,1.0,1.0,1.0
test,reference,full64_oracle,8192,25,long-text,254,0.0,1.0,1.0,1.0,1.0,1.0
test,reference,full64_oracle,16384,2,long-code,254,0.0,1.0,1.0,1.0,1.0,1.0
test,reference,full64_oracle,16384,2,long-text,254,0.0,1.0,1.0,1.0,1.0,1.0
test,reference,full64_oracle,16384,5,long-code,254,0.0,1.0,1.0,1.0,1.0,1.0
test,reference,full64_oracle,16384,5,long-text,254,0.0,1.0,1.0,1.0,1.0,1.0
test,reference,full64_oracle,16384,8,long-code,254,0.0,1.0,1.0,1.0,1.0,1.0
test,reference,full64_oracle,16384,8,long-text,254,0.0,1.0,1.0,1.0,1.0,1.0
test,reference,full64_oracle,16384,11,long-code,254,0.0,1.0,1.0,1.0,1.0,1.0
test,reference,full64_oracle,16384,11,long-text,254,0.0,1.0,1.0,1.0,1.0,1.0
test,reference,full64_oracle,16384,14,long-code,254,0.0,1.0,1.0,1.0,1.0,1.0
test,reference,full64_oracle,16384,14,long-text,254,0.0,1.0,1.0,1.0,1.0,1.0
test,reference,full64_oracle,16384,17,long-code,254,0.0,1.0,1.0,1.0,1.0,1.0
test,reference,full64_oracle,16384,17,long-text,254,0.0,1.0,1.0,1.0,1.0,1.0
test,reference,full64_oracle,16384,21,long-code,254,0.0,1.0,1.0,1.0,1.0,1.0
test,reference,full64_oracle,16384,21,long-text,254,0.0,1.0,1.0,1.0,1.0,1.0
test,reference,full64_oracle,16384,25,long-code,254,0.0,1.0,1.0,1.0,1.0,1.0
test,reference,full64_oracle,16384,25,long-text,254,0.0,1.0,1.0,1.0,1.0,1.0
test,reference,full64_oracle,32768,2,long-code,254,0.0,1.0,1.0,1.0,1.0,1.0
test,reference,full64_oracle,32768,2,long-text,254,0.0,1.0,1.0,1.0,1.0,1.0
test,reference,full64_oracle,32768,5,long-code,254,0.0,1.0,1.0,1.0,1.0,1.0
test,reference,full64_oracle,32768,5,long-text,254,0.0,1.0,1.0,1.0,1.0,1.0
test,reference,full64_oracle,32768,8,long-code,254,0.0,1.0,1.0,1.0,1.0,1.0
test,reference,full64_oracle,32768,8,long-text,254,0.0,1.0,1.0,1.0,1.0,1.0
test,reference,full64_oracle,32768,11,long-code,254,0.0,1.0,1.0,1.0,1.0,1.0
test,reference,full64_oracle,32768,11,long-text,254,0.0,1.0,1.0,1.0,1.0,1.0
test,reference,full64_oracle,32768,14,long-code,254,0.0,1.0,1.0,1.0,1.0,1.0
test,reference,full64_oracle,32768,14,long-text,254,0.0,1.0,1.0,1.0,1.0,1.0
test,reference,full64_oracle,32768,17,long-code,254,0.0,1.0,1.0,1.0,1.0,1.0
test,reference,full64_oracle,32768,17,long-text,254,0.0,1.0,1.0,1.0,1.0,1.0
test,reference,full64_oracle,32768,21,long-code,254,0.0,1.0,1.0,1.0,1.0,1.0
test,reference,full64_oracle,32768,21,long-text,254,0.0,1.0,1.0,1.0,1.0,1.0
test,reference,full64_oracle,32768,25,long-code,254,0.0,1.0,1.0,1.0,1.0,1.0
test,reference,full64_oracle,32768,25,long-text,254,0.0,1.0,1.0,1.0,1.0,1.0
validation,hybrid_temporal_hot_full_cold_h8,layer_affine_h8,8192,2,long-code,127,0.041005991172077,0.9962821419783464,1.0,0.9999846210629921,0.99958219157431,0.9999123083126539
validation,hybrid_temporal_hot_full_cold_h8,layer_affine_h8,8192,2,long-text,127,0.044712612167748356,0.9973894254429134,1.0,0.9999846210629921,0.9998414257005578,0.9999435722785959
validation,hybrid_temporal_hot_full_cold_h8,layer_affine_h8,8192,5,long-code,127,0.11510856903395403,0.9894654281496063,1.0,1.0,0.9991265178227143,0.9997092537201782
validation,hybrid_temporal_hot_full_cold_h8,layer_affine_h8,8192,5,long-text,127,0.04734348246252615,0.9950172244094488,1.0,1.0,0.9996130264458538,0.9998569058448095
validation,hybrid_temporal_hot_full_cold_h8,layer_affine_h8,8192,8,long-code,127,0.046218454588924165,0.9843557763287402,1.0,1.0,0.9993540626187563,0.9998100153949872
validation,hybrid_temporal_hot_full_cold_h8,layer_affine_h8,8192,8,long-text,127,0.02147367202903754,0.9943559301181102,1.0,1.0,0.9996700427443524,0.999828146817557
validation,hybrid_temporal_hot_full_cold_h8,layer_affine_h8,8192,11,long-code,127,0.05598829227555316,0.9945443220964567,1.0,1.0,0.9994536142323172,0.999928596965828
validation,hybrid_temporal_hot_full_cold_h8,layer_affine_h8,8192,11,long-text,127,0.02655892864755816,0.9951748585137795,1.0,1.0,0.9995828925744457,0.9999432943682451
validation,hybrid_temporal_hot_full_cold_h8,layer_affine_h8,8192,14,long-code,127,0.056560449083619874,0.993160217765748,1.0,1.0,0.999024631064832,0.9999563386194165
validation,hybrid_temporal_hot_full_cold_h8,layer_affine_h8,8192,14,long-text,127,0.01281047382454668,0.9985236220472441,1.0,1.0,0.999768210615036,1.0000317760354438
validation,hybrid_temporal_hot_full_cold_h8,layer_affine_h8,8192,17,long-code,127,0.011161346429063702,0.993656188484252,1.0,1.0,0.9994269824311343,0.9994095175944465
validation,hybrid_temporal_hot_full_cold_h8,layer_affine_h8,8192,17,long-text,127,0.00960920204098474,0.9982468011811023,1.0,1.0,0.9998121440856015,0.9999180354767327
validation,hybrid_temporal_hot_full_cold_h8,layer_affine_h8,8192,21,long-code,127,0.0038968143615544545,0.9947634719488189,1.0,1.0,0.998564034825222,0.9995727443811413
validation,hybrid_temporal_hot_full_cold_h8,layer_affine_h8,8192,21,long-text,127,0.03456596629510322,0.9972510150098425,1.0,1.0,0.9995496923377298,0.999705791461073
validation,hybrid_temporal_hot_full_cold_h8,layer_affine_h8,8192,25,long-code,127,0.03839498423226674,0.994021438238189,1.0,1.0,0.9991595944247057,0.9997411123841241
validation,hybrid_temporal_hot_full_cold_h8,layer_affine_h8,8192,25,long-text,127,0.013517422196523013,0.9934639517716536,1.0,0.9999846210629921,0.9989363542551338,0.9996452706487154
validation,hybrid_temporal_hot_full_cold_h8,layer_affine_h8,16384,2,long-code,127,0.2596507568244889,0.984986312746063,0.9999384842519685,0.9989542322834646,0.9975450905296045,0.9995110969585468
validation,hybrid_temporal_hot_full_cold_h8,layer_affine_h8,16384,2,long-text,127,0.29540324325591616,0.9838982529527559,0.999876968503937,0.9988927165354331,0.9963619184895682,0.9991539312943599
validation,hybrid_temporal_hot_full_cold_h8,layer_affine_h8,16384,5,long-code,127,0.3942043303281087,0.988031342273622,1.0,0.9996616633858267,0.9960598627750495,0.9941870883694449
validation,hybrid_temporal_hot_full_cold_h8,layer_affine_h8,16384,5,long-text,127,0.40460048474247884,0.9890348179133859,1.0,0.9996924212598425,0.9961200740233345,0.9990528271725914
validation,hybrid_temporal_hot_full_cold_h8,layer_affine_h8,16384,8,long-code,127,0.4659659126699897,0.9906572957677166,1.0,0.9999692421259843,0.9974065207150172,0.9907819013651762
validation,hybrid_temporal_hot_full_cold_h8,layer_affine_h8,16384,8,long-text,127,0.5167977111765462,0.9934985543799213,1.0,0.9999846210629921,0.9980921930176593,0.9974706420439573
validation,hybrid_temporal_hot_full_cold_h8,layer_affine_h8,16384,11,long-code,127,0.3354883462619349,0.9902689776082677,1.0,0.9998923474409449,0.9968839113856608,0.9993424592320187
validation,hybrid_temporal_hot_full_cold_h8,layer_affine_h8,16384,11,long-text,127,0.363858822677918,0.9922413262795275,1.0,0.9999231053149606,0.9963014375392704,0.9998541178090237
validation,hybrid_temporal_hot_full_cold_h8,layer_affine_h8,16384,14,long-code,127,0.27579344435765074,0.989142470472441,0.9999384842519685,0.9992464320866141,0.9956978219549067,0.9995040050031183
validation,hybrid_temporal_hot_full_cold_h8,layer_affine_h8,16384,14,long-text,127,0.20556524347780583,0.9877852792814961,1.0,0.9996616633858267,0.9944551739066357,1.0001327741093333
validation,hybrid_temporal_hot_full_cold_h8,layer_affine_h8,16384,17,long-code,127,0.13541877060325969,0.9783349224901575,0.9999384842519685,0.9998154527559056,0.9952050028394932,1.0003601237141144
validation,hybrid_temporal_hot_full_cold_h8,layer_affine_h8,16384,17,long-text,127,0.191102178169612,0.9939483882874016,0.9999384842519685,0.9998615895669292,0.9984936959293513,1.0000422056248395
validation,hybrid_temporal_hot_full_cold_h8,layer_affine_h8,16384,21,long-code,127,0.040730291337902035,0.9749284879429134,1.0,1.0,0.9960103784818546,0.9975578690606947
validation,hybrid_temporal_hot_full_cold_h8,layer_affine_h8,16384,21,long-text,127,0.1268691509724187,0.9900728961614174,1.0,0.9999846210629921,0.9977743284418961,0.9987174345619565
validation,hybrid_temporal_hot_full_cold_h8,layer_affine_h8,16384,25,long-code,127,0.32648023052098574,0.9918606975885826,1.0,0.999876968503937,0.9968791876078926,0.9967392159066254
validation,hybrid_temporal_hot_full_cold_h8,layer_affine_h8,16384,25,long-text,127,0.3483109271555041,0.9931333046259843,1.0,0.9999384842519685,0.9973862094108705,0.9982167846139487
validation,hybrid_temporal_hot_full_cold_h8,layer_affine_h8,32768,2,long-code,127,0.5184317472432869,0.9578040415846457,0.9984005905511811,0.994017593503937,0.9843768577731713,0.9967179604712396
validation,hybrid_temporal_hot_full_cold_h8,layer_affine_h8,32768,2,long-text,127,0.5117242174433945,0.9504567544291339,0.9988312007874016,0.9929410679133859,0.9809949231406014,0.9950397948234172
validation,hybrid_temporal_hot_full_cold_h8,layer_affine_h8,32768,5,long-code,127,0.5658517068636052,0.9584884042814961,0.9984005905511811,0.9927718996062992,0.9757081578574486,0.9979275723119927
validation,hybrid_temporal_hot_full_cold_h8,layer_affine_h8,32768,5,long-text,127,0.5426628255340252,0.9563738004429134,0.99876968503937,0.9928641732283464,0.9745029221385867,0.9979443962537646
validation,hybrid_temporal_hot_full_cold_h8,layer_affine_h8,32768,8,long-code,127,0.5318935155354628,0.9536901759350394,0.9973548228346457,0.9880044291338582,0.9697682838269008,0.9988110552759576
validation,hybrid_temporal_hot_full_cold_h8,layer_affine_h8,32768,8,long-text,127,0.559721312187391,0.9376307209645669,0.9954478346456693,0.9849286417322834,0.9594811245794493,0.998514501565735
validation,hybrid_temporal_hot_full_cold_h8,layer_affine_h8,32768,11,long-code,127,0.4984456833232934,0.967400498277559,0.9996924212598425,0.9959092027559056,0.9804509218547385,0.9960583049903342
validation,hybrid_temporal_hot_full_cold_h8,layer_affine_h8,32768,11,long-text,127,0.5010540291691492,0.9681617556594488,0.999876968503937,0.9971548966535433,0.9822481559403745,1.000722886172434
validation,hybrid_temporal_hot_full_cold_h8,layer_affine_h8,32768,14,long-code,127,0.36164448059868787,0.9655165784940944,0.9995693897637795,0.994386687992126,0.9791801018156373,0.9978853686338971
validation,hybrid_temporal_hot_full_cold_h8,layer_affine_h8,32768,14,long-text,127,0.3703329724053104,0.9623831200787402,0.9987081692913385,0.9939406988188977,0.9767932677554371,0.9995935257249033
validation,hybrid_temporal_hot_full_cold_h8,layer_affine_h8,32768,17,long-code,127,0.33052252767931833,0.9768739234744095,0.999630905511811,0.9976624015748031,0.9897472215857418,0.9981091898035356
validation,hybrid_temporal_hot_full_cold_h8,layer_affine_h8,32768,17,long-text,127,0.32454170354444617,0.9637672244094488,0.9985851377952756,0.9909418061023622,0.9774257408465,0.9955340746741659
validation,hybrid_temporal_hot_full_cold_h8,layer_affine_h8,32768,21,long-code,127,0.19740117991725825,0.9596610482283464,1.0,0.9997385580708661,0.9851371088054413,0.9987576168194517
validation,hybrid_temporal_hot_full_cold_h8,layer_affine_h8,32768,21,long-text,127,0.250949038473576,0.9811877153051181,1.0,0.9992002952755905,0.9913675804525904,0.9966208781831988
validation,hybrid_temporal_hot_full_cold_h8,layer_affine_h8,32768,25,long-code,127,0.39367890074099454,0.974490188238189,0.9994463582677166,0.9955401082677166,0.9846520453187907,0.9971951788621538
validation,hybrid_temporal_hot_full_cold_h8,layer_affine_h8,32768,25,long-text,127,0.3553223714698054,0.953732468011811,0.9967396653543307,0.9858206200787402,0.9684607655178948,0.9833437005045286
validation,hybrid_temporal_hot_full_cold_h8,raw_h8,8192,2,long-code,127,0.02268485834584346,0.987789124015748,1.0,1.0,0.9990046517168865,0.9996413378672313
validation,hybrid_temporal_hot_full_cold_h8,raw_h8,8192,2,long-text,127,0.025002946066128462,0.9928065022145669,1.0,1.0,0.99968365185764,0.999851534286111
validation,hybrid_temporal_hot_full_cold_h8,raw_h8,8192,5,long-code,127,0.05890230992259073,0.8745924581692913,1.0,1.0,0.9879954251812562,0.995576783068423
validation,hybrid_temporal_hot_full_cold_h8,raw_h8,8192,5,long-text,127,0.02424180240699319,0.9353431040846457,1.0,1.0,0.9928163345082651,0.9965531310949312
validation,hybrid_temporal_hot_full_cold_h8,raw_h8,8192,8,long-code,127,0.03493864859164803,0.8632966289370079,1.0,1.0,0.9945190482123051,0.9978309071682409
validation,hybrid_temporal_hot_full_cold_h8,raw_h8,8192,8,long-text,127,0.0124437209091678,0.9501953125,1.0,1.0,0.9967979813428196,0.9987402178937573
validation,hybrid_temporal_hot_full_cold_h8,raw_h8,8192,11,long-code,127,0.028250972820289672,0.9272614726870079,1.0,1.0,0.992068863083495,0.9981014961123613
validation,hybrid_temporal_hot_full_cold_h8,raw_h8,8192,11,long-text,127,0.01757137610355965,0.9498339074803149,1.0,1.0,0.9960084915265778,0.9988728534237575
validation,hybrid_temporal_hot_full_cold_h8,raw_h8,8192,14,long-code,127,0.029014633663466467,0.9152043860728346,1.0,1.0,0.986038252227668,0.9967656738231384
validation,hybrid_temporal_hot_full_cold_h8,raw_h8,8192,14,long-text,127,0.004219489440830507,0.9879429133858267,1.0,1.0,0.998556030631648,0.9996082540508996
validation,hybrid_temporal_hot_full_cold_h8,raw_h8,8192,17,long-code,127,0.00934655778514941,0.9581846702755905,1.0,1.0,0.994822920340156,0.997616769888432
validation,hybrid_temporal_hot_full_cold_h8,raw_h8,8192,17,long-text,127,0.006189770687180109,0.9726062684547244,1.0,1.0,0.9955287430237856,0.9980025688660528
validation,hybrid_temporal_hot_full_cold_h8,raw_h8,8192,21,long-code,127,0.0034179321652278794,0.9844096026082677,1.0,1.0,0.996749874449864,0.9984838841854189
validation,hybrid_temporal_hot_full_cold_h8,raw_h8,8192,21,long-text,127,0.015061005712303958,0.9564314714566929,1.0,1.0,0.9913868344105499,0.9940243021930488
validation,hybrid_temporal_hot_full_cold_h8,raw_h8,8192,25,long-code,127,0.028130810213790963,0.8834622600885826,1.0,1.0,0.9797565407787877,0.9932074856786904
validation,hybrid_temporal_hot_full_cold_h8,raw_h8,8192,25,long-text,127,0.009137301878378688,0.9606299212598425,1.0,1.0,0.9928023522377301,0.9975090625174705
validation,hybrid_temporal_hot_full_cold_h8,raw_h8,16384,2,long-code,127,0.17415398753246297,0.9805110420767716,1.0,0.999876968503937,0.9975944769488807,0.9994847232072736
validation,hybrid_temporal_hot_full_cold_h8,raw_h8,16384,2,long-text,127,0.21422192900977705,0.9793883796751969,1.0,0.9998154527559056,0.9967979217823733,0.999240768893788
validation,hybrid_temporal_hot_full_cold_h8,raw_h8,16384,5,long-code,127,0.21592998539191385,0.9065575787401575,1.0,1.0,0.9727276622654614,0.993645884906645
validation,hybrid_temporal_hot_full_cold_h8,raw_h8,16384,5,long-text,127,0.19640468861841132,0.8747808501476378,1.0,1.0,0.9609057837993298,0.9973164162575701
validation,hybrid_temporal_hot_full_cold_h8,raw_h8,16384,8,long-code,127,0.2545022579941753,0.8417891855314961,1.0,1.0,0.9644452514498381,0.9952901789325413
validation,hybrid_temporal_hot_full_cold_h8,raw_h8,16384,8,long-text,127,0.3379065233231774,0.9023860420767716,1.0,1.0,0.9774397162157112,0.9764312227311572
validation,hybrid_temporal_hot_full_cold_h8,raw_h8,16384,11,long-code,127,0.16316231485007024,0.9063038262795275,1.0,1.0,0.9737925930419186,0.9896244448010797
validation,hybrid_temporal_hot_full_cold_h8,raw_h8,16384,11,long-text,127,0.16627629417867532,0.8972763902559056,1.0,1.0,0.9539578630611777,0.9967812169038921
validation,hybrid_temporal_hot_full_cold_h8,raw_h8,16384,14,long-code,127,0.11173576054951284,0.898441344734252,1.0,0.99681656003937,0.9664850633980783,0.9901746457901843
validation,hybrid_temporal_hot_full_cold_h8,raw_h8,16384,14,long-text,127,0.07878050882723071,0.8751268762303149,1.0,1.0,0.9559828722906744,0.988473342425756
validation,hybrid_temporal_hot_full_cold_h8,raw_h8,16384,17,long-code,127,0.0762009820286259,0.5941037155511811,0.9950172244094488,0.9267193651574803,0.8751899281103827,0.9432339458897954
validation,hybrid_temporal_hot_full_cold_h8,raw_h8,16384,17,long-text,127,0.07136724269346453,0.7305956262303149,1.0,0.9985697588582677,0.9359715273921252,0.974380220097125
validation,hybrid_temporal_hot_full_cold_h8,raw_h8,16384,21,long-code,127,0.037321295241603415,0.7151397945374016,0.9961245078740157,0.9867894931102362,0.932121575217284,0.9503512768558675
validation,hybrid_temporal_hot_full_cold_h8,raw_h8,16384,21,long-text,127,0.06559161640843714,0.7312261626476378,1.0,0.9999231053149606,0.9442650262184249,0.9515974922421079
validation,hybrid_temporal_hot_full_cold_h8,raw_h8,16384,25,long-code,127,0.13357964991891083,0.6468380905511811,1.0,0.9918953001968503,0.8521708206801585,0.9794541770363704
validation,hybrid_temporal_hot_full_cold_h8,raw_h8,16384,25,long-text,127,0.13556004692450435,0.628664031742126,1.0,0.99876968503937,0.8430772488800331,0.930408127330146
validation,hybrid_temporal_hot_full_cold_h8,raw_h8,32768,2,long-code,127,0.4569657820505896,0.9661163570374016,0.9995693897637795,0.9970933809055118,0.9880497626109399,0.9974468415606947
validation,hybrid_temporal_hot_full_cold_h8,raw_h8,32768,2,long-text,127,0.47707034085790506,0.9608529158464567,0.9993233267716536,0.9958015501968503,0.9856254078449888,0.9962123640161261
validation,hybrid_temporal_hot_full_cold_h8,raw_h8,32768,5,long-code,127,0.32094078072853816,0.8410356176181102,1.0,1.0,0.9224886159349589,0.9942296429601262
validation,hybrid_temporal_hot_full_cold_h8,raw_h8,32768,5,long-text,127,0.26702801771436857,0.792603500246063,1.0,0.9992464320866141,0.8970744372718663,0.9840105340591858
validation,hybrid_temporal_hot_full_cold_h8,raw_h8,32768,8,long-code,127,0.32821578459481204,0.8741887610728346,1.0,0.9999692421259843,0.9370803368292157,0.9930805968828553
validation,hybrid_temporal_hot_full_cold_h8,raw_h8,32768,8,long-text,127,0.34051673968986923,0.916388564222441,1.0,0.9999692421259843,0.9604905047679266,0.9912271399781457
validation,hybrid_temporal_hot_full_cold_h8,raw_h8,32768,11,long-code,127,0.27752034488502814,0.9057348056102362,1.0,1.0,0.9543998155954067,0.9968858948255623
validation,hybrid_temporal_hot_full_cold_h8,raw_h8,32768,11,long-text,127,0.2598615465853888,0.8667069082185039,1.0,1.0,0.9374907020654144,0.9931309297831755
validation,hybrid_temporal_hot_full_cold_h8,raw_h8,32768,14,long-code,127,0.16839160060729413,0.8125768946850394,1.0,0.9986005167322834,0.9058173058633087,0.9952485567116486
validation,hybrid_temporal_hot_full_cold_h8,raw_h8,32768,14,long-text,127,0.16855177864386256,0.8439076341043307,1.0,1.0,0.9176655646524017,0.9864932485913275
validation,hybrid_temporal_hot_full_cold_h8,raw_h8,32768,17,long-code,127,0.1592834106167385,0.42300535187007876,0.9817298228346457,0.8436577263779528,0.6940460637333831,0.9482154577260717
validation,hybrid_temporal_hot_full_cold_h8,raw_h8,32768,17,long-text,127,0.1226965683229532,0.6171452079232284,1.0,0.97923843503937,0.7898183209608923,0.95691556702372
validation,hybrid_temporal_hot_full_cold_h8,raw_h8,32768,21,long-code,127,0.1167500274982942,0.4653781680610236,0.969242125984252,0.8650344488188977,0.746787612451484,0.9483104151555388
validation,hybrid_temporal_hot_full_cold_h8,raw_h8,32768,21,long-text,127,0.10350294360522352,0.72607421875,1.0,0.9956477608267716,0.8725902122238011,0.9790687098361226
validation,hybrid_temporal_hot_full_cold_h8,raw_h8,32768,25,long-code,127,0.17564368959733692,0.5063092089074803,0.9964320866141733,0.9523406742125984,0.7146461760916032,0.9797960265087493
validation,hybrid_temporal_hot_full_cold_h8,raw_h8,32768,25,long-text,127,0.13387255684792607,0.5324572465551181,1.0,0.9698880413385826,0.724143958668064,0.9586828156684304
validation,hybrid_temporal_hot_full_cold_h8,t1_layer,8192,2,long-code,127,0.045479795267404956,0.9984044352854331,1.0,0.9999846210629921,0.9998822125424928,0.9999937430974386
validation,hybrid_temporal_hot_full_cold_h8,t1_layer,8192,2,long-text,127,0.04947123576337282,0.9981583722933071,1.0,1.0,0.9998638542154583,0.9999788025267964
validation,hybrid_temporal_hot_full_cold_h8,t1_layer,8192,5,long-code,127,0.12900791478843837,0.9954670583169292,1.0,0.9999846210629921,0.9997069442055242,0.9999499915543265
validation,hybrid_temporal_hot_full_cold_h8,t1_layer,8192,5,long-text,127,0.054926777386117814,0.99634750246063,1.0,0.9999692421259843,0.9996694022980557,0.9998920083212052
validation,hybrid_temporal_hot_full_cold_h8,t1_layer,8192,8,long-code,127,0.05733028385749546,0.9934255044291339,1.0,0.9999846210629921,0.9997866992474653,0.9999485901635249
validation,hybrid_temporal_hot_full_cold_h8,t1_layer,8192,8,long-text,127,0.025422684661948757,0.9967204416830708,1.0,1.0,0.9998103818622541,0.9998595418827644
validation,hybrid_temporal_hot_full_cold_h8,t1_layer,8192,11,long-code,127,0.061910968100219135,0.9966397022637795,1.0,1.0,0.9996717489791127,0.9999839311674719
validation,hybrid_temporal_hot_full_cold_h8,t1_layer,8192,11,long-text,127,0.02869411185667769,0.9972125676673228,1.0,1.0,0.9997866892062524,0.9999547147721259
validation,hybrid_temporal_hot_full_cold_h8,t1_layer,8192,14,long-code,127,0.06429800433874751,0.9948019192913385,1.0,1.0,0.9992283703953313,0.9999430502834914
validation,hybrid_temporal_hot_full_cold_h8,t1_layer,8192,14,long-text,127,0.013562662000832825,0.9984659510334646,1.0,1.0,0.9997513270301126,1.000037458779
validation,hybrid_temporal_hot_full_cold_h8,t1_layer,8192,17,long-code,127,0.014477404457315048,0.994632750984252,1.0,1.0,0.9993693040612933,0.9998180422682932
validation,hybrid_temporal_hot_full_cold_h8,t1_layer,8192,17,long-text,127,0.01062081756384879,0.9988081323818898,1.0,1.0,0.999791972462875,0.9999581149409046
validation,hybrid_temporal_hot_full_cold_h8,t1_layer,8192,21,long-code,127,0.004591182242395315,0.9971395177165354,1.0,1.0,0.9992149860754811,0.9997897808163405
validation,hybrid_temporal_hot_full_cold_h8,t1_layer,8192,21,long-text,127,0.036595908743883306,0.998650498277559,1.0,1.0,0.9997461053981916,0.999894729947446
validation,hybrid_temporal_hot_full_cold_h8,t1_layer,8192,25,long-code,127,0.04837715407287029,0.996578186515748,1.0,0.9999846210629921,0.9995507917986587,0.9999186219834668
validation,hybrid_temporal_hot_full_cold_h8,t1_layer,8192,25,long-text,127,0.013944641998861595,0.9965205155019685,1.0,0.9999846210629921,0.9994289992165807,0.9998351747991653
validation,hybrid_temporal_hot_full_cold_h8,t1_layer,16384,2,long-code,127,0.2270649280841132,0.9888694943405512,1.0,0.9996462844488189,0.99839757401545,0.9997965200565174
validation,hybrid_temporal_hot_full_cold_h8,t1_layer,16384,2,long-text,127,0.26518369630777355,0.9883466104822834,1.0,0.999753937007874,0.9976507337164652,0.9996138407309633
validation,hybrid_temporal_hot_full_cold_h8,t1_layer,16384,5,long-code,127,0.37761743181348856,0.991460845226378,1.0,0.9999077263779528,0.9972903086755366,0.9975680712174114
validation,hybrid_temporal_hot_full_cold_h8,t1_layer,16384,5,long-text,127,0.3904311351174503,0.99267578125,1.0,0.9998923474409449,0.9974835422147157,0.9991173669629799
validation,hybrid_temporal_hot_full_cold_h8,t1_layer,16384,8,long-code,127,0.47269628071491726,0.9911571112204725,1.0,0.9999077263779528,0.9974001948994975,0.9931860893972894
validation,hybrid_temporal_hot_full_cold_h8,t1_layer,16384,8,long-text,127,0.5154057522251492,0.9943136380413385,1.0,0.9999846210629921,0.9983160514267371,0.9977526291149337
validation,hybrid_temporal_hot_full_cold_h8,t1_layer,16384,11,long-code,127,0.3320586613951163,0.9915684977854331,1.0,0.9999538631889764,0.9973013981536879,0.999527267612367
validation,hybrid_temporal_hot_full_cold_h8,t1_layer,16384,11,long-text,127,0.35272764355869907,0.9936754121555118,1.0,0.999876968503937,0.9969641035558049,0.9998827173590351
validation,hybrid_temporal_hot_full_cold_h8,t1_layer,16384,14,long-code,127,0.26359215957179694,0.9923835814468503,1.0,0.9996770423228346,0.99704338142569,0.9995626625873552
validation,hybrid_temporal_hot_full_cold_h8,t1_layer,16384,14,long-text,127,0.19391362037077117,0.990972563976378,1.0,0.9999231053149606,0.9960965860388563,0.9999452766462357
validation,hybrid_temporal_hot_full_cold_h8,t1_layer,16384,17,long-code,127,0.14468215055510542,0.9831715981791339,0.999876968503937,0.9996770423228346,0.9961894817705963,0.9998231966174399
validation,hybrid_temporal_hot_full_cold_h8,t1_layer,16384,17,long-text,127,0.1802528919490901,0.9950633612204725,1.0,0.9999538631889764,0.99884918688722,1.0000345545487637
validation,hybrid_temporal_hot_full_cold_h8,t1_layer,16384,21,long-code,127,0.05113745385937036,0.9888618048720472,1.0,0.9999692421259843,0.9984356029632759,0.9990692021647104
validation,hybrid_temporal_hot_full_cold_h8,t1_layer,16384,21,long-text,127,0.13777094299989812,0.9916377030019685,1.0,0.9998615895669292,0.9978185469860378,0.9985002742861935
validation,hybrid_temporal_hot_full_cold_h8,t1_layer,16384,25,long-code,127,0.33230538058414805,0.99388687253937,1.0,0.9998923474409449,0.9975826147674439,0.9973655127967537
validation,hybrid_temporal_hot_full_cold_h8,t1_layer,16384,25,long-text,127,0.33692478895133665,0.9944443590059056,1.0,1.0,0.9979733943360827,0.998607219680893
validation,hybrid_temporal_hot_full_cold_h8,t1_layer,32768,2,long-code,127,0.4604103893129576,0.9756666769192913,0.9998154527559056,0.9980776328740157,0.9915000428963762,0.9986477545273789
validation,hybrid_temporal_hot_full_cold_h8,t1_layer,32768,2,long-text,127,0.45540437185660126,0.9691075602854331,1.0,0.9978623277559056,0.9891909168555528,0.9974246720001284
validation,hybrid_temporal_hot_full_cold_h8,t1_layer,32768,5,long-code,127,0.519154480846871,0.9773083784448819,0.9998154527559056,0.9981852854330708,0.9873942554229278,0.9990131179305953
validation,hybrid_temporal_hot_full_cold_h8,t1_layer,32768,5,long-text,127,0.49286682313399255,0.9733521468996063,0.9993848425196851,0.997185654527559,0.985009408584482,0.9988022583740567
validation,hybrid_temporal_hot_full_cold_h8,t1_layer,32768,8,long-code,127,0.507023192460815,0.9672197957677166,0.99876968503937,0.9928949311023622,0.9789581759825885,0.9996211772378867
validation,hybrid_temporal_hot_full_cold_h8,t1_layer,32768,8,long-text,127,0.536831106004713,0.9526828555610236,0.9977239173228346,0.9910187007874016,0.9701680019122603,0.9996087652671275
validation,hybrid_temporal_hot_full_cold_h8,t1_layer,32768,11,long-code,127,0.4616852910132031,0.980718657726378,1.0,0.9986620324803149,0.9889142770290925,0.9976295470281371
validation,hybrid_temporal_hot_full_cold_h8,t1_layer,32768,11,long-text,127,0.46637136168510335,0.9786232775590551,1.0,0.9990465059055118,0.9885188172437204,1.000124086467179
validation,hybrid_temporal_hot_full_cold_h8,t1_layer,32768,14,long-code,127,0.3289263841557712,0.9768239419291339,0.999876968503937,0.9975855068897638,0.98659197012314,0.9984638953983781
validation,hybrid_temporal_hot_full_cold_h8,t1_layer,32768,14,long-text,127,0.3282349048848974,0.9776736281988189,0.9996924212598425,0.9978469488188977,0.9867821686847421,0.9998210904608026
validation,hybrid_temporal_hot_full_cold_h8,t1_layer,32768,17,long-code,127,0.3056360291976393,0.9760396161417323,0.999876968503937,0.9986466535433071,0.9905897158049374,0.9998663669695355
validation,hybrid_temporal_hot_full_cold_h8,t1_layer,32768,17,long-text,127,0.27724270168208603,0.9767662709153543,0.999753937007874,0.9973855807086615,0.9866771624046828,0.9967171726906037
validation,hybrid_temporal_hot_full_cold_h8,t1_layer,32768,21,long-code,127,0.21227497163562226,0.9799497108759843,1.0,0.9998154527559056,0.993312392008709,1.0009570272542032
validation,hybrid_temporal_hot_full_cold_h8,t1_layer,32768,21,long-text,127,0.24736383902823114,0.9844403604822834,1.0,0.9993233267716536,0.9927450915642738,0.9965266363141604
validation,hybrid_temporal_hot_full_cold_h8,t1_layer,32768,25,long-code,127,0.3780799748800845,0.9802419106791339,0.9998154527559056,0.997677780511811,0.9885797051774279,0.9982385962577043
validation,hybrid_temporal_hot_full_cold_h8,t1_layer,32768,25,long-text,127,0.31397681774416,0.968500092273622,0.9982160433070866,0.9915877214566929,0.9789925421364039,0.98815868389651
validation,pure_no_h56,global_affine_h8,8192,2,long-code,127,0.875,0.7678395669291339,0.9985851377952756,0.9771930364173228,0.979328899520337,0.9924752230791252
validation,pure_no_h56,global_affine_h8,8192,2,long-text,127,0.875,0.7497270238681102,0.9963705708661418,0.9721795029527559,0.978811376965581,0.985898563989997
validation,pure_no_h56,global_affine_h8,8192,5,long-code,127,0.875,0.8323349840059056,1.0,0.9994002214566929,0.9874823154211788,0.9929792588579703
validation,pure_no_h56,global_affine_h8,8192,5,long-text,127,0.875,0.8281596026082677,0.9999384842519685,0.997185654527559,0.9805799632535448,0.9897819481830816
validation,pure_no_h56,global_affine_h8,8192,8,long-code,127,0.875,0.8073903481791339,1.0,0.9981083907480315,0.9897958838794257,0.994528394151472
validation,pure_no_h56,global_affine_h8,8192,8,long-text,127,0.875,0.8084937869094488,1.0,0.9976931594488189,0.9848012319261696,0.9921712023585144
validation,pure_no_h56,global_affine_h8,8192,11,long-code,127,0.875,0.8529927411417323,1.0,0.9997231791338582,0.9834853847137934,0.9969293852950477
validation,pure_no_h56,global_affine_h8,8192,11,long-text,127,0.875,0.842531219242126,1.0,0.9993540846456693,0.9835289287034644,0.9955206821169835
validation,pure_no_h56,global_affine_h8,8192,14,long-code,127,0.875,0.8375561331200787,0.9999384842519685,0.998046875,0.9709547280528422,0.9919743940429345
validation,pure_no_h56,global_affine_h8,8192,14,long-text,127,0.875,0.8243533156988189,0.9999384842519685,0.9990772637795275,0.9731102008781986,0.9902931389664834
validation,pure_no_h56,global_affine_h8,8192,17,long-code,127,0.875,0.7789931409940944,0.9988312007874016,0.9857283464566929,0.971372667176842,0.9843354910258528
validation,pure_no_h56,global_affine_h8,8192,17,long-text,127,0.875,0.7630528727854331,0.999261811023622,0.9809916338582677,0.956617621540368,0.982846744775754
validation,pure_no_h56,global_affine_h8,8192,21,long-code,127,0.875,0.8185093196358267,0.999630905511811,0.9947250246062992,0.9664470319889724,0.9800276717491491
validation,pure_no_h56,global_affine_h8,8192,21,long-text,127,0.875,0.8360336183562992,1.0,0.9978469488188977,0.9596755381735121,0.9871153549692512
validation,pure_no_h56,global_affine_h8,8192,25,long-code,127,0.875,0.8052757443405512,1.0,0.9946481299212598,0.9624850509175531,0.9877025133198056
validation,pure_no_h56,global_affine_h8,8192,25,long-text,127,0.875,0.7665784940944882,0.9979084645669292,0.9851285679133859,0.9459839234440888,0.9813419807290634
validation,pure_no_h56,global_affine_h8,16384,2,long-code,127,0.875,0.7255205770177166,0.991326279527559,0.9503260334645669,0.9444975829349859,0.9853586286980599
validation,pure_no_h56,global_affine_h8,16384,2,long-text,127,0.875,0.668829970472441,0.9622293307086615,0.8916246309055118,0.9026582657678798,0.9793362422062899
validation,pure_no_h56,global_affine_h8,16384,5,long-code,127,0.875,0.824337936761811,0.9996924212598425,0.996216781496063,0.9472678832854002,0.9608481042323789
validation,pure_no_h56,global_affine_h8,16384,5,long-text,127,0.875,0.7974517101377953,0.9994463582677166,0.9898960383858267,0.9226412238239967,0.9729386588962757
validation,pure_no_h56,global_affine_h8,16384,8,long-code,127,0.875,0.8389056348425197,1.0,0.9982775590551181,0.9564985322728802,0.959169237214362
validation,pure_no_h56,global_affine_h8,16384,8,long-text,127,0.875,0.8519123708169292,1.0,0.9993540846456693,0.9551523689366453,0.957313419118002
validation,pure_no_h56,global_affine_h8,16384,11,long-code,127,0.875,0.8344457431102362,1.0,0.9984467273622047,0.9478315384823366,0.9846722597550466
validation,pure_no_h56,global_affine_h8,16384,11,long-text,127,0.875,0.7911078986220472,0.9961860236220472,0.9817298228346457,0.8888340744844762,0.9957836091630455
validation,pure_no_h56,global_affine_h8,16384,14,long-code,127,0.875,0.8111927903543307,0.999876968503937,0.9960014763779528,0.9333641004852736,0.9779105050911491
validation,pure_no_h56,global_affine_h8,16384,14,long-text,127,0.875,0.7714574618602362,0.9983390748031497,0.9880967027559056,0.905524673693064,0.970231389190063
validation,pure_no_h56,global_affine_h8,16384,17,long-code,127,0.875,0.7308916707677166,0.9974778543307087,0.9693805364173228,0.9335354854637913,0.9612611394965843
validation,pure_no_h56,global_affine_h8,16384,17,long-text,127,0.875,0.7578586368110236,0.9999384842519685,0.9896499753937008,0.9380711799532571,0.9613281293043938
validation,pure_no_h56,global_affine_h8,16384,21,long-code,127,0.875,0.7875322957677166,0.9999384842519685,0.9923259104330708,0.9596458468568974,0.9615289041393734
validation,pure_no_h56,global_affine_h8,16384,21,long-text,127,0.875,0.7903274175688977,0.999876968503937,0.9940329724409449,0.950707897231542,0.9089669833797188
validation,pure_no_h56,global_affine_h8,16384,25,long-code,127,0.875,0.7797082615649606,0.9998154527559056,0.9912493848425197,0.9066720962738274,0.966047172013679
validation,pure_no_h56,global_affine_h8,16384,25,long-text,127,0.875,0.7583930548720472,0.9993848425196851,0.9895884596456693,0.8913284909655571,0.9979486848491409
validation,pure_no_h56,global_affine_h8,32768,2,long-code,127,0.875,0.6515209768700787,0.96998031496063,0.8971764271653543,0.8520776942599717,0.973407261847169
validation,pure_no_h56,global_affine_h8,32768,2,long-text,127,0.875,0.6263610359251969,0.9659817913385826,0.8826125738188977,0.8341153485900842,0.9694762073380427
validation,pure_no_h56,global_affine_h8,32768,5,long-code,127,0.875,0.756716750738189,0.9973548228346457,0.9771007627952756,0.8702263571915065,0.9687450485362149
validation,pure_no_h56,global_affine_h8,32768,5,long-text,127,0.875,0.7213259719488189,0.9941560039370079,0.9605222687007874,0.8483170763397099,0.9684890835930652
validation,pure_no_h56,global_affine_h8,32768,8,long-code,127,0.875,0.739861435777559,0.9968011811023622,0.9740864911417323,0.8482889521842493,0.9653840052306953
validation,pure_no_h56,global_affine_h8,32768,8,long-text,127,0.875,0.7521069143700787,0.9964936023622047,0.9773314468503937,0.8561435388334494,0.948190087568698
validation,pure_no_h56,global_affine_h8,32768,11,long-code,127,0.875,0.7638448880413385,0.999261811023622,0.9857129675196851,0.8657711649602945,0.9862706341976233
validation,pure_no_h56,global_affine_h8,32768,11,long-text,127,0.875,0.751584030511811,0.9989542322834646,0.9825295275590551,0.8636357480359449,0.9905891204660061
validation,pure_no_h56,global_affine_h8,32768,14,long-code,127,0.875,0.7268739234744095,0.9987081692913385,0.9730561023622047,0.8450177502073917,0.9687181490049669
validation,pure_no_h56,global_affine_h8,32768,14,long-text,127,0.875,0.7316683070866141,0.9988312007874016,0.9746555118110236,0.8432915457913875,0.9481525666771068
validation,pure_no_h56,global_affine_h8,32768,17,long-code,127,0.875,0.6943743848425197,0.9981545275590551,0.9618140994094488,0.8576235235311249,0.9709056559822403
validation,pure_no_h56,global_affine_h8,32768,17,long-text,127,0.875,0.7026713213582677,0.9982775590551181,0.9661048228346457,0.8318614884237943,0.9552569532538943
validation,pure_no_h56,global_affine_h8,32768,21,long-code,127,0.875,0.7473778912401575,0.9993848425196851,0.9837906003937008,0.900736632953853,0.9598599251337738
validation,pure_no_h56,global_affine_h8,32768,21,long-text,127,0.875,0.7759442667322834,0.9999384842519685,0.9930794783464567,0.8969197359843893,0.9661635150680153
validation,pure_no_h56,global_affine_h8,32768,25,long-code,127,0.875,0.6924904650590551,0.9974163385826772,0.956785187007874,0.8187215027759538,0.9673482657141496
validation,pure_no_h56,global_affine_h8,32768,25,long-text,127,0.875,0.6446811946358267,0.991941437007874,0.9314406988188977,0.7746670046362815,0.9502640498662902
validation,pure_no_h56,layer_affine_h8,8192,2,long-code,127,0.875,0.7678395669291339,0.9985851377952756,0.9771930364173228,0.979328899520337,0.9924752230791252
validation,pure_no_h56,layer_affine_h8,8192,2,long-text,127,0.875,0.7497270238681102,0.9963705708661418,0.9721795029527559,0.978811376965581,0.985898563989997
validation,pure_no_h56,layer_affine_h8,8192,5,long-code,127,0.875,0.8323349840059056,1.0,0.9994002214566929,0.9874823154211788,0.9929792588579703
validation,pure_no_h56,layer_affine_h8,8192,5,long-text,127,0.875,0.8281596026082677,0.9999384842519685,0.997185654527559,0.9805799632535448,0.9897819481830816
validation,pure_no_h56,layer_affine_h8,8192,8,long-code,127,0.875,0.8073903481791339,1.0,0.9981083907480315,0.9897958838794257,0.994528394151472
validation,pure_no_h56,layer_affine_h8,8192,8,long-text,127,0.875,0.8084937869094488,1.0,0.9976931594488189,0.9848012319261696,0.9921712023585144
validation,pure_no_h56,layer_affine_h8,8192,11,long-code,127,0.875,0.8529927411417323,1.0,0.9997231791338582,0.9834853847137934,0.9969293852950477
validation,pure_no_h56,layer_affine_h8,8192,11,long-text,127,0.875,0.842531219242126,1.0,0.9993540846456693,0.9835289287034644,0.9955206821169835
validation,pure_no_h56,layer_affine_h8,8192,14,long-code,127,0.875,0.8375561331200787,0.9999384842519685,0.998046875,0.9709547280528422,0.9919743940429345
validation,pure_no_h56,layer_affine_h8,8192,14,long-text,127,0.875,0.8243533156988189,0.9999384842519685,0.9990772637795275,0.9731102008781986,0.9902931389664834
validation,pure_no_h56,layer_affine_h8,8192,17,long-code,127,0.875,0.7789931409940944,0.9988312007874016,0.9857283464566929,0.971372667176842,0.9843354910258528
validation,pure_no_h56,layer_affine_h8,8192,17,long-text,127,0.875,0.7630528727854331,0.999261811023622,0.9809916338582677,0.956617621540368,0.982846744775754
validation,pure_no_h56,layer_affine_h8,8192,21,long-code,127,0.875,0.8185093196358267,0.999630905511811,0.9947250246062992,0.9664470319889724,0.9800276717491491
validation,pure_no_h56,layer_affine_h8,8192,21,long-text,127,0.875,0.8360336183562992,1.0,0.9978469488188977,0.9596755381735121,0.9871153549692512
validation,pure_no_h56,layer_affine_h8,8192,25,long-code,127,0.875,0.8052757443405512,1.0,0.9946481299212598,0.9624850509175531,0.9877025133198056
validation,pure_no_h56,layer_affine_h8,8192,25,long-text,127,0.875,0.7665784940944882,0.9979084645669292,0.9851285679133859,0.9459839234440888,0.9813419807290634
validation,pure_no_h56,layer_affine_h8,16384,2,long-code,127,0.875,0.7255205770177166,0.991326279527559,0.9503260334645669,0.9444975829349859,0.9853586286980599
validation,pure_no_h56,layer_affine_h8,16384,2,long-text,127,0.875,0.668829970472441,0.9622293307086615,0.8916246309055118,0.9026582657678798,0.9793362422062899
validation,pure_no_h56,layer_affine_h8,16384,5,long-code,127,0.875,0.824337936761811,0.9996924212598425,0.996216781496063,0.9472678832854002,0.9608494891539779
validation,pure_no_h56,layer_affine_h8,16384,5,long-text,127,0.875,0.7974517101377953,0.9994463582677166,0.9898960383858267,0.9226412238239967,0.9729386588962757
validation,pure_no_h56,layer_affine_h8,16384,8,long-code,127,0.875,0.8389056348425197,1.0,0.9982775590551181,0.9564985322728802,0.959169237214362
validation,pure_no_h56,layer_affine_h8,16384,8,long-text,127,0.875,0.8519123708169292,1.0,0.9993540846456693,0.9551523689366453,0.957313419118002
validation,pure_no_h56,layer_affine_h8,16384,11,long-code,127,0.875,0.8344457431102362,1.0,0.9984467273622047,0.9478315384823366,0.9846722597550466
validation,pure_no_h56,layer_affine_h8,16384,11,long-text,127,0.875,0.7911078986220472,0.9961860236220472,0.9817298228346457,0.8888340744844762,0.9957836091630455
validation,pure_no_h56,layer_affine_h8,16384,14,long-code,127,0.875,0.8111927903543307,0.999876968503937,0.9960014763779528,0.9333641004852736,0.9779105050911491
validation,pure_no_h56,layer_affine_h8,16384,14,long-text,127,0.875,0.7714574618602362,0.9983390748031497,0.9880967027559056,0.905524673693064,0.970231389190063
validation,pure_no_h56,layer_affine_h8,16384,17,long-code,127,0.875,0.7308916707677166,0.9974778543307087,0.9693805364173228,0.9335354854637913,0.9612611394965843
validation,pure_no_h56,layer_affine_h8,16384,17,long-text,127,0.875,0.7578586368110236,0.9999384842519685,0.9896499753937008,0.9380711799532571,0.9613281293043938
validation,pure_no_h56,layer_affine_h8,16384,21,long-code,127,0.875,0.7875322957677166,0.9999384842519685,0.9923259104330708,0.9596458468568974,0.9615289041393734
validation,pure_no_h56,layer_affine_h8,16384,21,long-text,127,0.875,0.7903274175688977,0.999876968503937,0.9940329724409449,0.950707897231542,0.9089669833797188
validation,pure_no_h56,layer_affine_h8,16384,25,long-code,127,0.875,0.7797082615649606,0.9998154527559056,0.9912493848425197,0.9066720962738274,0.966047172013679
validation,pure_no_h56,layer_affine_h8,16384,25,long-text,127,0.875,0.7583930548720472,0.9993848425196851,0.9895884596456693,0.8913284909655571,0.9979486848491409
validation,pure_no_h56,layer_affine_h8,32768,2,long-code,127,0.875,0.6515209768700787,0.96998031496063,0.8971764271653543,0.8520776942599717,0.973407261847169
validation,pure_no_h56,layer_affine_h8,32768,2,long-text,127,0.875,0.6263610359251969,0.9659817913385826,0.8826125738188977,0.8341153485900842,0.9694762073380427
validation,pure_no_h56,layer_affine_h8,32768,5,long-code,127,0.875,0.756716750738189,0.9973548228346457,0.9771007627952756,0.8702263571915065,0.9687450485362149
validation,pure_no_h56,layer_affine_h8,32768,5,long-text,127,0.875,0.7213259719488189,0.9941560039370079,0.9605222687007874,0.8483170763397099,0.9684890835930652
validation,pure_no_h56,layer_affine_h8,32768,8,long-code,127,0.875,0.739861435777559,0.9968011811023622,0.9740864911417323,0.8482889521842493,0.9653840052306953
validation,pure_no_h56,layer_affine_h8,32768,8,long-text,127,0.875,0.7521069143700787,0.9964936023622047,0.9773314468503937,0.8561435388334494,0.948190087568698
validation,pure_no_h56,layer_affine_h8,32768,11,long-code,127,0.875,0.7638448880413385,0.999261811023622,0.9857129675196851,0.8657711649602945,0.9862706341976233
validation,pure_no_h56,layer_affine_h8,32768,11,long-text,127,0.875,0.751584030511811,0.9989542322834646,0.9825295275590551,0.8636357480359449,0.9905891204660061
validation,pure_no_h56,layer_affine_h8,32768,14,long-code,127,0.875,0.7268739234744095,0.9987081692913385,0.9730561023622047,0.8450177502073917,0.9687181490049669
validation,pure_no_h56,layer_affine_h8,32768,14,long-text,127,0.875,0.7316683070866141,0.9988312007874016,0.9746555118110236,0.8432915457913875,0.9481525666771068
validation,pure_no_h56,layer_affine_h8,32768,17,long-code,127,0.875,0.6943743848425197,0.9981545275590551,0.9618140994094488,0.8576235235311249,0.9709056559822403
validation,pure_no_h56,layer_affine_h8,32768,17,long-text,127,0.875,0.7026713213582677,0.9982775590551181,0.9661048228346457,0.8318614884237943,0.9552569532538943
validation,pure_no_h56,layer_affine_h8,32768,21,long-code,127,0.875,0.7473778912401575,0.9993848425196851,0.9837906003937008,0.900736632953853,0.9598599251337738
validation,pure_no_h56,layer_affine_h8,32768,21,long-text,127,0.875,0.7759404219980315,0.9999384842519685,0.9930794783464567,0.8969180943337126,0.9661680501369875
validation,pure_no_h56,layer_affine_h8,32768,25,long-code,127,0.875,0.6924904650590551,0.9974163385826772,0.956785187007874,0.8187215027759538,0.9673482657141496
validation,pure_no_h56,layer_affine_h8,32768,25,long-text,127,0.875,0.6446811946358267,0.991941437007874,0.9314406988188977,0.7746670046362815,0.9502640498662902
validation,pure_no_h56,mass_affine_h8,8192,2,long-code,127,0.875,0.7678395669291339,0.9985851377952756,0.9771930364173228,0.979328899520337,0.9924752230791252
validation,pure_no_h56,mass_affine_h8,8192,2,long-text,127,0.875,0.7497270238681102,0.9963705708661418,0.9721795029527559,0.978811376965581,0.985898563989997
validation,pure_no_h56,mass_affine_h8,8192,5,long-code,127,0.875,0.8323349840059056,1.0,0.9994002214566929,0.9874823154211788,0.9929792588579703
validation,pure_no_h56,mass_affine_h8,8192,5,long-text,127,0.875,0.8281596026082677,0.9999384842519685,0.997185654527559,0.9805799632535448,0.9897819481830816
validation,pure_no_h56,mass_affine_h8,8192,8,long-code,127,0.875,0.8073903481791339,1.0,0.9981083907480315,0.9897958838794257,0.994528394151472
validation,pure_no_h56,mass_affine_h8,8192,8,long-text,127,0.875,0.8084937869094488,1.0,0.9976931594488189,0.9848012319261696,0.9921712023585144
validation,pure_no_h56,mass_affine_h8,8192,11,long-code,127,0.875,0.8529927411417323,1.0,0.9997231791338582,0.9834853847137934,0.9969293852950477
validation,pure_no_h56,mass_affine_h8,8192,11,long-text,127,0.875,0.842531219242126,1.0,0.9993540846456693,0.9835289287034644,0.9955206821169835
validation,pure_no_h56,mass_affine_h8,8192,14,long-code,127,0.875,0.8375561331200787,0.9999384842519685,0.998046875,0.9709547280528422,0.9919743940429345
validation,pure_no_h56,mass_affine_h8,8192,14,long-text,127,0.875,0.8243533156988189,0.9999384842519685,0.9990772637795275,0.9731102008781986,0.9902931389664834
validation,pure_no_h56,mass_affine_h8,8192,17,long-code,127,0.875,0.7789931409940944,0.9988312007874016,0.9857283464566929,0.971372667176842,0.9843354910258528
validation,pure_no_h56,mass_affine_h8,8192,17,long-text,127,0.875,0.7630528727854331,0.999261811023622,0.9809916338582677,0.956617621540368,0.982846744775754
validation,pure_no_h56,mass_affine_h8,8192,21,long-code,127,0.875,0.8185093196358267,0.999630905511811,0.9947250246062992,0.9664470319889724,0.9800276717491491
validation,pure_no_h56,mass_affine_h8,8192,21,long-text,127,0.875,0.8360336183562992,1.0,0.9978469488188977,0.9596755381735121,0.9871153549692512
validation,pure_no_h56,mass_affine_h8,8192,25,long-code,127,0.875,0.8052757443405512,1.0,0.9946481299212598,0.9624850509175531,0.9877025133198056
validation,pure_no_h56,mass_affine_h8,8192,25,long-text,127,0.875,0.7665784940944882,0.9979084645669292,0.9851285679133859,0.9459839234440888,0.9813419807290634
validation,pure_no_h56,mass_affine_h8,16384,2,long-code,127,0.875,0.7255205770177166,0.991326279527559,0.9503260334645669,0.9444975829349859,0.9853586286980599
validation,pure_no_h56,mass_affine_h8,16384,2,long-text,127,0.875,0.668829970472441,0.9622293307086615,0.8916246309055118,0.9026582657678798,0.9793362422062899
validation,pure_no_h56,mass_affine_h8,16384,5,long-code,127,0.875,0.824337936761811,0.9996924212598425,0.996216781496063,0.9472678832854002,0.9608481042323789
validation,pure_no_h56,mass_affine_h8,16384,5,long-text,127,0.875,0.7974517101377953,0.9994463582677166,0.9898960383858267,0.9226412238239967,0.9729386588962757
validation,pure_no_h56,mass_affine_h8,16384,8,long-code,127,0.875,0.8389056348425197,1.0,0.9982775590551181,0.9564985322728802,0.959169237214362
validation,pure_no_h56,mass_affine_h8,16384,8,long-text,127,0.875,0.8519123708169292,1.0,0.9993540846456693,0.9551523689366453,0.957313419118002
validation,pure_no_h56,mass_affine_h8,16384,11,long-code,127,0.875,0.8344457431102362,1.0,0.9984467273622047,0.9478315384823366,0.9846722597550466
validation,pure_no_h56,mass_affine_h8,16384,11,long-text,127,0.875,0.7911078986220472,0.9961860236220472,0.9817298228346457,0.8888340744844762,0.9957836091630455
validation,pure_no_h56,mass_affine_h8,16384,14,long-code,127,0.875,0.8111927903543307,0.999876968503937,0.9960014763779528,0.9333641004852736,0.9779105050911491
validation,pure_no_h56,mass_affine_h8,16384,14,long-text,127,0.875,0.7714574618602362,0.9983390748031497,0.9880967027559056,0.905524673693064,0.970231389190063
validation,pure_no_h56,mass_affine_h8,16384,17,long-code,127,0.875,0.7308916707677166,0.9974778543307087,0.9693805364173228,0.9335354854637913,0.9612611394965843
validation,pure_no_h56,mass_affine_h8,16384,17,long-text,127,0.875,0.7578586368110236,0.9999384842519685,0.9896499753937008,0.9380711799532571,0.9613281293043938
validation,pure_no_h56,mass_affine_h8,16384,21,long-code,127,0.875,0.7875322957677166,0.9999384842519685,0.9923259104330708,0.9596458468568974,0.9615289041393734
validation,pure_no_h56,mass_affine_h8,16384,21,long-text,127,0.875,0.7903274175688977,0.999876968503937,0.9940329724409449,0.950707897231542,0.9089669833797188
validation,pure_no_h56,mass_affine_h8,16384,25,long-code,127,0.875,0.7797082615649606,0.9998154527559056,0.9912493848425197,0.9066720962738274,0.966047172013679
validation,pure_no_h56,mass_affine_h8,16384,25,long-text,127,0.875,0.7583930548720472,0.9993848425196851,0.9895884596456693,0.8913284909655571,0.9979486848491409
validation,pure_no_h56,mass_affine_h8,32768,2,long-code,127,0.875,0.6515209768700787,0.96998031496063,0.8971764271653543,0.8520776942599717,0.973407261847169
validation,pure_no_h56,mass_affine_h8,32768,2,long-text,127,0.875,0.6263610359251969,0.9659817913385826,0.8826125738188977,0.8341153485900842,0.9694762073380427
validation,pure_no_h56,mass_affine_h8,32768,5,long-code,127,0.875,0.756716750738189,0.9973548228346457,0.9771007627952756,0.8702263571915065,0.9687450485362149
validation,pure_no_h56,mass_affine_h8,32768,5,long-text,127,0.875,0.7213259719488189,0.9941560039370079,0.9605222687007874,0.8483170763397099,0.9684890835930652
validation,pure_no_h56,mass_affine_h8,32768,8,long-code,127,0.875,0.739861435777559,0.9968011811023622,0.9740864911417323,0.8482889521842493,0.9653840052306953
validation,pure_no_h56,mass_affine_h8,32768,8,long-text,127,0.875,0.7521069143700787,0.9964936023622047,0.9773314468503937,0.8561435388334494,0.948190087568698
validation,pure_no_h56,mass_affine_h8,32768,11,long-code,127,0.875,0.7638448880413385,0.999261811023622,0.9857129675196851,0.8657711649602945,0.9862706341976233
validation,pure_no_h56,mass_affine_h8,32768,11,long-text,127,0.875,0.751584030511811,0.9989542322834646,0.9825295275590551,0.8636357480359449,0.9905891204660061
validation,pure_no_h56,mass_affine_h8,32768,14,long-code,127,0.875,0.7268739234744095,0.9987081692913385,0.9730561023622047,0.8450177502073917,0.9687181490049669
validation,pure_no_h56,mass_affine_h8,32768,14,long-text,127,0.875,0.7316683070866141,0.9988312007874016,0.9746555118110236,0.8432915457913875,0.9481525666771068
validation,pure_no_h56,mass_affine_h8,32768,17,long-code,127,0.875,0.6943743848425197,0.9981545275590551,0.9618140994094488,0.8576235235311249,0.9709056559822403
validation,pure_no_h56,mass_affine_h8,32768,17,long-text,127,0.875,0.7026713213582677,0.9982775590551181,0.9661048228346457,0.8318614884237943,0.9552569532538943
validation,pure_no_h56,mass_affine_h8,32768,21,long-code,127,0.875,0.7473778912401575,0.9993848425196851,0.9837906003937008,0.900736632953853,0.9598599251337738
validation,pure_no_h56,mass_affine_h8,32768,21,long-text,127,0.875,0.7759404219980315,0.9999384842519685,0.9930794783464567,0.8969180943337126,0.9661680501369875
validation,pure_no_h56,mass_affine_h8,32768,25,long-code,127,0.875,0.6924904650590551,0.9974163385826772,0.956785187007874,0.8187215027759538,0.9673482657141496
validation,pure_no_h56,mass_affine_h8,32768,25,long-text,127,0.875,0.6446811946358267,0.991941437007874,0.9314406988188977,0.7746670046362815,0.9502640498662902
validation,pure_no_h56,mass_normalized_h8,8192,2,long-code,127,0.875,0.7678395669291339,0.9985851377952756,0.9771930364173228,0.979328899520337,0.9924752230791252
validation,pure_no_h56,mass_normalized_h8,8192,2,long-text,127,0.875,0.7497270238681102,0.9963705708661418,0.9721795029527559,0.978811376965581,0.985898563989997
validation,pure_no_h56,mass_normalized_h8,8192,5,long-code,127,0.875,0.8323349840059056,1.0,0.9994002214566929,0.9874823154211788,0.9929792588579703
validation,pure_no_h56,mass_normalized_h8,8192,5,long-text,127,0.875,0.8281596026082677,0.9999384842519685,0.997185654527559,0.9805799632535448,0.9897819481830816
validation,pure_no_h56,mass_normalized_h8,8192,8,long-code,127,0.875,0.8073903481791339,1.0,0.9981083907480315,0.9897958838794257,0.994528394151472
validation,pure_no_h56,mass_normalized_h8,8192,8,long-text,127,0.875,0.8084937869094488,1.0,0.9976931594488189,0.9848012319261696,0.9921712023585144
validation,pure_no_h56,mass_normalized_h8,8192,11,long-code,127,0.875,0.8529927411417323,1.0,0.9997231791338582,0.9834853847137934,0.9969293852950477
validation,pure_no_h56,mass_normalized_h8,8192,11,long-text,127,0.875,0.842531219242126,1.0,0.9993540846456693,0.9835289287034644,0.9955206821169835
validation,pure_no_h56,mass_normalized_h8,8192,14,long-code,127,0.875,0.8375561331200787,0.9999384842519685,0.998046875,0.9709547280528422,0.9919743940429345
validation,pure_no_h56,mass_normalized_h8,8192,14,long-text,127,0.875,0.8243533156988189,0.9999384842519685,0.9990772637795275,0.9731102008781986,0.9902931389664834
validation,pure_no_h56,mass_normalized_h8,8192,17,long-code,127,0.875,0.7789931409940944,0.9988312007874016,0.9857283464566929,0.971372667176842,0.9843354910258528
validation,pure_no_h56,mass_normalized_h8,8192,17,long-text,127,0.875,0.7630528727854331,0.999261811023622,0.9809916338582677,0.956617621540368,0.982846744775754
validation,pure_no_h56,mass_normalized_h8,8192,21,long-code,127,0.875,0.8185093196358267,0.999630905511811,0.9947250246062992,0.9664470319889724,0.9800276717491491
validation,pure_no_h56,mass_normalized_h8,8192,21,long-text,127,0.875,0.8360336183562992,1.0,0.9978469488188977,0.9596755381735121,0.9871153549692512
validation,pure_no_h56,mass_normalized_h8,8192,25,long-code,127,0.875,0.8052757443405512,1.0,0.9946481299212598,0.9624850509175531,0.9877025133198056
validation,pure_no_h56,mass_normalized_h8,8192,25,long-text,127,0.875,0.7665784940944882,0.9979084645669292,0.9851285679133859,0.9459839234440888,0.9813419807290634
validation,pure_no_h56,mass_normalized_h8,16384,2,long-code,127,0.875,0.7255205770177166,0.991326279527559,0.9503260334645669,0.9444975829349859,0.9853586286980599
validation,pure_no_h56,mass_normalized_h8,16384,2,long-text,127,0.875,0.668829970472441,0.9622293307086615,0.8916246309055118,0.9026582657678798,0.9793362422062899
validation,pure_no_h56,mass_normalized_h8,16384,5,long-code,127,0.875,0.824337936761811,0.9996924212598425,0.996216781496063,0.9472678832854002,0.9608494891539779
validation,pure_no_h56,mass_normalized_h8,16384,5,long-text,127,0.875,0.7974517101377953,0.9994463582677166,0.9898960383858267,0.9226412238239967,0.9729386588962757
validation,pure_no_h56,mass_normalized_h8,16384,8,long-code,127,0.875,0.8389056348425197,1.0,0.9982775590551181,0.9564985322728802,0.959169237214362
validation,pure_no_h56,mass_normalized_h8,16384,8,long-text,127,0.875,0.8519123708169292,1.0,0.9993540846456693,0.9551523689366453,0.957313419118002
validation,pure_no_h56,mass_normalized_h8,16384,11,long-code,127,0.875,0.8344457431102362,1.0,0.9984467273622047,0.9478315384823366,0.9846722597550466
validation,pure_no_h56,mass_normalized_h8,16384,11,long-text,127,0.875,0.7911078986220472,0.9961860236220472,0.9817298228346457,0.8888340744844762,0.9957836091630455
validation,pure_no_h56,mass_normalized_h8,16384,14,long-code,127,0.875,0.8111927903543307,0.999876968503937,0.9960014763779528,0.9333641004852736,0.9779105050911491
validation,pure_no_h56,mass_normalized_h8,16384,14,long-text,127,0.875,0.7714574618602362,0.9983390748031497,0.9880967027559056,0.905524673693064,0.970231389190063
validation,pure_no_h56,mass_normalized_h8,16384,17,long-code,127,0.875,0.7308916707677166,0.9974778543307087,0.9693805364173228,0.9335354854637913,0.9612611394965843
validation,pure_no_h56,mass_normalized_h8,16384,17,long-text,127,0.875,0.7578586368110236,0.9999384842519685,0.9896499753937008,0.9380711799532571,0.9613281293043938
validation,pure_no_h56,mass_normalized_h8,16384,21,long-code,127,0.875,0.7875322957677166,0.9999384842519685,0.9923259104330708,0.9596458468568974,0.9615289041393734
validation,pure_no_h56,mass_normalized_h8,16384,21,long-text,127,0.875,0.7903274175688977,0.999876968503937,0.9940329724409449,0.950707897231542,0.9089669833797188
validation,pure_no_h56,mass_normalized_h8,16384,25,long-code,127,0.875,0.7797082615649606,0.9998154527559056,0.9912493848425197,0.9066720962738274,0.966047172013679
validation,pure_no_h56,mass_normalized_h8,16384,25,long-text,127,0.875,0.7583930548720472,0.9993848425196851,0.9895884596456693,0.8913284909655571,0.9979486848491409
validation,pure_no_h56,mass_normalized_h8,32768,2,long-code,127,0.875,0.6515209768700787,0.96998031496063,0.8971764271653543,0.8520776942599717,0.973407261847169
validation,pure_no_h56,mass_normalized_h8,32768,2,long-text,127,0.875,0.6263610359251969,0.9659817913385826,0.8826125738188977,0.8341153485900842,0.9694762073380427
validation,pure_no_h56,mass_normalized_h8,32768,5,long-code,127,0.875,0.756716750738189,0.9973548228346457,0.9771007627952756,0.8702263571915065,0.9687450485362149
validation,pure_no_h56,mass_normalized_h8,32768,5,long-text,127,0.875,0.7213259719488189,0.9941560039370079,0.9605222687007874,0.8483170763397099,0.9684890835930652
validation,pure_no_h56,mass_normalized_h8,32768,8,long-code,127,0.875,0.739861435777559,0.9968011811023622,0.9740864911417323,0.8482889521842493,0.9653840052306953
validation,pure_no_h56,mass_normalized_h8,32768,8,long-text,127,0.875,0.7521069143700787,0.9964936023622047,0.9773314468503937,0.8561435388334494,0.948190087568698
validation,pure_no_h56,mass_normalized_h8,32768,11,long-code,127,0.875,0.7638448880413385,0.999261811023622,0.9857129675196851,0.8657711649602945,0.9862706341976233
validation,pure_no_h56,mass_normalized_h8,32768,11,long-text,127,0.875,0.751584030511811,0.9989542322834646,0.9825295275590551,0.8636357480359449,0.9905891204660061
validation,pure_no_h56,mass_normalized_h8,32768,14,long-code,127,0.875,0.7268739234744095,0.9987081692913385,0.9730561023622047,0.8450177502073917,0.9687181490049669
validation,pure_no_h56,mass_normalized_h8,32768,14,long-text,127,0.875,0.7316683070866141,0.9988312007874016,0.9746555118110236,0.8432915457913875,0.9481525666771068
validation,pure_no_h56,mass_normalized_h8,32768,17,long-code,127,0.875,0.6943743848425197,0.9981545275590551,0.9618140994094488,0.8576235235311249,0.9709056559822403
validation,pure_no_h56,mass_normalized_h8,32768,17,long-text,127,0.875,0.7026713213582677,0.9982775590551181,0.9661048228346457,0.8318614884237943,0.9552569532538943
validation,pure_no_h56,mass_normalized_h8,32768,21,long-code,127,0.875,0.7473778912401575,0.9993848425196851,0.9837906003937008,0.900736632953853,0.9598599251337738
validation,pure_no_h56,mass_normalized_h8,32768,21,long-text,127,0.875,0.7759404219980315,0.9999384842519685,0.9930794783464567,0.8969180943337126,0.9661680501369875
validation,pure_no_h56,mass_normalized_h8,32768,25,long-code,127,0.875,0.6924904650590551,0.9974163385826772,0.956785187007874,0.8187215027759538,0.9673482657141496
validation,pure_no_h56,mass_normalized_h8,32768,25,long-text,127,0.875,0.6446811946358267,0.991941437007874,0.9314406988188977,0.7746670046362815,0.9502640498662902
validation,pure_no_h56,prev_full,8192,2,long-code,127,1.0,0.7938799520177166,0.992064468503937,0.9913724163385826,0.9051432531738357,0.9384217021011052
validation,pure_no_h56,prev_full,8192,2,long-text,127,1.0,0.8065598855807087,0.9921259842519685,0.9949249507874016,0.9082656304936204,0.9414683535063557
validation,pure_no_h56,prev_full,8192,5,long-code,127,1.0,0.8316390871062992,0.9921875,0.9953094242125984,0.9493380821213226,0.9706471573482529
validation,pure_no_h56,prev_full,8192,5,long-text,127,1.0,0.8115426611712598,0.9866510826771654,0.9802380659448819,0.9472678902794555,0.9589950330530904
validation,pure_no_h56,prev_full,8192,8,long-code,127,1.0,0.8163370447834646,0.9921259842519685,0.9955862450787402,0.9526192432884364,0.9538983704956036
validation,pure_no_h56,prev_full,8192,8,long-text,127,1.0,0.7933570681594488,0.9868971456692913,0.9780081200787402,0.9549939019287967,0.9581651122515342
validation,pure_no_h56,prev_full,8192,11,long-code,127,1.0,0.8161332738681102,0.9921875,0.9951094980314961,0.9333257230989271,0.9087368579507695
validation,pure_no_h56,prev_full,8192,11,long-text,127,1.0,0.8475985789862205,0.9921875,0.9960783710629921,0.9401340037604672,0.9204347662161007
validation,pure_no_h56,prev_full,8192,14,long-code,127,1.0,0.7964443897637795,0.992064468503937,0.989988312007874,0.9461744960626625,0.9592803741882713
validation,pure_no_h56,prev_full,8192,14,long-text,127,1.0,0.8210314653051181,0.9921875,0.9953094242125984,0.956563276303547,0.9635468086930196
validation,pure_no_h56,prev_full,8192,17,long-code,127,1.0,0.7465282049704725,0.9902805118110236,0.9686577263779528,0.9571413655452424,0.9422291333658506
validation,pure_no_h56,prev_full,8192,17,long-text,127,1.0,0.7722994586614174,0.9873892716535433,0.9709953248031497,0.9458444959380113,0.9393566956592924
validation,pure_no_h56,prev_full,8192,21,long-code,127,1.0,0.7888741080216536,0.992556594488189,0.989742249015748,0.9587782896655409,0.9742573063670077
validation,pure_no_h56,prev_full,8192,21,long-text,127,1.0,0.7750369094488189,0.9917568897637795,0.9779927411417323,0.9321696008485357,0.9693026572573133
validation,pure_no_h56,prev_full,8192,25,long-code,127,1.0,0.7861943282480315,0.992064468503937,0.9886042076771654,0.9465711089997323,0.9708823004417051
validation,pure_no_h56,prev_full,8192,25,long-text,127,1.0,0.7989088644192913,0.991326279527559,0.9889579232283464,0.9450559270345321,0.9613425727397118
validation,pure_no_h56,prev_full,16384,2,long-code,127,1.0,0.7510342335137795,0.9916338582677166,0.978515625,0.8909592304413176,0.9254494493652412
validation,pure_no_h56,prev_full,16384,2,long-text,127,1.0,0.773679718257874,0.991818405511811,0.9851593257874016,0.8955651975378496,0.9489766266631783
validation,pure_no_h56,prev_full,16384,5,long-code,127,1.0,0.765740342027559,0.9904035433070866,0.9779312253937008,0.8944909886036844,0.948214398295272
validation,pure_no_h56,prev_full,16384,5,long-text,127,1.0,0.7840451218011811,0.9872047244094488,0.9825756643700787,0.9046320896067545,0.9752650634705536
validation,pure_no_h56,prev_full,16384,8,long-code,127,1.0,0.7898122231791339,0.9892962598425197,0.9770700049212598,0.9176291670440485,0.9267477696855333
validation,pure_no_h56,prev_full,16384,8,long-text,127,1.0,0.8310546875,0.9932332677165354,0.9910494586614174,0.9393790735332515,0.980315452716669
validation,pure_no_h56,prev_full,16384,11,long-code,127,1.0,0.795037217027559,0.9861589566929134,0.9853900098425197,0.9005392190579988,0.8878775124014118
validation,pure_no_h56,prev_full,16384,11,long-text,127,1.0,0.7847679318405512,0.9910802165354331,0.9842212106299213,0.8765561090307232,0.9244385453578532
validation,pure_no_h56,prev_full,16384,14,long-code,127,1.0,0.7553134227362205,0.9896653543307087,0.9744248277559056,0.888045525542383,0.9372387673124944
validation,pure_no_h56,prev_full,16384,14,long-text,127,1.0,0.7596387487696851,0.9937869094488189,0.9835291584645669,0.8955232200940704,0.9770307012208098
validation,pure_no_h56,prev_full,16384,17,long-code,127,1.0,0.6851931594488189,0.9788385826771654,0.9286417322834646,0.8986399523237828,0.9207401753169384
validation,pure_no_h56,prev_full,16384,17,long-text,127,1.0,0.776128813976378,0.9922490157480315,0.9870201771653543,0.9382375779216451,0.9396200503362847
validation,pure_no_h56,prev_full,16384,21,long-code,127,1.0,0.7336137426181102,0.9904650590551181,0.9704109251968503,0.9439700325975128,0.9574211231900016
validation,pure_no_h56,prev_full,16384,21,long-text,127,1.0,0.7487197034940944,0.9886195866141733,0.9592765748031497,0.9212650698478547,0.9499537936072863
validation,pure_no_h56,prev_full,16384,25,long-code,127,1.0,0.7641409325787402,0.992433562992126,0.9803610974409449,0.8915864806292851,0.9549906693114387
validation,pure_no_h56,prev_full,16384,25,long-text,127,1.0,0.8416969119094488,0.9934793307086615,0.9958015501968503,0.9311255035520454,0.9811442412888706
validation,pure_no_h56,prev_full,32768,2,long-code,127,1.0,0.6863811823326772,0.9855437992125984,0.943851500984252,0.8396684639846551,0.9297090174549352
validation,pure_no_h56,prev_full,32768,2,long-text,127,1.0,0.7011295829232284,0.9865895669291339,0.949956938976378,0.8450843630889716,0.932666002513599
validation,pure_no_h56,prev_full,32768,5,long-code,127,1.0,0.6864503875492126,0.9802534448818898,0.9312253937007874,0.808089524083574,0.9581680466489513
validation,pure_no_h56,prev_full,32768,5,long-text,127,1.0,0.6863658033956693,0.976070374015748,0.9322865403543307,0.8111948229993022,0.9452417825612629
validation,pure_no_h56,prev_full,32768,8,long-code,127,1.0,0.6390140563484252,0.9544168307086615,0.8835045521653543,0.7536364941821339,0.9226754251432175
validation,pure_no_h56,prev_full,32768,8,long-text,127,1.0,0.6318205585629921,0.937253937007874,0.8751076525590551,0.7441862565071087,0.9046608823328455
validation,pure_no_h56,prev_full,32768,11,long-code,127,1.0,0.7046244463582677,0.9823449803149606,0.9445435531496063,0.8086467499054749,0.8942288096673732
validation,pure_no_h56,prev_full,32768,11,long-text,127,1.0,0.6905411847933071,0.9777312992125984,0.9335168553149606,0.8012763285139376,0.8998736943881912
validation,pure_no_h56,prev_full,32768,14,long-code,127,1.0,0.6497485543799213,0.9788385826771654,0.9150467519685039,0.7777365936093436,0.9497912155498889
validation,pure_no_h56,prev_full,32768,14,long-text,127,1.0,0.6412401574803149,0.9713336614173228,0.9036970964566929,0.7633181167645681,0.9471258958771777
validation,pure_no_h56,prev_full,32768,17,long-code,127,1.0,0.6550504429133859,0.9746555118110236,0.914185531496063,0.8187166994264728,0.9160210081762425
validation,pure_no_h56,prev_full,32768,17,long-text,127,1.0,0.5772214874507874,0.9283341535433071,0.828248031496063,0.7163673201839487,0.8700097755596778
validation,pure_no_h56,prev_full,32768,21,long-code,127,1.0,0.6833015501968503,0.9902189960629921,0.9463582677165354,0.8634718674466649,0.9620373568456049
validation,pure_no_h56,prev_full,32768,21,long-text,127,1.0,0.6445043368602362,0.9871432086614174,0.9187838336614174,0.8072610015128111,0.9386551492833604
validation,pure_no_h56,prev_full,32768,25,long-code,127,1.0,0.6499407910925197,0.9732406496062992,0.9098179133858267,0.7752856061408965,0.9488913679387163
validation,pure_no_h56,prev_full,32768,25,long-text,127,1.0,0.6097671628937008,0.9552165354330708,0.874630905511811,0.7327969394310189,0.9266168478114174
validation,pure_no_h56,raw_h8,8192,2,long-code,127,0.875,0.7678395669291339,0.9985851377952756,0.9771930364173228,0.979328899520337,0.9924752230791252
validation,pure_no_h56,raw_h8,8192,2,long-text,127,0.875,0.7497270238681102,0.9963705708661418,0.9721795029527559,0.978811376965581,0.985898563989997
validation,pure_no_h56,raw_h8,8192,5,long-code,127,0.875,0.8323349840059056,1.0,0.9994002214566929,0.9874823154211788,0.9929792588579703
validation,pure_no_h56,raw_h8,8192,5,long-text,127,0.875,0.8281596026082677,0.9999384842519685,0.997185654527559,0.9805799632535448,0.9897819481830816
validation,pure_no_h56,raw_h8,8192,8,long-code,127,0.875,0.8073903481791339,1.0,0.9981083907480315,0.9897958838794257,0.994528394151472
validation,pure_no_h56,raw_h8,8192,8,long-text,127,0.875,0.8084937869094488,1.0,0.9976931594488189,0.9848012319261696,0.9921712023585144
validation,pure_no_h56,raw_h8,8192,11,long-code,127,0.875,0.8529927411417323,1.0,0.9997231791338582,0.9834853847137934,0.9969293852950477
validation,pure_no_h56,raw_h8,8192,11,long-text,127,0.875,0.842531219242126,1.0,0.9993540846456693,0.9835289287034644,0.9955206821169835
validation,pure_no_h56,raw_h8,8192,14,long-code,127,0.875,0.8375561331200787,0.9999384842519685,0.998046875,0.9709547280528422,0.9919743940429345
validation,pure_no_h56,raw_h8,8192,14,long-text,127,0.875,0.8243533156988189,0.9999384842519685,0.9990772637795275,0.9731102008781986,0.9902931389664834
validation,pure_no_h56,raw_h8,8192,17,long-code,127,0.875,0.7789931409940944,0.9988312007874016,0.9857283464566929,0.971372667176842,0.9843354910258528
validation,pure_no_h56,raw_h8,8192,17,long-text,127,0.875,0.7630528727854331,0.999261811023622,0.9809916338582677,0.956617621540368,0.982846744775754
validation,pure_no_h56,raw_h8,8192,21,long-code,127,0.875,0.8185093196358267,0.999630905511811,0.9947250246062992,0.9664470319889724,0.9800276717491491
validation,pure_no_h56,raw_h8,8192,21,long-text,127,0.875,0.8360336183562992,1.0,0.9978469488188977,0.9596755381735121,0.9871153549692512
validation,pure_no_h56,raw_h8,8192,25,long-code,127,0.875,0.8052757443405512,1.0,0.9946481299212598,0.9624850509175531,0.9877025133198056
validation,pure_no_h56,raw_h8,8192,25,long-text,127,0.875,0.7665784940944882,0.9979084645669292,0.9851285679133859,0.9459839234440888,0.9813419807290634
validation,pure_no_h56,raw_h8,16384,2,long-code,127,0.875,0.7255205770177166,0.991326279527559,0.9503260334645669,0.9444975829349859,0.9853586286980599
validation,pure_no_h56,raw_h8,16384,2,long-text,127,0.875,0.668829970472441,0.9622293307086615,0.8916246309055118,0.9026582657678798,0.9793362422062899
validation,pure_no_h56,raw_h8,16384,5,long-code,127,0.875,0.824337936761811,0.9996924212598425,0.996216781496063,0.9472678832854002,0.9608494891539779
validation,pure_no_h56,raw_h8,16384,5,long-text,127,0.875,0.7974517101377953,0.9994463582677166,0.9898960383858267,0.9226412238239967,0.9729386588962757
validation,pure_no_h56,raw_h8,16384,8,long-code,127,0.875,0.8389056348425197,1.0,0.9982775590551181,0.9564985322728802,0.959169237214362
validation,pure_no_h56,raw_h8,16384,8,long-text,127,0.875,0.8519123708169292,1.0,0.9993540846456693,0.9551523689366453,0.957313419118002
validation,pure_no_h56,raw_h8,16384,11,long-code,127,0.875,0.8344457431102362,1.0,0.9984467273622047,0.9478315384823366,0.9846722597550466
validation,pure_no_h56,raw_h8,16384,11,long-text,127,0.875,0.7911078986220472,0.9961860236220472,0.9817298228346457,0.8888340744844762,0.9957836091630455
validation,pure_no_h56,raw_h8,16384,14,long-code,127,0.875,0.8111927903543307,0.999876968503937,0.9960014763779528,0.9333641004852736,0.9779105050911491
validation,pure_no_h56,raw_h8,16384,14,long-text,127,0.875,0.7714574618602362,0.9983390748031497,0.9880967027559056,0.905524673693064,0.970231389190063
validation,pure_no_h56,raw_h8,16384,17,long-code,127,0.875,0.7308916707677166,0.9974778543307087,0.9693805364173228,0.9335354854637913,0.9612611394965843
validation,pure_no_h56,raw_h8,16384,17,long-text,127,0.875,0.7578586368110236,0.9999384842519685,0.9896499753937008,0.9380711799532571,0.9613281293043938
validation,pure_no_h56,raw_h8,16384,21,long-code,127,0.875,0.7875322957677166,0.9999384842519685,0.9923259104330708,0.9596458468568974,0.9615289041393734
validation,pure_no_h56,raw_h8,16384,21,long-text,127,0.875,0.7903274175688977,0.999876968503937,0.9940329724409449,0.950707897231542,0.9089669833797188
validation,pure_no_h56,raw_h8,16384,25,long-code,127,0.875,0.7797082615649606,0.9998154527559056,0.9912493848425197,0.9066720962738274,0.966047172013679
validation,pure_no_h56,raw_h8,16384,25,long-text,127,0.875,0.7583930548720472,0.9993848425196851,0.9895884596456693,0.8913284909655571,0.9979486848491409
validation,pure_no_h56,raw_h8,32768,2,long-code,127,0.875,0.6515209768700787,0.96998031496063,0.8971764271653543,0.8520776942599717,0.973407261847169
validation,pure_no_h56,raw_h8,32768,2,long-text,127,0.875,0.6263610359251969,0.9659817913385826,0.8826125738188977,0.8341153485900842,0.9694762073380427
validation,pure_no_h56,raw_h8,32768,5,long-code,127,0.875,0.756716750738189,0.9973548228346457,0.9771007627952756,0.8702263571915065,0.9687450485362149
validation,pure_no_h56,raw_h8,32768,5,long-text,127,0.875,0.7213259719488189,0.9941560039370079,0.9605222687007874,0.8483170763397099,0.9684890835930652
validation,pure_no_h56,raw_h8,32768,8,long-code,127,0.875,0.739861435777559,0.9968011811023622,0.9740864911417323,0.8482889521842493,0.9653840052306953
validation,pure_no_h56,raw_h8,32768,8,long-text,127,0.875,0.7521069143700787,0.9964936023622047,0.9773314468503937,0.8561435388334494,0.948190087568698
validation,pure_no_h56,raw_h8,32768,11,long-code,127,0.875,0.7638448880413385,0.999261811023622,0.9857129675196851,0.8657711649602945,0.9862706341976233
validation,pure_no_h56,raw_h8,32768,11,long-text,127,0.875,0.751584030511811,0.9989542322834646,0.9825295275590551,0.8636357480359449,0.9905891204660061
validation,pure_no_h56,raw_h8,32768,14,long-code,127,0.875,0.7268739234744095,0.9987081692913385,0.9730561023622047,0.8450177502073917,0.9687181490049669
validation,pure_no_h56,raw_h8,32768,14,long-text,127,0.875,0.7316683070866141,0.9988312007874016,0.9746555118110236,0.8432915457913875,0.9481525666771068
validation,pure_no_h56,raw_h8,32768,17,long-code,127,0.875,0.6943743848425197,0.9981545275590551,0.9618140994094488,0.8576235235311249,0.9709056559822403
validation,pure_no_h56,raw_h8,32768,17,long-text,127,0.875,0.7026713213582677,0.9982775590551181,0.9661048228346457,0.8318614884237943,0.9552569532538943
validation,pure_no_h56,raw_h8,32768,21,long-code,127,0.875,0.7473778912401575,0.9993848425196851,0.9837906003937008,0.900736632953853,0.9598599251337738
validation,pure_no_h56,raw_h8,32768,21,long-text,127,0.875,0.7759404219980315,0.9999384842519685,0.9930794783464567,0.8969180943337126,0.9661680501369875
validation,pure_no_h56,raw_h8,32768,25,long-code,127,0.875,0.6924904650590551,0.9974163385826772,0.956785187007874,0.8187215027759538,0.9673482657141496
validation,pure_no_h56,raw_h8,32768,25,long-text,127,0.875,0.6446811946358267,0.991941437007874,0.9314406988188977,0.7746670046362815,0.9502640498662902
validation,pure_no_h56,t1_global,8192,2,long-code,127,0.875,0.8404935100885826,0.9999384842519685,0.9974624753937008,0.988917473571293,0.9989791631479821
validation,pure_no_h56,t1_global,8192,2,long-text,127,0.875,0.8311238927165354,0.9999384842519685,0.99732406496063,0.9890853298031027,0.9965733453998649
validation,pure_no_h56,t1_global,8192,5,long-code,127,0.875,0.8836852546751969,1.0,1.0,0.9921573924357038,0.9972857231624604
validation,pure_no_h56,t1_global,8192,5,long-text,127,0.875,0.8785179318405512,1.0,0.9993848425196851,0.9877608283040702,0.9959282138904877
validation,pure_no_h56,t1_global,8192,8,long-code,127,0.875,0.868287093996063,1.0,0.9999846210629921,0.9936078464949729,0.9981158209463942
validation,pure_no_h56,t1_global,8192,8,long-text,127,0.875,0.8654343011811023,1.0,0.9991234005905512,0.9900149464283318,0.9964369593828358
validation,pure_no_h56,t1_global,8192,11,long-code,127,0.875,0.8881451464074803,1.0,0.9999692421259843,0.9881173847841758,0.9994939369065431
validation,pure_no_h56,t1_global,8192,11,long-text,127,0.875,0.8910210076279528,1.0,1.0,0.9898226971498015,0.998567664475526
validation,pure_no_h56,t1_global,8192,14,long-code,127,0.875,0.8766916830708661,1.0,0.999876968503937,0.9799842880793417,0.9983502621236663
validation,pure_no_h56,t1_global,8192,14,long-text,127,0.875,0.8764456200787402,1.0,1.0,0.9829156107237633,0.9970510100467019
validation,pure_no_h56,t1_global,8192,17,long-code,127,0.875,0.832150436761811,1.0,0.998292937992126,0.9794895045773597,0.9960201585774611
validation,pure_no_h56,t1_global,8192,17,long-text,127,0.875,0.8366026390255905,1.0,0.99876968503937,0.9741514123597304,0.9943707668807268
validation,pure_no_h56,t1_global,8192,21,long-code,127,0.875,0.8660725270669292,1.0,0.9997693159448819,0.9780678342265473,0.9918504129671231
validation,pure_no_h56,t1_global,8192,21,long-text,127,0.875,0.8700787401574803,1.0,0.9997231791338582,0.969499043389768,0.9925296772931029
validation,pure_no_h56,t1_global,8192,25,long-code,127,0.875,0.8592212106299213,1.0,0.9997385580708661,0.9765307854112704,0.9952978768907182
validation,pure_no_h56,t1_global,8192,25,long-text,127,0.875,0.8489634596456693,1.0,0.9994924950787402,0.9704085704191577,0.9938625989731636
validation,pure_no_h56,t1_global,16384,2,long-code,127,0.875,0.82005874753937,0.999876968503937,0.9945558562992126,0.9716324171986597,0.9974366180831229
validation,pure_no_h56,t1_global,16384,2,long-text,127,0.875,0.7985167015255905,0.9989542322834646,0.9840212844488189,0.9566264270211052,0.9959182657685745
validation,pure_no_h56,t1_global,16384,5,long-code,127,0.875,0.8618625430610236,0.9999384842519685,0.999507874015748,0.9618621071955703,0.9731579609145609
validation,pure_no_h56,t1_global,16384,5,long-text,127,0.875,0.8550458292322834,0.9999384842519685,0.9988465797244095,0.9514200836279096,0.9846562473728034
validation,pure_no_h56,t1_global,16384,8,long-code,127,0.875,0.869386687992126,0.9999384842519685,0.9996462844488189,0.9669294847475295,0.9802276817616966
validation,pure_no_h56,t1_global,16384,8,long-text,127,0.875,0.886468842273622,0.9998154527559056,0.9991849163385826,0.9679284357843081,0.9872561266002619
validation,pure_no_h56,t1_global,16384,11,long-code,127,0.875,0.8735582246555118,1.0,0.9998923474409449,0.9629317760098246,0.9947425604188453
validation,pure_no_h56,t1_global,16384,11,long-text,127,0.875,0.8489788385826772,0.9999384842519685,0.9979853592519685,0.9271994056549093,1.0001026906874926
validation,pure_no_h56,t1_global,16384,14,long-code,127,0.875,0.8510857529527559,0.9999384842519685,0.9993540846456693,0.951007859848822,0.9867085117457027
validation,pure_no_h56,t1_global,16384,14,long-text,127,0.875,0.8276174950787402,0.999876968503937,0.9989234744094488,0.9353155198515757,0.9914098904386158
validation,pure_no_h56,t1_global,16384,17,long-code,127,0.875,0.7907926304133859,0.999753937007874,0.992925688976378,0.9519697218579795,0.9798596743297419
validation,pure_no_h56,t1_global,16384,17,long-text,127,0.875,0.8318966843011811,1.0,0.9993233267716536,0.9610967266718662,0.9854258252147343
validation,pure_no_h56,t1_global,16384,21,long-code,127,0.875,0.8380328801673228,1.0,0.9987081692913385,0.9716584887014301,0.9757342365019643
validation,pure_no_h56,t1_global,16384,21,long-text,127,0.875,0.84423828125,1.0,0.99927718996063,0.9647269530622773,0.9454040032883696
validation,pure_no_h56,t1_global,16384,25,long-code,127,0.875,0.8408587598425197,0.9993848425196851,0.9990465059055118,0.9393331464146324,0.9721247083997729
validation,pure_no_h56,t1_global,16384,25,long-text,127,0.875,0.8600632074311023,0.999630905511811,0.9996155265748031,0.9452133177265906,1.0079235521548957
validation,pure_no_h56,t1_global,32768,2,long-code,127,0.875,0.7691352423720472,0.9986466535433071,0.982298843503937,0.9205228619084254,0.9969221852456835
validation,pure_no_h56,t1_global,32768,2,long-text,127,0.875,0.764410063976378,0.999138779527559,0.9853900098425197,0.9140069789937336,0.9935513370055544
validation,pure_no_h56,t1_global,32768,5,long-code,127,0.875,0.8109505720964567,0.9992002952755905,0.9949095718503937,0.9060028296027822,0.990967351079279
validation,pure_no_h56,t1_global,32768,5,long-text,127,0.875,0.7926650159940944,0.9982775590551181,0.9892962598425197,0.8963241970715355,0.9835214734286978
validation,pure_no_h56,t1_global,32768,8,long-code,127,0.875,0.78271484375,0.9980314960629921,0.9874507874015748,0.8785653475389923,0.9898126819156736
validation,pure_no_h56,t1_global,32768,8,long-text,127,0.875,0.78246109128937,0.9964320866141733,0.9862358513779528,0.8776708546488404,0.9737247401711021
validation,pure_no_h56,t1_global,32768,11,long-code,127,0.875,0.8162140132874016,0.9999384842519685,0.9967704232283464,0.9012434681249807,0.9963754271966401
validation,pure_no_h56,t1_global,32768,11,long-text,127,0.875,0.8067367433562992,0.999876968503937,0.9940944881889764,0.8988537811674412,0.9999702764102965
validation,pure_no_h56,t1_global,32768,14,long-code,127,0.875,0.7869017593503937,0.9998154527559056,0.9936331200787402,0.8864643601803941,0.9875116996398648
validation,pure_no_h56,t1_global,32768,14,long-text,127,0.875,0.7821765809547244,0.999261811023622,0.9919568159448819,0.879462359603475,0.9789407877638263
validation,pure_no_h56,t1_global,32768,17,long-code,127,0.875,0.7692698080708661,0.9995693897637795,0.9897576279527559,0.8999942753019428,0.9842393712674753
validation,pure_no_h56,t1_global,32768,17,long-text,127,0.875,0.7524952325295275,0.999261811023622,0.9835599163385826,0.864306522918264,0.9522108820773886
validation,pure_no_h56,t1_global,32768,21,long-code,127,0.875,0.8012041707677166,0.9999384842519685,0.9966012549212598,0.9263318631266967,0.9734549172805385
validation,pure_no_h56,t1_global,32768,21,long-text,127,0.875,0.7999123400590551,1.0,0.9972317913385826,0.9099808406647355,0.9759062198144292
validation,pure_no_h56,t1_global,32768,25,long-code,127,0.875,0.7675704355314961,0.9985236220472441,0.9897114911417323,0.8726133314748544,0.9750997491235772
validation,pure_no_h56,t1_global,32768,25,long-text,127,0.875,0.7339636134350394,0.9979699803149606,0.97779281496063,0.841719597823823,0.9683197801696578
validation,pure_no_h56,t1_layer,8192,2,long-code,127,0.875,0.8417122908464567,0.9999384842519685,0.997800812007874,0.9890120990837944,0.9990901444144678
validation,pure_no_h56,t1_layer,8192,2,long-text,127,0.875,0.8329309178149606,1.0,0.9975393700787402,0.9892301726103251,0.9967669524712859
validation,pure_no_h56,t1_layer,8192,5,long-code,127,0.875,0.8843157910925197,1.0,1.0,0.992161941796591,0.9974281707521154
validation,pure_no_h56,t1_layer,8192,5,long-text,127,0.875,0.879156157726378,1.0,0.9992925688976378,0.9878103532380562,0.9959743412066551
validation,pure_no_h56,t1_layer,8192,8,long-code,127,0.875,0.860466904527559,1.0,0.9999538631889764,0.9934212472848052,0.9976106941007554
validation,pure_no_h56,t1_layer,8192,8,long-text,127,0.875,0.8596941129429134,1.0,0.9996770423228346,0.989813246273129,0.9958878760584399
validation,pure_no_h56,t1_layer,8192,11,long-code,127,0.875,0.8873646653543307,1.0,0.9999692421259843,0.9881512763137228,0.9993183675760806
validation,pure_no_h56,t1_layer,8192,11,long-text,127,0.875,0.8877491387795275,1.0,1.0,0.9895290400759732,0.9983735573293558
validation,pure_no_h56,t1_layer,8192,14,long-code,127,0.875,0.8766032541830708,1.0,0.999876968503937,0.9800592263840338,0.99798365145871
validation,pure_no_h56,t1_layer,8192,14,long-text,127,0.875,0.8745386318897638,1.0,1.0,0.9826756658668722,0.9967149301534645
validation,pure_no_h56,t1_layer,8192,17,long-code,127,0.875,0.8318044106791339,1.0,0.9982621801181102,0.9796447495742042,0.9956690642475253
validation,pure_no_h56,t1_layer,8192,17,long-text,127,0.875,0.8345072588582677,1.0,0.9986774114173228,0.9737113262063983,0.9938867860463723
validation,pure_no_h56,t1_layer,8192,21,long-code,127,0.875,0.8605015071358267,1.0,0.999753937007874,0.9770875048742987,0.989800533850868
validation,pure_no_h56,t1_layer,8192,21,long-text,127,0.875,0.8671490526574803,1.0,0.9998000738188977,0.9690233960546724,0.9919750324621817
validation,pure_no_h56,t1_layer,8192,25,long-code,127,0.875,0.8562261626476378,1.0,0.9997078001968503,0.9758309108855479,0.9943223758690846
validation,pure_no_h56,t1_layer,8192,25,long-text,127,0.875,0.8407933993602362,1.0,0.99927718996063,0.9683055572761572,0.9926150897437955
validation,pure_no_h56,t1_layer,16384,2,long-code,127,0.875,0.8208968996062992,0.9999384842519685,0.9947404035433071,0.9718141290427834,0.9975772650378671
validation,pure_no_h56,t1_layer,16384,2,long-text,127,0.875,0.800896592027559,0.9988312007874016,0.9849286417322834,0.9559131997596768,0.9955177943535504
validation,pure_no_h56,t1_layer,16384,5,long-code,127,0.875,0.8617241326279528,0.9999384842519685,0.9994771161417323,0.9617610065264774,0.9734997782684746
validation,pure_no_h56,t1_layer,16384,5,long-text,127,0.875,0.8555956262303149,0.9999384842519685,0.9986927903543307,0.9516489599376423,0.9849858517909025
validation,pure_no_h56,t1_layer,16384,8,long-code,127,0.875,0.8692405880905512,0.9999384842519685,0.9997078001968503,0.9672825604499955,0.9738551932643927
validation,pure_no_h56,t1_layer,16384,8,long-text,127,0.875,0.8827855868602362,0.9999384842519685,0.9994309793307087,0.9669398693377741,0.978800440896218
validation,pure_no_h56,t1_layer,16384,11,long-code,127,0.875,0.8725009227362205,1.0,0.9998923474409449,0.9626545719358769,0.9938773380812823
validation,pure_no_h56,t1_layer,16384,11,long-text,127,0.875,0.8457953986220472,0.999876968503937,0.9974163385826772,0.9251889072741271,0.9995602270569955
validation,pure_no_h56,t1_layer,16384,14,long-code,127,0.875,0.8506551427165354,0.9999384842519685,0.9993848425196851,0.9509114975982051,0.9857357735859119
validation,pure_no_h56,t1_layer,16384,14,long-text,127,0.875,0.8256066990649606,0.999876968503937,0.9987543061023622,0.9343377115737022,0.9903622970917991
validation,pure_no_h56,t1_layer,16384,17,long-code,127,0.875,0.7903197281003937,0.9998154527559056,0.9932178887795275,0.9521929743931032,0.9799496470036675
validation,pure_no_h56,t1_layer,16384,17,long-text,127,0.875,0.8287516916830708,1.0,0.999261811023622,0.960321502879865,0.9840729900177305
validation,pure_no_h56,t1_layer,16384,21,long-code,127,0.875,0.8340382012795275,1.0,0.9990157480314961,0.9712971259320065,0.97238358801105
validation,pure_no_h56,t1_layer,16384,21,long-text,127,0.875,0.836791031003937,1.0,0.9990926427165354,0.963894161838316,0.9356069264864779
validation,pure_no_h56,t1_layer,16384,25,long-code,127,0.875,0.838255874753937,0.9999384842519685,0.9991849163385826,0.9383273134899022,0.9725497044618903
validation,pure_no_h56,t1_layer,16384,25,long-text,127,0.875,0.8482983206200787,1.0,0.9996924212598425,0.9398909941402447,1.0078080207550042
validation,pure_no_h56,t1_layer,32768,2,long-code,127,0.875,0.7698003813976378,0.9978469488188977,0.9826986958661418,0.9186235267084433,0.9925372345139899
validation,pure_no_h56,t1_layer,32768,2,long-text,127,0.875,0.7657364972933071,0.9990772637795275,0.9858821358267716,0.9144665268972991,0.9931227172930747
validation,pure_no_h56,t1_layer,32768,5,long-code,127,0.875,0.8107121985728346,0.9989542322834646,0.994632750984252,0.9056820346673555,0.9906500773936577
validation,pure_no_h56,t1_layer,32768,5,long-text,127,0.875,0.7929802842027559,0.9982160433070866,0.9892808809055118,0.8964228581934496,0.9838926003361245
validation,pure_no_h56,t1_layer,32768,8,long-code,127,0.875,0.7860213152066929,0.999261811023622,0.9901728592519685,0.8817037864835006,0.9956416639420538
validation,pure_no_h56,t1_layer,32768,8,long-text,127,0.875,0.7873285248523622,0.9982160433070866,0.9900036909448819,0.882011562545492,0.9736449968217459
validation,pure_no_h56,t1_layer,32768,11,long-code,127,0.875,0.8146376722440944,0.9999384842519685,0.9967242864173228,0.900419332394653,0.9966607372933668
validation,pure_no_h56,t1_layer,32768,11,long-text,127,0.875,0.805913970226378,0.999876968503937,0.994632750984252,0.8987414004670887,0.9993901125059583
validation,pure_no_h56,t1_layer,32768,14,long-code,127,0.875,0.7869517408956693,0.999876968503937,0.9937253937007874,0.8866219898254241,0.9866754109372847
validation,pure_no_h56,t1_layer,32768,14,long-text,127,0.875,0.7827379121555118,0.9994463582677166,0.9923874261811023,0.8800341382429432,0.9786215451610898
validation,pure_no_h56,t1_layer,32768,17,long-code,127,0.875,0.7685739111712598,0.999753937007874,0.989988312007874,0.8999880416461411,0.9847961796848826
validation,pure_no_h56,t1_layer,32768,17,long-text,127,0.875,0.7544868048720472,0.9998154527559056,0.9849286417322834,0.8659808566233071,0.9593620278341857
validation,pure_no_h56,t1_layer,32768,21,long-code,127,0.875,0.7973017655019685,0.9999384842519685,0.9963244340551181,0.9251349825278317,0.9702223121683856
validation,pure_no_h56,t1_layer,32768,21,long-text,127,0.875,0.8056486835629921,1.0,0.9978930856299213,0.9135704580957957,0.97430370436924
validation,pure_no_h56,t1_layer,32768,25,long-code,127,0.875,0.7649790846456693,0.999507874015748,0.9905727116141733,0.8714425936080806,0.9769709847192505
validation,pure_no_h56,t1_layer,32768,25,long-text,127,0.875,0.7310108575295275,0.9993233267716536,0.9791615403543307,0.8404876976605312,0.9729669685355861
validation,pure_no_h56,t2_residual_layer,8192,2,long-code,127,0.875,0.8417122908464567,0.9999384842519685,0.997800812007874,0.9890120990837944,0.9990901444144678
validation,pure_no_h56,t2_residual_layer,8192,2,long-text,127,0.875,0.8329309178149606,1.0,0.9975393700787402,0.9892301726103251,0.9967669524712859
validation,pure_no_h56,t2_residual_layer,8192,5,long-code,127,0.875,0.8843157910925197,1.0,1.0,0.992161941796591,0.9974281707521154
validation,pure_no_h56,t2_residual_layer,8192,5,long-text,127,0.875,0.879156157726378,1.0,0.9992925688976378,0.9878103532380562,0.9959743412066551
validation,pure_no_h56,t2_residual_layer,8192,8,long-code,127,0.875,0.860466904527559,1.0,0.9999538631889764,0.9934212472848052,0.9976106941007554
validation,pure_no_h56,t2_residual_layer,8192,8,long-text,127,0.875,0.8596941129429134,1.0,0.9996770423228346,0.989813246273129,0.9958878760584399
validation,pure_no_h56,t2_residual_layer,8192,11,long-code,127,0.875,0.8873646653543307,1.0,0.9999692421259843,0.9881512763137228,0.9993183675760806
validation,pure_no_h56,t2_residual_layer,8192,11,long-text,127,0.875,0.8877491387795275,1.0,1.0,0.9895290400759732,0.9983735573293558
validation,pure_no_h56,t2_residual_layer,8192,14,long-code,127,0.875,0.8766032541830708,1.0,0.999876968503937,0.9800592263840338,0.99798365145871
validation,pure_no_h56,t2_residual_layer,8192,14,long-text,127,0.875,0.8745386318897638,1.0,1.0,0.9826756658668722,0.9967149301534645
validation,pure_no_h56,t2_residual_layer,8192,17,long-code,127,0.875,0.8318044106791339,1.0,0.9982621801181102,0.9796447495742042,0.9956690642475253
validation,pure_no_h56,t2_residual_layer,8192,17,long-text,127,0.875,0.8345072588582677,1.0,0.9986774114173228,0.9737113262063983,0.9938867860463723
validation,pure_no_h56,t2_residual_layer,8192,21,long-code,127,0.875,0.8605015071358267,1.0,0.999753937007874,0.9770875048742987,0.989800533850868
validation,pure_no_h56,t2_residual_layer,8192,21,long-text,127,0.875,0.8671490526574803,1.0,0.9998000738188977,0.9690233960546724,0.9919750324621817
validation,pure_no_h56,t2_residual_layer,8192,25,long-code,127,0.875,0.8562261626476378,1.0,0.9997078001968503,0.9758309108855479,0.9943223758690846
validation,pure_no_h56,t2_residual_layer,8192,25,long-text,127,0.875,0.8407933993602362,1.0,0.99927718996063,0.9683055572761572,0.9926150897437955
validation,pure_no_h56,t2_residual_layer,16384,2,long-code,127,0.875,0.8208968996062992,0.9999384842519685,0.9947404035433071,0.9718141290427834,0.9975772650378671
validation,pure_no_h56,t2_residual_layer,16384,2,long-text,127,0.875,0.800896592027559,0.9988312007874016,0.9849286417322834,0.9559131997596768,0.9955177943535504
validation,pure_no_h56,t2_residual_layer,16384,5,long-code,127,0.875,0.8617241326279528,0.9999384842519685,0.9994771161417323,0.9617610065264774,0.9734997782684746
validation,pure_no_h56,t2_residual_layer,16384,5,long-text,127,0.875,0.8555956262303149,0.9999384842519685,0.9986927903543307,0.9516489599376423,0.9849858517909025
validation,pure_no_h56,t2_residual_layer,16384,8,long-code,127,0.875,0.8692405880905512,0.9999384842519685,0.9997078001968503,0.9672825604499955,0.9738551932643927
validation,pure_no_h56,t2_residual_layer,16384,8,long-text,127,0.875,0.8827855868602362,0.9999384842519685,0.9994309793307087,0.9669398693377741,0.978800440896218
validation,pure_no_h56,t2_residual_layer,16384,11,long-code,127,0.875,0.8725009227362205,1.0,0.9998923474409449,0.9626545719358769,0.9938773380812823
validation,pure_no_h56,t2_residual_layer,16384,11,long-text,127,0.875,0.8457953986220472,0.999876968503937,0.9974163385826772,0.9251889072741271,0.9995602270569955
validation,pure_no_h56,t2_residual_layer,16384,14,long-code,127,0.875,0.8506551427165354,0.9999384842519685,0.9993848425196851,0.9509114975982051,0.9857357735859119
validation,pure_no_h56,t2_residual_layer,16384,14,long-text,127,0.875,0.8256066990649606,0.999876968503937,0.9987543061023622,0.9343377115737022,0.9903622970917991
validation,pure_no_h56,t2_residual_layer,16384,17,long-code,127,0.875,0.7903197281003937,0.9998154527559056,0.9932178887795275,0.9521929743931032,0.9799496470036675
validation,pure_no_h56,t2_residual_layer,16384,17,long-text,127,0.875,0.8287516916830708,1.0,0.999261811023622,0.960321502879865,0.9840729900177305
validation,pure_no_h56,t2_residual_layer,16384,21,long-code,127,0.875,0.8340382012795275,1.0,0.9990157480314961,0.9712971259320065,0.97238358801105
validation,pure_no_h56,t2_residual_layer,16384,21,long-text,127,0.875,0.836791031003937,1.0,0.9990926427165354,0.963894161838316,0.9356069264864779
validation,pure_no_h56,t2_residual_layer,16384,25,long-code,127,0.875,0.838255874753937,0.9999384842519685,0.9991849163385826,0.9383273134899022,0.9725497044618903
validation,pure_no_h56,t2_residual_layer,16384,25,long-text,127,0.875,0.8482983206200787,1.0,0.9996924212598425,0.9398909941402447,1.0078080207550042
validation,pure_no_h56,t2_residual_layer,32768,2,long-code,127,0.875,0.7698003813976378,0.9978469488188977,0.9826986958661418,0.9186235267084433,0.9925372345139899
validation,pure_no_h56,t2_residual_layer,32768,2,long-text,127,0.875,0.7657364972933071,0.9990772637795275,0.9858821358267716,0.9144665268972991,0.9931227172930747
validation,pure_no_h56,t2_residual_layer,32768,5,long-code,127,0.875,0.8107121985728346,0.9989542322834646,0.994632750984252,0.9056820346673555,0.9906500773936577
validation,pure_no_h56,t2_residual_layer,32768,5,long-text,127,0.875,0.7929802842027559,0.9982160433070866,0.9892808809055118,0.8964228581934496,0.9838926003361245
validation,pure_no_h56,t2_residual_layer,32768,8,long-code,127,0.875,0.7860213152066929,0.999261811023622,0.9901728592519685,0.8817037864835006,0.9956416639420538
validation,pure_no_h56,t2_residual_layer,32768,8,long-text,127,0.875,0.7873285248523622,0.9982160433070866,0.9900036909448819,0.882011562545492,0.9736449968217459
validation,pure_no_h56,t2_residual_layer,32768,11,long-code,127,0.875,0.8146376722440944,0.9999384842519685,0.9967242864173228,0.900419332394653,0.9966607372933668
validation,pure_no_h56,t2_residual_layer,32768,11,long-text,127,0.875,0.805913970226378,0.999876968503937,0.994632750984252,0.8987414004670887,0.9993901125059583
validation,pure_no_h56,t2_residual_layer,32768,14,long-code,127,0.875,0.7869517408956693,0.999876968503937,0.9937253937007874,0.8866219898254241,0.9866754109372847
validation,pure_no_h56,t2_residual_layer,32768,14,long-text,127,0.875,0.7827379121555118,0.9994463582677166,0.9923874261811023,0.8800341382429432,0.9786215451610898
validation,pure_no_h56,t2_residual_layer,32768,17,long-code,127,0.875,0.7685739111712598,0.999753937007874,0.989988312007874,0.8999880416461411,0.9847961796848826
validation,pure_no_h56,t2_residual_layer,32768,17,long-text,127,0.875,0.7544868048720472,0.9998154527559056,0.9849286417322834,0.8659808566233071,0.9593620278341857
validation,pure_no_h56,t2_residual_layer,32768,21,long-code,127,0.875,0.7973017655019685,0.9999384842519685,0.9963244340551181,0.9251349825278317,0.9702223121683856
validation,pure_no_h56,t2_residual_layer,32768,21,long-text,127,0.875,0.8056486835629921,1.0,0.9978930856299213,0.9135704580957957,0.97430370436924
validation,pure_no_h56,t2_residual_layer,32768,25,long-code,127,0.875,0.7649790846456693,0.999507874015748,0.9905727116141733,0.8714425936080806,0.9769709847192505
validation,pure_no_h56,t2_residual_layer,32768,25,long-text,127,0.875,0.7310108575295275,0.9993233267716536,0.9791615403543307,0.8404876976605312,0.9729669685355861
validation,pure_no_h56,t3_delta_layer,8192,2,long-code,127,0.875,0.8492941067913385,1.0,0.9991080216535433,0.9891883988049862,0.9988641116978211
validation,pure_no_h56,t3_delta_layer,8192,2,long-text,127,0.875,0.8480753260334646,1.0,0.9996462844488189,0.9901197196252651,0.9980834052652459
validation,pure_no_h56,t3_delta_layer,8192,5,long-code,127,0.875,0.8867841104822834,1.0,0.9997231791338582,0.9913867996789372,0.9990139907572564
validation,pure_no_h56,t3_delta_layer,8192,5,long-text,127,0.875,0.8751114972933071,0.999876968503937,0.9958630659448819,0.9861347101420107,0.9961624691411262
validation,pure_no_h56,t3_delta_layer,8192,8,long-code,127,0.875,0.8641847625492126,1.0,0.9997846948818898,0.9926901415792454,0.9988193610647025
validation,pure_no_h56,t3_delta_layer,8192,8,long-text,127,0.875,0.8593942236712598,1.0,0.9977700541338582,0.9887597143835913,0.996799587920653
validation,pure_no_h56,t3_delta_layer,8192,11,long-code,127,0.875,0.8818859190452756,1.0,0.9999538631889764,0.986248805573184,0.99941168882953
validation,pure_no_h56,t3_delta_layer,8192,11,long-text,127,0.875,0.8941160187007874,1.0,0.9999077263779528,0.9897469946868783,0.998918788316478
validation,pure_no_h56,t3_delta_layer,8192,14,long-code,127,0.875,0.8664185531496063,1.0,0.9994771161417323,0.9768390891971238,1.000035141376359
validation,pure_no_h56,t3_delta_layer,8192,14,long-text,127,0.875,0.8812361589566929,1.0,0.9999077263779528,0.9827734440561516,0.9993487879871323
validation,pure_no_h56,t3_delta_layer,8192,17,long-code,127,0.875,0.8160448449803149,1.0,0.995601624015748,0.9756225882537765,0.9974696210950574
validation,pure_no_h56,t3_delta_layer,8192,17,long-text,127,0.875,0.8270215612696851,0.9998154527559056,0.9960322342519685,0.9709867288334354,0.9960681755567099
validation,pure_no_h56,t3_delta_layer,8192,21,long-code,127,0.875,0.8523506705216536,1.0,0.9993848425196851,0.9745336215512558,0.9920710127725355
validation,pure_no_h56,t3_delta_layer,8192,21,long-text,127,0.875,0.8548074557086615,1.0,0.999507874015748,0.9647392453556056,0.9911320476862457
validation,pure_no_h56,t3_delta_layer,8192,25,long-code,127,0.875,0.8484059731791339,1.0,0.998908095472441,0.9736462998521939,0.9966848480832927
validation,pure_no_h56,t3_delta_layer,8192,25,long-text,127,0.875,0.8447457861712598,1.0,0.9991541584645669,0.9687418100864345,0.995120351271413
validation,pure_no_h56,t3_delta_layer,16384,2,long-code,127,0.875,0.8174827755905512,0.999753937007874,0.9962321604330708,0.9691137244398281,0.9955723348594174
validation,pure_no_h56,t3_delta_layer,16384,2,long-text,127,0.875,0.8272407111220472,0.9980314960629921,0.9965089812992126,0.9574998702542623,0.9896295286275663
validation,pure_no_h56,t3_delta_layer,16384,5,long-code,127,0.875,0.8442113681102362,0.9998154527559056,0.9981083907480315,0.9545637997478614,0.9950070284435699
validation,pure_no_h56,t3_delta_layer,16384,5,long-text,127,0.875,0.8473371370570866,0.9988312007874016,0.9964167076771654,0.9479408818198993,0.992800288354861
validation,pure_no_h56,t3_delta_layer,16384,8,long-code,127,0.875,0.8572757750984252,0.9996924212598425,0.9980622539370079,0.9614535984623499,0.9890962734530176
validation,pure_no_h56,t3_delta_layer,16384,8,long-text,127,0.875,0.8761265071358267,0.999630905511811,0.9986158956692913,0.9632787853796797,0.9972436270882328
validation,pure_no_h56,t3_delta_layer,16384,11,long-code,127,0.875,0.87060546875,0.999876968503937,0.9996924212598425,0.9615306422615348,0.9944143959238438
validation,pure_no_h56,t3_delta_layer,16384,11,long-text,127,0.875,0.849613219734252,0.9998154527559056,0.9979546013779528,0.9268650319415525,0.9948417891848209
validation,pure_no_h56,t3_delta_layer,16384,14,long-code,127,0.875,0.8402320681594488,0.999630905511811,0.9977854330708661,0.9452327443312224,0.9950879035320328
validation,pure_no_h56,t3_delta_layer,16384,14,long-text,127,0.875,0.8240841843011811,0.9986466535433071,0.9972317913385826,0.9330561627679451,0.9903277712935261
validation,pure_no_h56,t3_delta_layer,16384,17,long-code,127,0.875,0.7673705093503937,0.9995693897637795,0.98314468503937,0.9421911268249179,0.9876619761611316
validation,pure_no_h56,t3_delta_layer,16384,17,long-text,127,0.875,0.8183017039862205,1.0,0.9977700541338582,0.955825078028917,0.9923608307281644
validation,pure_no_h56,t3_delta_layer,16384,21,long-code,127,0.875,0.8271715059055118,0.9999384842519685,0.9974932332677166,0.9683543767030991,0.9882177969976621
validation,pure_no_h56,t3_delta_layer,16384,21,long-text,127,0.875,0.8420736958661418,0.9999384842519685,0.9988465797244095,0.9632554631311779,0.9871350513182077
validation,pure_no_h56,t3_delta_layer,16384,25,long-code,127,0.875,0.8302472933070866,0.9992002952755905,0.9976931594488189,0.9333314861841933,0.9857545791019785
validation,pure_no_h56,t3_delta_layer,16384,25,long-text,127,0.875,0.8618010273129921,0.999507874015748,0.9992002952755905,0.9448707842622588,0.9929300697890467
validation,pure_no_h56,t3_delta_layer,32768,2,long-code,127,0.875,0.7555902436023622,0.9973548228346457,0.9803764763779528,0.9117938997360331,0.9881892325122721
validation,pure_no_h56,t3_delta_layer,32768,2,long-text,127,0.875,0.7633796751968503,0.9974163385826772,0.9831754429133859,0.9073640367342433,0.9855673986781635
validation,pure_no_h56,t3_delta_layer,32768,5,long-code,127,0.875,0.7890394315944882,0.9971702755905512,0.9881735974409449,0.8896436203036203,0.9937592139045441
validation,pure_no_h56,t3_delta_layer,32768,5,long-text,127,0.875,0.7705770177165354,0.9937869094488189,0.9800381397637795,0.8783738260773972,0.9767717044721816
validation,pure_no_h56,t3_delta_layer,32768,8,long-code,127,0.875,0.7569205216535433,0.9947096456692913,0.973748154527559,0.8577854761998065,0.9753256269560896
validation,pure_no_h56,t3_delta_layer,32768,8,long-text,127,0.875,0.7538101316437008,0.9927411417322834,0.9735636072834646,0.8557259634215473,0.967250759977203
validation,pure_no_h56,t3_delta_layer,32768,11,long-code,127,0.875,0.8065022145669292,0.9992002952755905,0.9932178887795275,0.893573478222862,0.9897366787122887
validation,pure_no_h56,t3_delta_layer,32768,11,long-text,127,0.875,0.7920344795767716,0.99876968503937,0.9888656496062992,0.8873956626345513,0.9905207924669072
validation,pure_no_h56,t3_delta_layer,32768,14,long-code,127,0.875,0.7703347994586615,0.9980314960629921,0.9868663877952756,0.8733181590148956,0.9893491087702552
validation,pure_no_h56,t3_delta_layer,32768,14,long-text,127,0.875,0.7646176796259843,0.9964320866141733,0.9834061269685039,0.8651476743343173,0.9801400303574783
validation,pure_no_h56,t3_delta_layer,32768,17,long-code,127,0.875,0.748415969488189,0.9979084645669292,0.978023499015748,0.8850646020864056,0.9886484041866841
validation,pure_no_h56,t3_delta_layer,32768,17,long-text,127,0.875,0.7258858267716536,0.9977854330708661,0.9697034940944882,0.8447154293936128,0.9550332863463311
validation,pure_no_h56,t3_delta_layer,32768,21,long-code,127,0.875,0.7844603531003937,0.999876968503937,0.9925258366141733,0.9168932460701041,0.9848230288639345
validation,pure_no_h56,t3_delta_layer,32768,21,long-text,127,0.875,0.7833453801673228,0.9995693897637795,0.9919260580708661,0.8989256914230336,0.9840349050868609
validation,pure_no_h56,t3_delta_layer,32768,25,long-code,127,0.875,0.751584030511811,0.9980314960629921,0.982421875,0.8603314707469404,0.9842293016633662
validation,pure_no_h56,t3_delta_layer,32768,25,long-text,127,0.875,0.7150052288385826,0.9952632874015748,0.9649975393700787,0.8259767471895793,0.9750028413926769
validation,pure_no_h56,t4_margin_layer,8192,2,long-code,127,0.875,0.8447342519685039,1.0,0.9983852116141733,0.9891337643488717,0.9996157902893826
validation,pure_no_h56,t4_margin_layer,8192,2,long-text,127,0.875,0.8399321788877953,1.0,0.998908095472441,0.9897756852644433,0.9977915122151194
validation,pure_no_h56,t4_margin_layer,8192,5,long-code,127,0.875,0.8844926488681102,1.0,0.9999384842519685,0.9917448065594668,0.9977096364728026
validation,pure_no_h56,t4_margin_layer,8192,5,long-text,127,0.875,0.8759919414370079,1.0,0.9980007381889764,0.9869946609616943,0.9961181192118537
validation,pure_no_h56,t4_margin_layer,8192,8,long-code,127,0.875,0.8664339320866141,1.0,0.9999077263779528,0.9934452937701921,0.9980503934276331
validation,pure_no_h56,t4_margin_layer,8192,8,long-text,127,0.875,0.8631197711614174,1.0,0.9994309793307087,0.9896976639699189,0.9965954729715196
validation,pure_no_h56,t4_margin_layer,8192,11,long-code,127,0.875,0.885257750984252,1.0,0.9999692421259843,0.9875478266273413,0.999475464405337
validation,pure_no_h56,t4_margin_layer,8192,11,long-text,127,0.875,0.8909825602854331,1.0,1.0,0.9897645996540689,0.9986978763333134
validation,pure_no_h56,t4_margin_layer,8192,14,long-code,127,0.875,0.8734928641732284,1.0,0.9998462106299213,0.9792044630750256,0.9986705093696004
validation,pure_no_h56,t4_margin_layer,8192,14,long-text,127,0.875,0.8762956754429134,1.0,0.9999692421259843,0.9827013916484195,0.9976780152893863
validation,pure_no_h56,t4_margin_layer,8192,17,long-code,127,0.875,0.831170029527559,1.0,0.9982160433070866,0.9793624666828996,0.9960682937567691
validation,pure_no_h56,t4_margin_layer,8192,17,long-text,127,0.875,0.8354030819389764,1.0,0.99876968503937,0.973815963404365,0.9943170599840796
validation,pure_no_h56,t4_margin_layer,8192,21,long-code,127,0.875,0.8634311946358267,1.0,0.9997385580708661,0.9776075551614326,0.9906203542002447
validation,pure_no_h56,t4_margin_layer,8192,21,long-text,127,0.875,0.869509719488189,1.0,0.9998000738188977,0.9695688702554578,0.992314533355441
validation,pure_no_h56,t4_margin_layer,8192,25,long-code,127,0.875,0.8556571419783464,1.0,0.9997231791338582,0.9757111913595264,0.9953136235441535
validation,pure_no_h56,t4_margin_layer,8192,25,long-text,127,0.875,0.8474563238188977,1.0,0.9994924950787402,0.9699677736298271,0.9943433109171826
validation,pure_no_h56,t4_margin_layer,16384,2,long-code,127,0.875,0.8164370078740157,1.0,0.9948480561023622,0.9709217093806888,0.9981842538830411
validation,pure_no_h56,t4_margin_layer,16384,2,long-text,127,0.875,0.8106968196358267,0.999876968503937,0.9920029527559056,0.9607791836277926,0.9977083580263278
validation,pure_no_h56,t4_margin_layer,16384,5,long-code,127,0.875,0.8513894869586615,1.0,0.9989542322834646,0.9578057146742526,0.9769652213643026
validation,pure_no_h56,t4_margin_layer,16384,5,long-text,127,0.875,0.8506090059055118,0.999876968503937,0.9980930118110236,0.9497106181247833,0.9882185066825754
validation,pure_no_h56,t4_margin_layer,16384,8,long-code,127,0.875,0.8642655019685039,1.0,0.9995386318897638,0.9650523094027361,0.9833832035429082
validation,pure_no_h56,t4_margin_layer,16384,8,long-text,127,0.875,0.8830739419291339,0.9999384842519685,0.9992002952755905,0.9665200415721875,0.9872601565971145
validation,pure_no_h56,t4_margin_layer,16384,11,long-code,127,0.875,0.8688638041338582,1.0,0.9997078001968503,0.9611168095707828,0.9956934014989719
validation,pure_no_h56,t4_margin_layer,16384,11,long-text,127,0.875,0.8451802411417323,0.9999384842519685,0.9980776328740157,0.9251279449277962,0.9998819733507106
validation,pure_no_h56,t4_margin_layer,16384,14,long-code,127,0.875,0.8465989480807087,0.9999384842519685,0.9991849163385826,0.9489656100366887,0.9886585825489523
validation,pure_no_h56,t4_margin_layer,16384,14,long-text,127,0.875,0.8265102116141733,0.9999384842519685,0.9988004429133859,0.9349024663599982,0.9948587597881738
validation,pure_no_h56,t4_margin_layer,16384,17,long-code,127,0.875,0.7897776205708661,0.9998154527559056,0.9926488681102362,0.9515667340437877,0.980235120899118
validation,pure_no_h56,t4_margin_layer,16384,17,long-text,127,0.875,0.8315929502952756,1.0,0.99927718996063,0.9609879968572462,0.9859710146206957
validation,pure_no_h56,t4_margin_layer,16384,21,long-code,127,0.875,0.8369601993110236,1.0,0.9989234744094488,0.9717482328868393,0.9740678469595011
validation,pure_no_h56,t4_margin_layer,16384,21,long-text,127,0.875,0.8407664862204725,1.0,0.9993694635826772,0.964748723103707,0.9406476572856396
validation,pure_no_h56,t4_margin_layer,16384,25,long-code,127,0.875,0.8343304010826772,0.9999384842519685,0.9985543799212598,0.9360300705643825,0.974855840459549
validation,pure_no_h56,t4_margin_layer,16384,25,long-text,127,0.875,0.8644577386811023,1.0,0.9998154527559056,0.9470102326662676,1.0061464545554202
validation,pure_no_h56,t4_margin_layer,32768,2,long-code,127,0.875,0.7557901697834646,0.9985236220472441,0.9800535187007874,0.9159808650245763,0.9976522141811948
validation,pure_no_h56,t4_margin_layer,32768,2,long-text,127,0.875,0.7571396715059056,0.9992002952755905,0.9841135580708661,0.9101960560630324,0.9953288378568272
validation,pure_no_h56,t4_margin_layer,32768,5,long-code,127,0.875,0.792599655511811,0.9995693897637795,0.9917722687007874,0.8939696381649698,0.995526200669838
validation,pure_no_h56,t4_margin_layer,32768,5,long-text,127,0.875,0.7822419414370079,0.9978469488188977,0.9862973671259843,0.8890475297269012,0.9867572002591642
validation,pure_no_h56,t4_margin_layer,32768,8,long-code,127,0.875,0.7684931717519685,0.9990157480314961,0.9837906003937008,0.8686766164348382,0.9994181989111952
validation,pure_no_h56,t4_margin_layer,32768,8,long-text,127,0.875,0.7685162401574803,0.9979699803149606,0.9850362942913385,0.8687483497264878,0.9810018929376013
validation,pure_no_h56,t4_margin_layer,32768,11,long-code,127,0.875,0.8028228038877953,0.9999384842519685,0.9950172244094488,0.892501590808334,0.9999213780665647
validation,pure_no_h56,t4_margin_layer,32768,11,long-text,127,0.875,0.7925381397637795,0.9998154527559056,0.9915262057086615,0.889086335004672,0.9997231921904329
validation,pure_no_h56,t4_margin_layer,32768,14,long-code,127,0.875,0.7760942113681102,0.9999384842519685,0.9918030265748031,0.8792074426181837,0.9908583385211515
validation,pure_no_h56,t4_margin_layer,32768,14,long-text,127,0.875,0.7710268516240157,0.999507874015748,0.9899267962598425,0.8719052572745407,0.9853268778132418
validation,pure_no_h56,t4_margin_layer,32768,17,long-code,127,0.875,0.7655365711122047,0.9999384842519685,0.98951156496063,0.8981451290678134,0.9873122394982399
validation,pure_no_h56,t4_margin_layer,32768,17,long-text,127,0.875,0.747562438484252,0.9996924212598425,0.9843596210629921,0.8618815534300629,0.9636968000095197
validation,pure_no_h56,t4_margin_layer,32768,21,long-code,127,0.875,0.7986551119586615,0.9999384842519685,0.9966473917322834,0.9256131867621481,0.9724887207788213
validation,pure_no_h56,t4_margin_layer,32768,21,long-text,127,0.875,0.8042991818405512,1.0,0.9978623277559056,0.9127913585292121,0.9777752828116733
validation,pure_no_h56,t4_margin_layer,32768,25,long-code,127,0.875,0.755617156742126,0.999138779527559,0.9842365895669292,0.8639914603693727,0.981485842261225
validation,pure_no_h56,t4_margin_layer,32768,25,long-text,127,0.875,0.7157472625492126,0.9977239173228346,0.9679349163385826,0.8277717773751173,0.9755136386255492
validation,reference,existing_h8_10pct_h56_rescue,8192,2,long-code,127,0.054147151804892255,0.9978623277559056,1.0,0.9999692421259843,0.9998102762279684,0.9999640997061535
validation,reference,existing_h8_10pct_h56_rescue,8192,2,long-text,127,0.053878403217198924,0.9977200725885826,1.0,0.9999538631889764,0.9998205854004248,0.9998970826623992
validation,reference,existing_h8_10pct_h56_rescue,8192,5,long-code,127,0.2041321113083302,0.9911994032972441,1.0,0.9997846948818898,0.9992067798791884,1.000107745646875
validation,reference,existing_h8_10pct_h56_rescue,8192,5,long-text,127,0.08176923643674625,0.9936984805610236,1.0,0.9999692421259843,0.9992422311544388,0.9998500562611461
validation,reference,existing_h8_10pct_h56_rescue,8192,8,long-code,127,0.1089700095040316,0.9939483882874016,1.0,0.9997078001968503,0.9996762752667613,0.9999925767893634
validation,reference,existing_h8_10pct_h56_rescue,8192,8,long-text,127,0.049901083172941244,0.9930794783464567,0.9999384842519685,0.9994463582677166,0.9993106602314705,0.9998196356423384
validation,reference,existing_h8_10pct_h56_rescue,8192,11,long-code,127,0.09566300983956993,0.9941598486712598,1.0,0.9997846948818898,0.999202937001765,1.0000209518850027
validation,reference,existing_h8_10pct_h56_rescue,8192,11,long-text,127,0.04437197398374913,0.9954016978346457,1.0,1.0,0.9995241390324582,0.9998168884467855
validation,reference,existing_h8_10pct_h56_rescue,8192,14,long-code,127,0.13226649076543445,0.9880697896161418,1.0,0.9993079478346457,0.9975764187333486,1.0000317073128482
validation,reference,existing_h8_10pct_h56_rescue,8192,14,long-text,127,0.024980745247624062,0.9955977792814961,1.0,0.9998462106299213,0.9992800769516278,1.0000689959062448
validation,reference,existing_h8_10pct_h56_rescue,8192,17,long-code,127,0.03170635207214421,0.9974201833169292,0.9999384842519685,0.9997385580708661,0.9995700557060565,1.0000457009916977
validation,reference,existing_h8_10pct_h56_rescue,8192,17,long-text,127,0.01585910486160804,0.99878890871063,1.0,0.9999077263779528,0.9998022619361752,0.999960360766753
validation,reference,existing_h8_10pct_h56_rescue,8192,21,long-code,127,0.011173116367941811,0.9994655819389764,1.0,1.0,0.9998833583847431,0.9999816963259994
validation,reference,existing_h8_10pct_h56_rescue,8192,21,long-text,127,0.05095483917153593,0.9990311269685039,1.0,0.9999231053149606,0.9996938665641181,1.0000033839437743
validation,reference,existing_h8_10pct_h56_rescue,8192,25,long-code,127,0.10709460932191171,0.9945789247047244,1.0,0.9996616633858267,0.9989420683068027,0.9999339464503579
validation,reference,existing_h8_10pct_h56_rescue,8192,25,long-text,127,0.020572829556912725,0.9982121985728346,1.0,0.9999538631889764,0.9995876572761621,0.999952905716559
validation,reference,existing_h8_10pct_h56_rescue,16384,2,long-code,127,0.143743589415849,0.9954324557086615,1.0,0.9998615895669292,0.99925899539267,0.9997872149851088
validation,reference,existing_h8_10pct_h56_rescue,16384,2,long-text,127,0.20629740790913342,0.9921605868602362,1.0,0.9997385580708661,0.9983063134116442,0.9996164083691127
validation,reference,existing_h8_10pct_h56_rescue,16384,5,long-code,127,0.32937315260218347,0.9950287586122047,1.0,0.9999077263779528,0.9986321379790835,0.9982196952918398
validation,reference,existing_h8_10pct_h56_rescue,16384,5,long-text,127,0.26367361135642636,0.998781219242126,1.0,1.0,0.9996516565700647,0.9999262366413169
validation,reference,existing_h8_10pct_h56_rescue,16384,8,long-code,127,0.36022228433267695,0.9963551919291339,1.0,1.0,0.9990130599804752,0.9964488175806487
validation,reference,existing_h8_10pct_h56_rescue,16384,8,long-text,127,0.38859668740386555,0.9983467642716536,1.0,1.0,0.9995940405711273,0.9991273530851921
validation,reference,existing_h8_10pct_h56_rescue,16384,11,long-code,127,0.2997086375957007,0.988650344488189,1.0,0.9997846948818898,0.9962442839015612,0.9993022216340827
validation,reference,existing_h8_10pct_h56_rescue,16384,11,long-text,127,0.15787146935830487,0.9984659510334646,1.0,0.9999846210629921,0.9994026340625543,1.000040908410737
validation,reference,existing_h8_10pct_h56_rescue,16384,14,long-code,127,0.280109134202002,0.9807993971456693,0.9995693897637795,0.9971087598425197,0.9922942133998589,0.9997403176498433
validation,reference,existing_h8_10pct_h56_rescue,16384,14,long-text,127,0.17937501913859155,0.9924104945866141,1.0,0.9995540108267716,0.9968679516910836,1.0004259072865787
validation,reference,existing_h8_10pct_h56_rescue,16384,17,long-code,127,0.19479951784881888,0.990599624753937,0.999876968503937,0.9986312746062992,0.9973886000656255,1.0007040646853804
validation,reference,existing_h8_10pct_h56_rescue,16384,17,long-text,127,0.21092050997895442,0.99244125246063,1.0,0.9997078001968503,0.9981017915827108,1.0005342752794908
validation,reference,existing_h8_10pct_h56_rescue,16384,21,long-code,127,0.13150850379403303,0.9866280142716536,0.999753937007874,0.9982775590551181,0.9967059725337938,0.9997149300953424
validation,reference,existing_h8_10pct_h56_rescue,16384,21,long-text,127,0.22231558815699642,0.9824141855314961,0.9999384842519685,0.9980930118110236,0.9946231224397152,0.9967917768533756
validation,reference,existing_h8_10pct_h56_rescue,16384,25,long-code,127,0.3042177448295684,0.9921875,1.0,0.9997693159448819,0.9966661848362359,0.9958114682181795
validation,reference,existing_h8_10pct_h56_rescue,16384,25,long-text,127,0.1851839188663389,0.998773529773622,1.0,1.0,0.9995235837554165,0.9997082942844135
validation,reference,existing_h8_10pct_h56_rescue,32768,2,long-code,127,0.22931854947514008,0.9942867249015748,1.0,0.9996001476377953,0.9977646933299396,0.999547182730082
validation,reference,existing_h8_10pct_h56_rescue,32768,2,long-text,127,0.17467612726015236,0.9960822157972441,1.0,0.9999077263779528,0.9985517887545139,0.9994846746178891
validation,reference,existing_h8_10pct_h56_rescue,32768,5,long-code,127,0.2858662590839525,0.998296782726378,1.0,1.0,0.9993052061628345,0.9999840157762359
validation,reference,existing_h8_10pct_h56_rescue,32768,5,long-text,127,0.19099699562595943,0.9993194820374016,1.0,1.0,0.9997110822955273,0.9999882708395694
validation,reference,existing_h8_10pct_h56_rescue,32768,8,long-code,127,0.20281238681216243,0.9990003690944882,1.0,0.9999846210629921,0.999468195678185,0.999943523499582
validation,reference,existing_h8_10pct_h56_rescue,32768,8,long-text,127,0.16566575394982883,0.9997731606791339,1.0,1.0,0.9998813421987404,0.999932594055113
validation,reference,existing_h8_10pct_h56_rescue,32768,11,long-code,127,0.18291837679521455,0.9985812930610236,1.0,1.0,0.9992987421687738,0.9999402877353526
validation,reference,existing_h8_10pct_h56_rescue,32768,11,long-text,127,0.11698853996629083,0.9991964505413385,1.0,0.9999692421259843,0.9996441618323583,0.9999764821768248
validation,reference,existing_h8_10pct_h56_rescue,32768,14,long-code,127,0.22244415734602901,0.9861666461614174,1.0,0.9984774852362205,0.992153929393191,0.9988881471102466
validation,reference,existing_h8_10pct_h56_rescue,32768,14,long-text,127,0.1886687385996201,0.9904266117125984,0.999876968503937,0.9993848425196851,0.9947373729976439,0.9997078974825822
validation,reference,existing_h8_10pct_h56_rescue,32768,17,long-code,127,0.2680897730104808,0.9922067236712598,1.0,0.9993694635826772,0.996809073769257,0.9992943354049315
validation,reference,existing_h8_10pct_h56_rescue,32768,17,long-text,127,0.17941731457596455,0.9953094242125984,1.0,0.9996001476377953,0.9975546069515592,0.9988145772011545
validation,reference,existing_h8_10pct_h56_rescue,32768,21,long-code,127,0.291227857597855,0.9798535925196851,0.9993848425196851,0.9964936023622047,0.9911161771588346,0.9905522264668185
validation,reference,existing_h8_10pct_h56_rescue,32768,21,long-text,127,0.23036591115610186,0.9863089013287402,1.0,0.998908095472441,0.9935674928559953,0.9962390658888943
validation,reference,existing_h8_10pct_h56_rescue,32768,25,long-code,127,0.2934737686861078,0.9868471641240157,0.9999384842519685,0.9982775590551181,0.9924284347420562,0.9981872269509762
validation,reference,existing_h8_10pct_h56_rescue,32768,25,long-text,127,0.10259904125667181,0.9974048043799213,1.0,0.9998462106299213,0.9984794542468374,0.9986070091041872
validation,reference,full64_oracle,8192,2,long-code,127,0.0,1.0,1.0,1.0,1.0,1.0
validation,reference,full64_oracle,8192,2,long-text,127,0.0,1.0,1.0,1.0,1.0,1.0
validation,reference,full64_oracle,8192,5,long-code,127,0.0,1.0,1.0,1.0,1.0,1.0
validation,reference,full64_oracle,8192,5,long-text,127,0.0,1.0,1.0,1.0,1.0,1.0
validation,reference,full64_oracle,8192,8,long-code,127,0.0,1.0,1.0,1.0,1.0,1.0
validation,reference,full64_oracle,8192,8,long-text,127,0.0,1.0,1.0,1.0,1.0,1.0
validation,reference,full64_oracle,8192,11,long-code,127,0.0,1.0,1.0,1.0,1.0,1.0
validation,reference,full64_oracle,8192,11,long-text,127,0.0,1.0,1.0,1.0,1.0,1.0
validation,reference,full64_oracle,8192,14,long-code,127,0.0,1.0,1.0,1.0,1.0,1.0
validation,reference,full64_oracle,8192,14,long-text,127,0.0,1.0,1.0,1.0,1.0,1.0
validation,reference,full64_oracle,8192,17,long-code,127,0.0,1.0,1.0,1.0,1.0,1.0
validation,reference,full64_oracle,8192,17,long-text,127,0.0,1.0,1.0,1.0,1.0,1.0
validation,reference,full64_oracle,8192,21,long-code,127,0.0,1.0,1.0,1.0,1.0,1.0
validation,reference,full64_oracle,8192,21,long-text,127,0.0,1.0,1.0,1.0,1.0,1.0
validation,reference,full64_oracle,8192,25,long-code,127,0.0,1.0,1.0,1.0,1.0,1.0
validation,reference,full64_oracle,8192,25,long-text,127,0.0,1.0,1.0,1.0,1.0,1.0
validation,reference,full64_oracle,16384,2,long-code,127,0.0,1.0,1.0,1.0,1.0,1.0
validation,reference,full64_oracle,16384,2,long-text,127,0.0,1.0,1.0,1.0,1.0,1.0
validation,reference,full64_oracle,16384,5,long-code,127,0.0,1.0,1.0,1.0,1.0,1.0
validation,reference,full64_oracle,16384,5,long-text,127,0.0,1.0,1.0,1.0,1.0,1.0
validation,reference,full64_oracle,16384,8,long-code,127,0.0,1.0,1.0,1.0,1.0,1.0
validation,reference,full64_oracle,16384,8,long-text,127,0.0,1.0,1.0,1.0,1.0,1.0
validation,reference,full64_oracle,16384,11,long-code,127,0.0,1.0,1.0,1.0,1.0,1.0
validation,reference,full64_oracle,16384,11,long-text,127,0.0,1.0,1.0,1.0,1.0,1.0
validation,reference,full64_oracle,16384,14,long-code,127,0.0,1.0,1.0,1.0,1.0,1.0
validation,reference,full64_oracle,16384,14,long-text,127,0.0,1.0,1.0,1.0,1.0,1.0
validation,reference,full64_oracle,16384,17,long-code,127,0.0,1.0,1.0,1.0,1.0,1.0
validation,reference,full64_oracle,16384,17,long-text,127,0.0,1.0,1.0,1.0,1.0,1.0
validation,reference,full64_oracle,16384,21,long-code,127,0.0,1.0,1.0,1.0,1.0,1.0
validation,reference,full64_oracle,16384,21,long-text,127,0.0,1.0,1.0,1.0,1.0,1.0
validation,reference,full64_oracle,16384,25,long-code,127,0.0,1.0,1.0,1.0,1.0,1.0
validation,reference,full64_oracle,16384,25,long-text,127,0.0,1.0,1.0,1.0,1.0,1.0
validation,reference,full64_oracle,32768,2,long-code,127,0.0,1.0,1.0,1.0,1.0,1.0
validation,reference,full64_oracle,32768,2,long-text,127,0.0,1.0,1.0,1.0,1.0,1.0
validation,reference,full64_oracle,32768,5,long-code,127,0.0,1.0,1.0,1.0,1.0,1.0
validation,reference,full64_oracle,32768,5,long-text,127,0.0,1.0,1.0,1.0,1.0,1.0
validation,reference,full64_oracle,32768,8,long-code,127,0.0,1.0,1.0,1.0,1.0,1.0
validation,reference,full64_oracle,32768,8,long-text,127,0.0,1.0,1.0,1.0,1.0,1.0
validation,reference,full64_oracle,32768,11,long-code,127,0.0,1.0,1.0,1.0,1.0,1.0
validation,reference,full64_oracle,32768,11,long-text,127,0.0,1.0,1.0,1.0,1.0,1.0
validation,reference,full64_oracle,32768,14,long-code,127,0.0,1.0,1.0,1.0,1.0,1.0
validation,reference,full64_oracle,32768,14,long-text,127,0.0,1.0,1.0,1.0,1.0,1.0
validation,reference,full64_oracle,32768,17,long-code,127,0.0,1.0,1.0,1.0,1.0,1.0
validation,reference,full64_oracle,32768,17,long-text,127,0.0,1.0,1.0,1.0,1.0,1.0
validation,reference,full64_oracle,32768,21,long-code,127,0.0,1.0,1.0,1.0,1.0,1.0
validation,reference,full64_oracle,32768,21,long-text,127,0.0,1.0,1.0,1.0,1.0,1.0
validation,reference,full64_oracle,32768,25,long-code,127,0.0,1.0,1.0,1.0,1.0,1.0
validation,reference,full64_oracle,32768,25,long-text,127,0.0,1.0,1.0,1.0,1.0,1.0
