policy,layer,base_context_length,workload,qk_reduction,recall,top128_recall,top512_recall,top2048_recall,index_mass_ratio,newly_hot_miss_rate
dynamic_address_m-0.25,2,8192,long-code,0.2005785920925747,0.9803790395341208,0.9996104002624672,0.9969959809711286,0.9803790395341208,0.9988252305049388,0.0476600403541791
dynamic_address_m-0.25,2,8192,long-text,0.178836107398858,0.9765330237040682,0.9999589895013123,0.996596128608924,0.9765330237040682,0.9989647349762985,0.0537025234383634
dynamic_address_m-0.25,2,16384,long-code,0.5758754863813229,0.907969877788714,0.996698654855643,0.978044004265092,0.907969877788714,0.9899653932544482,0.1856328169063669
dynamic_address_m-0.25,2,16384,long-text,0.5518581491377217,0.9036458333333334,0.989009186351706,0.9630700459317584,0.9036458333333334,0.982800032819703,0.1807433082081328
dynamic_address_m-0.25,2,32768,long-code,0.7646146830825353,0.8421352116141733,0.975824311023622,0.9381817995406824,0.8421352116141733,0.9663745199597654,0.2698585539151759
dynamic_address_m-0.25,2,32768,long-text,0.7429616087751372,0.8436577263779528,0.9750656167979004,0.9335424868766404,0.8436577263779528,0.960702066017661,0.261853819775224
dynamic_address_m-0.25,5,8192,long-code,0.3258181818181818,0.974378690944882,0.9999794947506562,0.9989798638451444,0.974378690944882,0.9989830367130438,0.0821684365836068
dynamic_address_m-0.25,5,8192,long-text,0.2176606340337665,0.9769815760334646,0.999753937007874,0.9977341699475064,0.9769815760334646,0.9987083007052764,0.0675499327202096
dynamic_address_m-0.25,5,16384,long-code,0.6415163112812101,0.9387649175688976,0.9974778543307088,0.9902907644356956,0.9387649175688976,0.9898812773805784,0.1536909480144478
dynamic_address_m-0.25,5,16384,long-text,0.5751760991012873,0.9412293922244096,0.997190780839895,0.9884606709317584,0.9412293922244096,0.987949840574888,0.1348566795665828
dynamic_address_m-0.25,5,32768,long-code,0.7665021027610166,0.880001999261811,0.9854002624671916,0.9619781414041996,0.880001999261811,0.969531270182076,0.2239919667492897
dynamic_address_m-0.25,5,32768,long-text,0.7384990105038819,0.8722651123687664,0.9852977362204725,0.9576259022309712,0.8722651123687664,0.9665248607024896,0.2354359290146601
dynamic_address_m-0.25,8,8192,long-code,0.2416270856168554,0.973894254429134,0.9999794947506562,0.998272432742782,0.973894254429134,0.9990001058043488,0.0740018685397879
dynamic_address_m-0.25,8,8192,long-text,0.1464707299445916,0.9793550586450132,0.999876968503937,0.9982057906824148,0.9793550586450132,0.998783174047924,0.0556408088102453
dynamic_address_m-0.25,8,16384,long-code,0.7099841521394612,0.944810121391076,0.9981955380577427,0.992407931430446,0.944810121391076,0.9894041291458452,0.1413448980435438
dynamic_address_m-0.25,8,16384,long-text,0.6637789030565554,0.9396222933070866,0.9946481299212598,0.9853797572178478,0.9396222933070866,0.984895666743796,0.143462485971666
dynamic_address_m-0.25,8,32768,long-code,0.7371339772692648,0.8498785063976378,0.970964566929134,0.93776656824147,0.8498785063976378,0.951374032596558,0.2451579942885954
dynamic_address_m-0.25,8,32768,long-text,0.7145725585640401,0.8369819861384514,0.959215059055118,0.9250943241469816,0.8369819861384514,0.9486004074666656,0.2613522928856562
dynamic_address_m-0.25,11,8192,long-code,0.1770294648226097,0.9842660658628608,1.0,0.9992976952099738,0.9842660658628608,0.9990927458955248,0.0497248668563705
dynamic_address_m-0.25,11,8192,long-text,0.1550387596899225,0.9805238578576116,0.9999179790026248,0.9992976952099738,0.9805238578576116,0.9987994107043636,0.0621751689553506
dynamic_address_m-0.25,11,16384,long-code,0.547838756677999,0.9507335752952756,0.9993438320209974,0.9948429297900262,0.9507335752952756,0.9920790913737306,0.1237805845777584
dynamic_address_m-0.25,11,16384,long-text,0.4996340570870944,0.944214187582021,0.9966576443569554,0.98951156496063,0.944214187582021,0.9886176867885366,0.1224448399484964
dynamic_address_m-0.25,11,32768,long-code,0.6733144268593907,0.9039905778379264,0.9882504921259844,0.966186843832021,0.9039905778379264,0.9736391853276052,0.174057442987626
dynamic_address_m-0.25,11,32768,long-text,0.6695132365499573,0.8619676324639107,0.9823449803149606,0.9490495816929134,0.8619676324639107,0.9624173424795464,0.2349081155519508
dynamic_address_m-0.25,14,8192,long-code,0.2163728567978748,0.9767496104002624,0.9991182742782152,0.9969139599737532,0.9767496104002624,0.9976346099920084,0.0634940206115094
dynamic_address_m-0.25,14,8192,long-text,0.0925747348119575,0.9884478551509186,0.9999794947506562,0.9992925688976378,0.9884478551509186,0.9990452749980197,0.0349939610682649
dynamic_address_m-0.25,14,16384,long-code,0.4704738760631834,0.9498172469652232,0.9944840879265092,0.9856770833333334,0.9498172469652232,0.9886352948402872,0.1053613716755508
dynamic_address_m-0.25,14,16384,long-text,0.3841396871589668,0.9443692585301836,0.9972112860892388,0.986933029855643,0.9443692585301836,0.9884325841705838,0.111362166060521
dynamic_address_m-0.25,14,32768,long-code,0.5849913165351452,0.8757907336778216,0.9779978674540682,0.9453586368110236,0.8757907336778216,0.964325841617946,0.2005326997052289
dynamic_address_m-0.25,14,32768,long-text,0.5887656878274643,0.8407498257053806,0.9681143372703412,0.9245304297900262,0.8407498257053806,0.9530586975067368,0.2450079736451277
dynamic_address_m-0.25,17,8192,long-code,0.1628104179285281,0.9655152969160103,0.9979084645669292,0.9909161745406824,0.9655152969160103,0.9967443654955274,0.0722637096445383
dynamic_address_m-0.25,17,8192,long-text,0.0854576353483855,0.9794088849245408,0.9979904855643044,0.9941918881233596,0.9794088849245408,0.9980869328386024,0.0440843360450137
dynamic_address_m-0.25,17,16384,long-code,0.4400900626787561,0.9364580770177166,0.9908136482939632,0.978023499015748,0.9364580770177166,0.9893695968419256,0.119153358281886
dynamic_address_m-0.25,17,16384,long-text,0.3859884252208346,0.928826279527559,0.9923310367454068,0.975583374343832,0.928826279527559,0.9848537134858676,0.1246451867771496
dynamic_address_m-0.25,17,32768,long-code,0.6277185501066098,0.875002563156168,0.9733431758530184,0.9403553559711286,0.875002563156168,0.9681818869132136,0.1931655108748739
dynamic_address_m-0.25,17,32768,long-text,0.6186874847523787,0.8304177431922573,0.949208497375328,0.9053682742782152,0.8304177431922573,0.9476888492822014,0.2426103463436666
dynamic_address_m-0.25,21,8192,long-code,0.0780012187690433,0.9870227403215224,0.9999384842519684,0.9988260744750656,0.9870227403215224,0.99921732207115,0.0341921743784813
dynamic_address_m-0.25,21,8192,long-text,0.062317429406037,0.9911801796259844,0.9997949475065616,0.9976111384514436,0.9911801796259844,0.9989489656812628,0.0178048035556613
dynamic_address_m-0.25,21,16384,long-code,0.3115302707636143,0.954957656660105,0.9971497703412072,0.9883273868110236,0.954957656660105,0.9933590369769676,0.0891907849647892
dynamic_address_m-0.25,21,16384,long-text,0.4095313547443476,0.938227936351706,0.990465059055118,0.975362942913386,0.938227936351706,0.9849318877436466,0.1097124797009257
dynamic_address_m-0.25,21,32768,long-code,0.5367162722615272,0.8891857878116798,0.9785925196850394,0.9503414124015748,0.8891857878116798,0.971885865089875,0.1744593158131377
dynamic_address_m-0.25,21,32768,long-text,0.5462248910293535,0.8824651923392388,0.9843955052493438,0.9496493602362204,0.8824651923392388,0.9707179330262674,0.1848444757370023
dynamic_address_m-0.25,25,8192,long-code,0.2342320361107722,0.9825256828248032,0.9998564632545932,0.9984364747375328,0.9825256828248032,0.998478558901515,0.0501326509341234
dynamic_address_m-0.25,25,8192,long-text,0.0777926340099671,0.9910302349901576,0.9999589895013123,0.9990003690944882,0.9910302349901576,0.999276868700812,0.0260306470713487
dynamic_address_m-0.25,25,16384,long-code,0.572541382667965,0.965455062746063,0.998421095800525,0.9929923310367454,0.965455062746063,0.9925633531137706,0.0776919719671679
dynamic_address_m-0.25,25,16384,long-text,0.5380772511270866,0.9615898232447506,0.9928641732283464,0.9849952837926508,0.9615898232447506,0.9898703531576554,0.0892972378895677
dynamic_address_m-0.25,25,32768,long-code,0.6267830530125612,0.8800981176181102,0.979863845144357,0.9466504675196852,0.8800981176181102,0.9672168800706752,0.1898100982073825
dynamic_address_m-0.25,25,32768,long-text,0.5626844330869155,0.8780975742290026,0.9753116797900262,0.941149934383202,0.8780975742290026,0.9661953330169856,0.189358288926436
dynamic_address_m-0.5,2,8192,long-code,0.239990322970848,0.9704916646161418,0.9994053477690288,0.9952427821522308,0.9704916646161418,0.9982525872454132,0.0675367847024972
dynamic_address_m-0.5,2,8192,long-text,0.2167130245495223,0.969477936351706,0.9998154527559056,0.9950069717847768,0.969477936351706,0.998523826907144,0.0662403657892058
dynamic_address_m-0.5,2,16384,long-code,0.6113409588707714,0.8857075848917323,0.9946686351706036,0.9695138205380578,0.8857075848917323,0.986576025768172,0.2206924284535702
dynamic_address_m-0.5,2,16384,long-text,0.6032962354801436,0.8811720800524935,0.9873687664041996,0.9541656414041996,0.8811720800524935,0.978321196330673,0.2165752130405449
dynamic_address_m-0.5,2,32768,long-code,0.792045489099036,0.8206687787073491,0.9741838910761156,0.9308511729002624,0.8206687787073491,0.9612551350028352,0.3039529057985159
dynamic_address_m-0.5,2,32768,long-text,0.7811767570693696,0.8157193241469817,0.963746719160105,0.9147032890419948,0.8157193241469817,0.9499649112513654,0.2965991131428474
dynamic_address_m-0.5,5,8192,long-code,0.3587618815500852,0.969007597194882,0.9999794947506562,0.9987338008530184,0.969007597194882,0.9987512193572088,0.0975322083771461
dynamic_address_m-0.5,5,8192,long-text,0.2389210019267822,0.9731881049048556,0.99973343175853,0.997334317585302,0.9731881049048556,0.9984358423040705,0.0776296450603078
dynamic_address_m-0.5,5,16384,long-code,0.6728245017015071,0.9243471641240156,0.9968011811023622,0.9874815452755904,0.9243471641240156,0.9870233578337346,0.1846753119511276
dynamic_address_m-0.5,5,16384,long-text,0.6087483339391737,0.9246047613188976,0.9962475393700788,0.9846671998031497,0.9246047613188976,0.983986283906475,0.167995205774244
dynamic_address_m-0.5,5,32768,long-code,0.8014869435388037,0.838985092683727,0.9758858267716536,0.9410474081364828,0.838985092683727,0.9543831889480786,0.2829043226809082
dynamic_address_m-0.5,5,32768,long-text,0.7659885491533682,0.8390491715879265,0.9782234251968503,0.941652312992126,0.8390491715879265,0.954424209650336,0.2836854962788185
dynamic_address_m-0.5,8,8192,long-code,0.2728047740835464,0.9663803621227034,0.9999384842519684,0.9977085383858268,0.9663803621227034,0.9986860683939268,0.0924254002956089
dynamic_address_m-0.5,8,8192,long-text,0.1775205016883743,0.9672518352198164,0.9998564632545932,0.9965448654855644,0.9672518352198164,0.9979775008018176,0.0808551187907761
dynamic_address_m-0.5,8,16384,long-code,0.7243078795254031,0.9340346128608924,0.997682906824147,0.9904394274934384,0.9340346128608924,0.9869609854513772,0.16599051532397
dynamic_address_m-0.5,8,16384,long-text,0.6918078581405235,0.922104402477034,0.9933562992125984,0.9815196440288714,0.922104402477034,0.9802910171203144,0.1798698976290279
dynamic_address_m-0.5,8,32768,long-code,0.7798458585920127,0.8020948675360893,0.9580872703412072,0.910899565288714,0.8020948675360893,0.9304938921123728,0.3089635252289379
dynamic_address_m-0.5,8,32768,long-text,0.7549148099606815,0.7950820722604987,0.9459891732283464,0.901487655839895,0.7950820722604987,0.9309397557545318,0.31621204049479
dynamic_address_m-0.5,11,8192,long-code,0.2020152968313706,0.9795639558727034,0.9999794947506562,0.9989542322834646,0.9795639558727034,0.9987942282092672,0.0625039817780415
dynamic_address_m-0.5,11,8192,long-text,0.2012822063626467,0.9717591453412072,0.9998564632545932,0.9987132956036744,0.9717591453412072,0.998190370142477,0.0842665163846145
dynamic_address_m-0.5,11,16384,long-code,0.5807198099993911,0.9371949844160103,0.9988722112860892,0.9923259104330708,0.9371949844160103,0.9891171492454696,0.1507658003511229
dynamic_address_m-0.5,11,16384,long-text,0.5410533998297045,0.9273319594816272,0.996083497375328,0.985472030839895,0.9273319594816272,0.9846835678468164,0.1546673482503995
dynamic_address_m-0.5,11,32768,long-code,0.7050731915152622,0.8784833292322834,0.980581528871391,0.9528020423228346,0.8784833292322834,0.9640783693613652,0.2091624149614046
dynamic_address_m-0.5,11,32768,long-text,0.7063545150501672,0.8311802821522309,0.9756602690288714,0.9329785925196852,0.8311802821522309,0.95091966547994,0.2743576260784475
dynamic_address_m-0.5,14,8192,long-code,0.24908781318414,0.9697637282644356,0.999015748031496,0.9959194553805776,0.9697637282644356,0.9970028212438004,0.0793026058285163
dynamic_address_m-0.5,14,8192,long-text,0.1156208599301457,0.9835945189468503,0.9999179790026248,0.9988773375984252,0.9835945189468503,0.9985633963361836,0.0465344845497226
dynamic_address_m-0.5,14,16384,long-code,0.5047931076325689,0.9362440534776902,0.991715879265092,0.9799356135170604,0.9362440534776902,0.9847768000090628,0.1282196227835595
dynamic_address_m-0.5,14,16384,long-text,0.4153071744799563,0.9299937971620736,0.9966781496062992,0.982406496062992,0.9299937971620736,0.984809607274904,0.1354277532353637
dynamic_address_m-0.5,14,32768,long-code,0.6276038494335485,0.838871032234252,0.9667609908136484,0.9239101459973752,0.838871032234252,0.9502837927841066,0.2490326204742197
dynamic_address_m-0.5,14,32768,long-text,0.6220407665823711,0.8065150303477691,0.9561597769028872,0.9017798556430446,0.8065150303477691,0.9388734742758033,0.2872456614369307
dynamic_address_m-0.5,17,8192,long-code,0.1938454082868912,0.9566826607611548,0.9976418963254592,0.9892962598425196,0.9566826607611548,0.9960622933641508,0.0909470841288432
dynamic_address_m-0.5,17,8192,long-text,0.1160681900616612,0.9730509760498688,0.9973548228346456,0.9922746473097112,0.9730509760498688,0.9974680632707728,0.057131122139388
dynamic_address_m-0.5,17,16384,long-code,0.4767441860465116,0.9151133940288714,0.9842314632545932,0.9666379593175852,0.9151133940288714,0.9848124323700406,0.1511683868629856
dynamic_address_m-0.5,17,16384,long-text,0.4314082710876298,0.9065255392880578,0.9888041338582676,0.9668788959973752,0.9065255392880578,0.97939717837693,0.1591619753064014
dynamic_address_m-0.5,17,32768,long-code,0.6629699591737249,0.8452725147637795,0.9609785104986877,0.919670685695538,0.8452725147637795,0.9571016937643788,0.2289191494507631
dynamic_address_m-0.5,17,32768,long-text,0.6540543828700043,0.7927444738353019,0.9349163385826772,0.879393249671916,0.7927444738353019,0.9327872051347612,0.2882725904400752
dynamic_address_m-0.5,21,8192,long-code,0.1009831290205122,0.9832651533792652,0.9998974737532808,0.998303190616798,0.9832651533792652,0.9989764820883332,0.0417111009138304
dynamic_address_m-0.5,21,8192,long-text,0.0772480386240193,0.9858846989829396,0.9991797900262468,0.9954785925196852,0.9858846989829396,0.998139049615612,0.0270217065668306
dynamic_address_m-0.5,21,16384,long-code,0.3503862765375023,0.9435170091043308,0.9946071194225722,0.9828524852362204,0.9435170091043308,0.9910067847239926,0.1064839226106858
dynamic_address_m-0.5,21,16384,long-text,0.4306759624128523,0.9292338213582676,0.988394028871391,0.9707800196850394,0.9292338213582676,0.9824615745242696,0.1236310686685262
dynamic_address_m-0.5,21,32768,long-code,0.5753291077523159,0.8669670685695539,0.9736712598425196,0.9376486630577427,0.8669670685695539,0.9652240134072048,0.2029989760959785
dynamic_address_m-0.5,21,32768,long-text,0.5961099442973244,0.853396438238189,0.9759063320209974,0.9309331938976378,0.853396438238189,0.9609752279252046,0.2210585563327141
dynamic_address_m-0.5,25,8192,long-code,0.2570906877662812,0.9789090694717848,0.999753937007874,0.9979751066272966,0.9789090694717848,0.998152564063542,0.0588900411085012
dynamic_address_m-0.5,25,8192,long-text,0.1006167613979924,0.9881313053641732,0.9999589895013123,0.9985953904199476,0.9881313053641732,0.9990200361259104,0.0332304940510097
dynamic_address_m-0.5,25,16384,long-code,0.5876915592313305,0.95580734292979,0.9976213910761156,0.9900805856299212,0.95580734292979,0.9900160112781446,0.0942328801844336
dynamic_address_m-0.5,25,16384,long-text,0.5634486945962356,0.9540067257217848,0.9905265748031497,0.9816478018372704,0.9540067257217848,0.9875247578972248,0.103363102064915
dynamic_address_m-0.5,25,32768,long-code,0.6657541746509719,0.8454865383038058,0.9695907152230973,0.92604781824147,0.8454865383038058,0.9547413940972442,0.2342057559739912
dynamic_address_m-0.5,25,32768,long-text,0.6114525649607497,0.8404922285104987,0.9603018372703412,0.9151697834645668,0.8404922285104987,0.9523468236302036,0.2342398850079469
dynamic_address_m-1,2,8192,long-code,0.3086196503918023,0.9446563320209974,0.9984416010498688,0.986558809055118,0.9446563320209974,0.996250473796893,0.111266430357958
dynamic_address_m-1,2,8192,long-text,0.2797134879203593,0.9467171095800524,0.999630905511811,0.9893116387795275,0.9467171095800524,0.9972960809700572,0.1093369649104768
dynamic_address_m-1,2,16384,long-code,0.666626058354145,0.8539282931430446,0.9906906167979004,0.9561546505905512,0.8539282931430446,0.9809052283264637,0.2695149493093722
dynamic_address_m-1,2,16384,long-text,0.6189404537436896,0.8682922203083989,0.98533874671916,0.9492956446850394,0.8682922203083989,0.9755812922332432,0.2362547900039522
dynamic_address_m-1,2,32768,long-code,0.8247623689982939,0.777465499917979,0.9593791010498688,0.9026154445538058,0.777465499917979,0.9464884828015964,0.3575726328493216
dynamic_address_m-1,2,32768,long-text,0.8074848383262732,0.7843834584153543,0.9563443241469816,0.8956436597769029,0.7843834584153543,0.93889844447024,0.3372273462170331
dynamic_address_m-1,5,8192,long-code,0.4048661800486618,0.9557163508858268,0.999876968503937,0.9976367700131232,0.9557163508858268,0.998173380237458,0.1336783195898922
dynamic_address_m-1,5,8192,long-text,0.2865440464666021,0.9602697978182416,0.9996104002624672,0.995119750656168,0.9602697978182416,0.9975009688819952,0.1066094258032711
dynamic_address_m-1,5,16384,long-code,0.7090333576820063,0.8997024175688977,0.99561187664042,0.9817349491469816,0.8997024175688977,0.9814012123274608,0.2327630682697969
dynamic_address_m-1,5,16384,long-text,0.6488586692569208,0.8980107344980315,0.994750656167979,0.97728531003937,0.8980107344980315,0.9770028723263596,0.2155627836587093
dynamic_address_m-1,5,32768,long-code,0.8317506695885074,0.8043696686351706,0.9674581692913384,0.9223261154855644,0.8043696686351706,0.9406716594832034,0.3308852297291834
dynamic_address_m-1,5,32768,long-text,0.8054116643305503,0.7906311515748031,0.9631725721784776,0.9129552165354332,0.7906311515748031,0.9338506435671716,0.3460071076615256
dynamic_address_m-1,8,8192,long-code,0.3405490385778208,0.943729751066273,0.9998974737532808,0.9957912975721784,0.943729751066273,0.9977272900279782,0.1434939630136828
dynamic_address_m-1,8,8192,long-text,0.2241816644522285,0.9550319881889764,0.9997129265091864,0.994643003608924,0.9550319881889764,0.997111449885626,0.1078568895933487
dynamic_address_m-1,8,16384,long-code,0.7435975424295882,0.9141291420603674,0.996596128608924,0.9856565780839897,0.9141291420603674,0.9814903208071846,0.2029271477294317
dynamic_address_m-1,8,16384,long-text,0.7225931771275951,0.9002945066437008,0.9922285104986877,0.9776185203412072,0.9002945066437008,0.9743205110957298,0.2239086524504235
dynamic_address_m-1,8,32768,long-code,0.8188381515216133,0.7452120242782152,0.928703248031496,0.8714936023622047,0.7452120242782152,0.8991940890674576,0.3763237602650425
dynamic_address_m-1,8,32768,long-text,0.7910134250662121,0.7603384904035433,0.9308768044619422,0.8773068405511811,0.7603384904035433,0.9134682858638602,0.35687403317882
dynamic_address_m-1,11,8192,long-code,0.2701073194260219,0.9601608636811024,0.9993028215223098,0.9954119504593176,0.9601608636811024,0.9970536618032982,0.1040615268436914
dynamic_address_m-1,11,8192,long-text,0.2566221142162819,0.9541400098425196,0.9998154527559056,0.997329191272966,0.9541400098425196,0.99675292860083,0.1231747584316006
dynamic_address_m-1,11,16384,long-code,0.6303118730621922,0.915765717273622,0.996821686351706,0.9859026410761156,0.915765717273622,0.983127337655116,0.1907714081694532
dynamic_address_m-1,11,16384,long-text,0.592412155167164,0.8991526205708661,0.994361056430446,0.9774339730971128,0.8991526205708661,0.9770083467323694,0.202251453698693
dynamic_address_m-1,11,32768,long-code,0.7450478454318279,0.8402038734416011,0.9729535761154856,0.9329170767716536,0.8402038734416011,0.94938803715977,0.2617672198291668
dynamic_address_m-1,11,32768,long-text,0.7509727626459144,0.7878257771489501,0.962147309711286,0.9055835793963256,0.7878257771489501,0.9321663394313734,0.3273261082899089
dynamic_address_m-1,14,8192,long-code,0.3121189953669836,0.9518754613681102,0.9981545275590552,0.992074721128609,0.9518754613681102,0.9947886389960284,0.11647694591725
dynamic_address_m-1,14,8192,long-text,0.1477162293488824,0.973390594242126,0.9998359580052494,0.9971959071522308,0.973390594242126,0.9974221896079136,0.0683305589124626
dynamic_address_m-1,14,16384,long-code,0.5462748445311547,0.9097512713254592,0.9877173556430446,0.9682424950787402,0.9097512713254592,0.9768490377643388,0.1685637724842726
dynamic_address_m-1,14,16384,long-text,0.4656238632229902,0.902352721046588,0.9929461942257218,0.970098220144357,0.902352721046588,0.9762318595598,0.1758383891246525
dynamic_address_m-1,14,32768,long-code,0.6870806392582652,0.7760365403543307,0.9441437007874016,0.8819871637139107,0.7760365403543307,0.9230892919498884,0.325290497887397
dynamic_address_m-1,14,32768,long-text,0.6778876883274996,0.748654343011811,0.9313484251968503,0.8595031578083989,0.748654343011811,0.9114228707553268,0.3537938929174656
dynamic_address_m-1,17,8192,long-code,0.2630878974730988,0.93995422203084,0.9971087598425196,0.9852054625984252,0.93995422203084,0.9945947468602124,0.1216953574371943
dynamic_address_m-1,17,8192,long-text,0.1944106925880923,0.952411161007218,0.9946481299212598,0.9848056102362204,0.952411161007218,0.994933140739558,0.0921011589462827
dynamic_address_m-1,17,16384,long-code,0.5254196059352956,0.8862061187664042,0.975578248031496,0.9507105068897638,0.8862061187664042,0.9785498446106928,0.1922104290822873
dynamic_address_m-1,17,16384,long-text,0.504364694471387,0.8603387467191601,0.9760498687664042,0.9403451033464568,0.8603387467191601,0.9645543273008336,0.2182330434405042
dynamic_address_m-1,17,32768,long-code,0.7101789470475262,0.7961970451935696,0.93530593832021,0.8834840469160105,0.7961970451935696,0.9378258716113956,0.2868026800147433
dynamic_address_m-1,17,32768,long-text,0.69995430312262,0.7416876845472441,0.9016773293963256,0.8379060039370079,0.7416876845472441,0.9083653017091636,0.3439151368153572
dynamic_address_m-1,21,8192,long-code,0.132408421565048,0.97412109375,0.999528379265092,0.99609375,0.97412109375,0.9982901269454092,0.0583330796101859
dynamic_address_m-1,21,8192,long-text,0.1080689904715956,0.9762908054461942,0.9988927165354332,0.992915436351706,0.9762908054461942,0.9969709554114672,0.044784754939827
dynamic_address_m-1,21,16384,long-code,0.4128027260557381,0.9215661396817584,0.9865280511811024,0.9706262303149606,0.9215661396817584,0.9860206004742614,0.1375285670417312
dynamic_address_m-1,21,16384,long-text,0.4704452949395541,0.9117133673720472,0.984867125984252,0.9612758366141732,0.9117133673720472,0.977621405106071,0.1487238980293495
dynamic_address_m-1,21,32768,long-code,0.6155906614312239,0.8335268516240157,0.9604248687664042,0.9153133202099738,0.8335268516240157,0.953811388899738,0.2433099773213387
dynamic_address_m-1,21,32768,long-text,0.6370582326260996,0.8130523601541995,0.9667609908136484,0.906619094488189,0.8130523601541995,0.9472844705777516,0.2725621827777181
dynamic_address_m-1,25,8192,long-code,0.2925186432523454,0.9706275118930446,0.999528379265092,0.99633468667979,0.9706275118930446,0.9972706865318064,0.0770717870841888
dynamic_address_m-1,25,8192,long-text,0.1475191071211937,0.9760191108923884,0.999507874015748,0.9954222030839897,0.9760191108923884,0.9976406603265509,0.0596537873961782
dynamic_address_m-1,25,16384,long-code,0.6185266229029905,0.9352546751968503,0.9961655183727034,0.984631315616798,0.9352546751968503,0.9844334011187796,0.1296051408784685
dynamic_address_m-1,25,16384,long-text,0.6002801632255315,0.941522873605643,0.9827755905511812,0.9730612286745408,0.941522873605643,0.9822763170465224,0.1223102352818373
dynamic_address_m-1,25,32768,long-code,0.7176549454567616,0.8024050094324147,0.9547244094488188,0.8987707103018373,0.8024050094324147,0.9375990430208004,0.2882127469281643
dynamic_address_m-1,25,32768,long-text,0.6746488742649971,0.7889599737532809,0.9384022309711286,0.8760611466535433,0.7889599737532809,0.9314513839720892,0.2955890765927407
dynamic_address_m-3,2,8192,long-code,0.3252662149080348,0.9307576177001312,0.9982365485564304,0.9831241797900262,0.9307576177001312,0.9952926067608374,0.1352707658053378
dynamic_address_m-3,2,8192,long-text,0.2939328015470147,0.942639128116798,0.9995898950131232,0.9884555446194224,0.942639128116798,0.997083854128502,0.117482872222961
dynamic_address_m-3,2,16384,long-code,0.676056338028169,0.8451661437828084,0.9885785761154856,0.9507105068897638,0.8451661437828084,0.9789286295184282,0.2803018247995504
dynamic_address_m-3,2,16384,long-text,0.6254324734446131,0.8655829642388452,0.9853182414698164,0.9487932660761156,0.8655829642388452,0.9751633595752244,0.2404298373004007
dynamic_address_m-3,2,32768,long-code,0.8384109188398733,0.7648598978838582,0.9519972112860892,0.8922500410104987,0.7648598978838582,0.9412408566968168,0.3720915340774179
dynamic_address_m-3,2,32768,long-text,0.8185887870390108,0.7760365403543307,0.9530839895013123,0.8900047162073491,0.7760365403543307,0.9354257635901934,0.348038029761466
dynamic_address_m-3,5,8192,long-code,0.4877222692633362,0.9236499856463256,0.999630905511811,0.993048720472441,0.9236499856463256,0.9964430686288748,0.2033944858605995
dynamic_address_m-3,5,8192,long-text,0.3403021148036254,0.9374051632217848,0.9992002952755904,0.9907726377952756,0.9374051632217848,0.9956106196985718,0.1541358119966251
dynamic_address_m-3,5,16384,long-code,0.7317399501307547,0.8763161806922573,0.9927206364829396,0.973368807414698,0.8763161806922573,0.9749707644032304,0.2716423435412189
dynamic_address_m-3,5,16384,long-text,0.6763026843192033,0.8807735092683727,0.9930077099737532,0.9717745242782152,0.8807735092683727,0.9718495530797442,0.2444031598498503
dynamic_address_m-3,5,32768,long-code,0.85008377760853,0.7773680999835958,0.958497375328084,0.9062807578740156,0.7773680999835958,0.9280231413674518,0.3656573938533534
dynamic_address_m-3,5,32768,long-text,0.8171872619229011,0.7750843278379265,0.9584768700787402,0.9038611384514436,0.7750843278379265,0.9267712116898236,0.3672783564227198
dynamic_address_m-3,8,8192,long-code,0.4107532090094453,0.91307952960958,0.99973343175853,0.9913365321522308,0.91307952960958,0.9960307838484276,0.2043603631362673
dynamic_address_m-3,8,8192,long-text,0.287378640776699,0.9332592581200788,0.9995488845144356,0.990347153871391,0.9332592581200788,0.9954557963940198,0.1514366690751072
dynamic_address_m-3,8,16384,long-code,0.7504708670028556,0.9060526369750656,0.996206528871391,0.9837803477690288,0.9060526369750656,0.9793665308128852,0.218105784077919
dynamic_address_m-3,8,16384,long-text,0.7318734793187348,0.8927729248687664,0.9921054790026248,0.9764651000656168,0.8927729248687664,0.9723700569228656,0.23929674512237
dynamic_address_m-3,8,32768,long-code,0.840181535743657,0.7248797879757218,0.9200090223097112,0.8583446112204725,0.7248797879757218,0.8874640460972549,0.4031517313400415
dynamic_address_m-3,8,32768,long-text,0.8055589418505424,0.7497757238353019,0.925791502624672,0.870488845144357,0.7497757238353019,0.9078794733187788,0.3698577189500449
dynamic_address_m-3,11,8192,long-code,0.4030031484620974,0.9113391465715224,0.9981750328083988,0.9871944717847768,0.9113391465715224,0.992521053182698,0.2062095278066106
dynamic_address_m-3,11,8192,long-text,0.2878327458368785,0.9410550976049868,0.9997949475065616,0.996591002296588,0.9410550976049868,0.995837684678482,0.1543084465332272
dynamic_address_m-3,11,16384,long-code,0.6662608060392061,0.8761303518700787,0.9937253937007874,0.973025344488189,0.8761303518700787,0.9718388136584574,0.2536542399959206
dynamic_address_m-3,11,16384,long-text,0.6156843643448612,0.8744578924704725,0.9912852690288714,0.9691754839238844,0.8744578924704725,0.9693389392586638,0.2402712543318191
dynamic_address_m-3,11,32768,long-code,0.7885130201995619,0.7789623831200787,0.9482242454068242,0.8899790846456693,0.7789623831200787,0.9193345061836976,0.3332721861841042
dynamic_address_m-3,11,32768,long-text,0.7675636186533544,0.7704732098917323,0.951669127296588,0.8900047162073491,0.7704732098917323,0.9224163211517868,0.3449310547226691
dynamic_address_m-3,14,8192,long-code,0.4112512124151309,0.9173702530347768,0.9964320866141732,0.9829601377952756,0.9173702530347768,0.9902808527290156,0.1838992262737732
dynamic_address_m-3,14,8192,long-text,0.2089480048367593,0.9503696071194224,0.9993643372703412,0.9921054790026248,0.9503696071194224,0.9943491992968908,0.109532288806344
dynamic_address_m-3,14,16384,long-code,0.6100048567265663,0.8542832902723098,0.9703699146981628,0.936746432086614,0.8542832902723098,0.95581606218589,0.2434056336685942
dynamic_address_m-3,14,16384,long-text,0.5245901639344263,0.849846466945538,0.97682906824147,0.9347317913385826,0.849846466945538,0.9539894199541272,0.2408597331767747
dynamic_address_m-3,14,32768,long-code,0.755552850970608,0.6937963931266404,0.9019849081364828,0.8177032070209974,0.6937963931266404,0.8790918262431877,0.4175144838147904
dynamic_address_m-3,14,32768,long-text,0.7020965382740127,0.7223435449475065,0.9183275918635172,0.8394080134514436,0.7223435449475065,0.8972855825661424,0.3824121357237024
dynamic_address_m-3,17,8192,long-code,0.3488372093023255,0.9069112942913384,0.9914903215223098,0.9716258612204725,0.9069112942913384,0.9906533240221028,0.1746566675682688
dynamic_address_m-3,17,8192,long-text,0.2719106579266812,0.928345687746063,0.9895628280839897,0.9727587762467192,0.928345687746063,0.9918266061319634,0.130905508107165
dynamic_address_m-3,17,16384,long-code,0.5916915029499422,0.841802001312336,0.962659940944882,0.9241767142388452,0.841802001312336,0.9687803467146184,0.2504861544269528
dynamic_address_m-3,17,16384,long-text,0.5254196059352956,0.8328040415846457,0.9652846128608924,0.9205729166666666,0.8328040415846457,0.9535525176606422,0.2506722752963341
dynamic_address_m-3,17,32768,long-code,0.761394754457494,0.7316119176509186,0.895136154855643,0.8328053231627297,0.7316119176509186,0.9093281284777848,0.3600084069023743
dynamic_address_m-3,17,32768,long-text,0.7228006088280061,0.7103941108923885,0.8770505249343832,0.8085424868766404,0.7103941108923885,0.8920759667144836,0.3755970650587075
dynamic_address_m-3,21,8192,long-code,0.2090491168642632,0.955298556430446,0.9987081692913384,0.9916184793307088,0.955298556430446,0.9967791000757198,0.0927390536208942
dynamic_address_m-3,21,8192,long-text,0.1386782231852654,0.9668276328740156,0.9952017716535432,0.9864716617454068,0.9668276328740156,0.9949355943273136,0.0575938445609753
dynamic_address_m-3,21,16384,long-code,0.4875373270766043,0.8802595964566929,0.9736097440944882,0.9474399196194224,0.8802595964566929,0.9770657408031777,0.1949114204530813
dynamic_address_m-3,21,16384,long-text,0.4978123480797277,0.8943402948654856,0.9791461614173228,0.9498031496062992,0.8943402948654856,0.9720317409223166,0.1714699125618578
dynamic_address_m-3,21,32768,long-code,0.6644542548333079,0.7777384760498688,0.935285433070866,0.8741336532152231,0.7777384760498688,0.9312914554740996,0.3047290543247433
dynamic_address_m-3,21,32768,long-text,0.6544923301680059,0.792224153133202,0.9612450787401576,0.89281906167979,0.792224153133202,0.9396801691497542,0.2968746631110314
dynamic_address_m-3,25,8192,long-code,0.378835467504228,0.9477987614829396,0.9975803805774278,0.9900857119422573,0.9477987614829396,0.9943790827069796,0.1214533838173429
dynamic_address_m-3,25,8192,long-text,0.2180048661800486,0.9558573244750656,0.9970472440944882,0.987537934711286,0.9558573244750656,0.9947906726458028,0.0990494551769156
dynamic_address_m-3,25,16384,long-code,0.6373960041294711,0.9176470739009186,0.9938279199475064,0.9778543307086616,0.9176470739009186,0.9787636260473236,0.1574491079037805
dynamic_address_m-3,25,16384,long-text,0.614487117160914,0.9371949844160103,0.9795972769028872,0.96973937828084,0.9371949844160103,0.9803711954227112,0.1280613298943858
dynamic_address_m-3,25,32768,long-code,0.7426222019186843,0.7668694123195539,0.9392839566929134,0.8736620324803149,0.7668694123195539,0.9216091412834682,0.3302526473515971
dynamic_address_m-3,25,32768,long-text,0.6977069947318737,0.767344877788714,0.9178149606299212,0.8538693405511811,0.767344877788714,0.9192224416401076,0.317326249943646
dynamic_address_m-4,2,8192,long-code,0.3252662149080348,0.9307576177001312,0.9982365485564304,0.9831241797900262,0.9307576177001312,0.9952926067608374,0.1352707658053378
dynamic_address_m-4,2,8192,long-text,0.2939328015470147,0.942639128116798,0.9995898950131232,0.9884555446194224,0.942639128116798,0.997083854128502,0.117482872222961
dynamic_address_m-4,2,16384,long-code,0.676056338028169,0.8451661437828084,0.9885785761154856,0.9507105068897638,0.8451661437828084,0.9789286295184282,0.2803018247995504
dynamic_address_m-4,2,16384,long-text,0.6254324734446131,0.8655829642388452,0.9853182414698164,0.9487932660761156,0.8655829642388452,0.9751633595752244,0.2404298373004007
dynamic_address_m-4,2,32768,long-code,0.8384109188398733,0.7648598978838582,0.9519972112860892,0.8922500410104987,0.7648598978838582,0.9412408566968168,0.3720915340774179
dynamic_address_m-4,2,32768,long-text,0.8185887870390108,0.7760365403543307,0.9530839895013123,0.8900047162073491,0.7760365403543307,0.9354257635901934,0.348038029761466
dynamic_address_m-4,5,8192,long-code,0.4878993223620522,0.9207036376312336,0.9996104002624672,0.9920234580052494,0.9207036376312336,0.996265999903599,0.2090137176001646
dynamic_address_m-4,5,8192,long-text,0.3407550822846079,0.9369463582677166,0.9992002952755904,0.990736753608924,0.9369463582677166,0.9955784560829948,0.1548778452874791
dynamic_address_m-4,5,16384,long-code,0.7317399501307547,0.8763161806922573,0.9927206364829396,0.973368807414698,0.8763161806922573,0.9749707644032304,0.2716423435412189
dynamic_address_m-4,5,16384,long-text,0.6763026843192033,0.8807132750984252,0.9930077099737532,0.9717642716535432,0.8807132750984252,0.971837338812368,0.2445750899314422
dynamic_address_m-4,5,32768,long-code,0.85008377760853,0.7773680999835958,0.958497375328084,0.9062807578740156,0.7773680999835958,0.9280231413674518,0.3656573938533534
dynamic_address_m-4,5,32768,long-text,0.8171872619229011,0.7750535699639107,0.9584768700787402,0.9038457595144356,0.7750535699639107,0.926761418755313,0.3673214934216585
dynamic_address_m-4,8,8192,long-code,0.4107532090094453,0.91307952960958,0.99973343175853,0.9913365321522308,0.91307952960958,0.9960307838484276,0.2043603631362673
dynamic_address_m-4,8,8192,long-text,0.287378640776699,0.9332592581200788,0.9995488845144356,0.990347153871391,0.9332592581200788,0.9954557963940198,0.1514366690751072
dynamic_address_m-4,8,16384,long-code,0.7504708670028556,0.9060526369750656,0.996206528871391,0.9837803477690288,0.9060526369750656,0.9793665308128852,0.218105784077919
dynamic_address_m-4,8,16384,long-text,0.7318734793187348,0.8927729248687664,0.9921054790026248,0.9764651000656168,0.8927729248687664,0.9723700569228656,0.23929674512237
dynamic_address_m-4,8,32768,long-code,0.840181535743657,0.7248797879757218,0.9200090223097112,0.8583446112204725,0.7248797879757218,0.8874640460972549,0.4031517313400415
dynamic_address_m-4,8,32768,long-text,0.8055589418505424,0.7497757238353019,0.925791502624672,0.870488845144357,0.7497757238353019,0.9078794733187788,0.3698577189500449
dynamic_address_m-4,11,8192,long-code,0.4092664092664092,0.9099973343175852,0.9980930118110236,0.9868663877952756,0.9099973343175852,0.992346393161036,0.2086534528603065
dynamic_address_m-4,11,8192,long-text,0.2933301169943312,0.940919250328084,0.9997949475065616,0.9965243602362204,0.940919250328084,0.9958149230638236,0.1544821691618612
dynamic_address_m-4,11,16384,long-code,0.6662608060392061,0.8761277887139107,0.9937253937007874,0.973025344488189,0.8761277887139107,0.9718382767161252,0.2536653145609671
dynamic_address_m-4,11,16384,long-text,0.6156843643448612,0.8744578924704725,0.9912852690288714,0.9691754839238844,0.8744578924704725,0.9693389392586638,0.2402712543318191
dynamic_address_m-4,11,32768,long-code,0.7885130201995619,0.7789623831200787,0.9482242454068242,0.8899790846456693,0.7789623831200787,0.9193345061836976,0.3332721861841042
dynamic_address_m-4,11,32768,long-text,0.7675636186533544,0.7704732098917323,0.951669127296588,0.8900047162073491,0.7704732098917323,0.9224163211517868,0.3449310547226691
dynamic_address_m-4,14,8192,long-code,0.4114008489993935,0.9163578063484252,0.996350065616798,0.9827243274278216,0.9163578063484252,0.9901282005083524,0.1860699459756817
dynamic_address_m-4,14,8192,long-text,0.2089480048367593,0.9503260334645668,0.9993643372703412,0.9920849737532808,0.9503260334645668,0.994340520570332,0.1096420637009171
dynamic_address_m-4,14,16384,long-code,0.613703950961947,0.8528376701935696,0.9701853674540682,0.9359979904855644,0.8528376701935696,0.9552754454504726,0.2449542129643615
dynamic_address_m-4,14,16384,long-text,0.5245901639344263,0.849846466945538,0.97682906824147,0.9347317913385826,0.849846466945538,0.9539894199541272,0.2408597331767747
dynamic_address_m-4,14,32768,long-code,0.755552850970608,0.6937963931266404,0.9019849081364828,0.8177032070209974,0.6937963931266404,0.8790918262431877,0.4175144838147904
dynamic_address_m-4,14,32768,long-text,0.7020965382740127,0.7223435449475065,0.9183275918635172,0.8394080134514436,0.7223435449475065,0.8972855825661424,0.3824121357237024
dynamic_address_m-4,17,8192,long-code,0.3488372093023255,0.9069112942913384,0.9914903215223098,0.9716258612204725,0.9069112942913384,0.9906533240221028,0.1746566675682688
dynamic_address_m-4,17,8192,long-text,0.2719106579266812,0.928345687746063,0.9895628280839897,0.9727587762467192,0.928345687746063,0.9918266061319634,0.130905508107165
dynamic_address_m-4,17,16384,long-code,0.5916915029499422,0.841802001312336,0.962659940944882,0.9241767142388452,0.841802001312336,0.9687803467146184,0.2504861544269528
dynamic_address_m-4,17,16384,long-text,0.5254196059352956,0.8328040415846457,0.9652846128608924,0.9205729166666666,0.8328040415846457,0.9535525176606422,0.2506722752963341
dynamic_address_m-4,17,32768,long-code,0.761394754457494,0.7316119176509186,0.895136154855643,0.8328053231627297,0.7316119176509186,0.9093281284777848,0.3600084069023743
dynamic_address_m-4,17,32768,long-text,0.7228006088280061,0.7103941108923885,0.8770505249343832,0.8085424868766404,0.7103941108923885,0.8920759667144836,0.3755970650587075
dynamic_address_m-4,21,8192,long-code,0.2236953115583946,0.9535568918143044,0.9986056430446194,0.9910545849737532,0.9535568918143044,0.996611048171906,0.0956147218115954
dynamic_address_m-4,21,8192,long-text,0.1386782231852654,0.9668276328740156,0.9952017716535432,0.9864716617454068,0.9668276328740156,0.9949355943273136,0.0575938445609753
dynamic_address_m-4,21,16384,long-code,0.4875373270766043,0.8802595964566929,0.9736097440944882,0.9474399196194224,0.8802595964566929,0.9770657408031777,0.1949114204530813
dynamic_address_m-4,21,16384,long-text,0.4978123480797277,0.8943402948654856,0.9791461614173228,0.9498031496062992,0.8943402948654856,0.9720317409223166,0.1714699125618578
dynamic_address_m-4,21,32768,long-code,0.6644542548333079,0.7777384760498688,0.935285433070866,0.8741336532152231,0.7777384760498688,0.9312914554740996,0.3047290543247433
dynamic_address_m-4,21,32768,long-text,0.6544923301680059,0.792224153133202,0.9612450787401576,0.89281906167979,0.792224153133202,0.9396801691497542,0.2968746631110314
dynamic_address_m-4,25,8192,long-code,0.3798449612403101,0.946772217437664,0.9975803805774278,0.9899165436351706,0.946772217437664,0.9942899191592128,0.1237202347579402
dynamic_address_m-4,25,8192,long-text,0.2180048661800486,0.9551665538877953,0.9961655183727034,0.9867792404855644,0.9551665538877953,0.9945912986425038,0.1000089764731204
dynamic_address_m-4,25,16384,long-code,0.6373960041294711,0.9176470739009186,0.9938279199475064,0.9778543307086616,0.9176470739009186,0.9787636260473236,0.1574491079037805
dynamic_address_m-4,25,16384,long-text,0.614487117160914,0.9371949844160103,0.9795972769028872,0.96973937828084,0.9371949844160103,0.9803711954227112,0.1280613298943858
dynamic_address_m-4,25,32768,long-code,0.7426222019186843,0.7668694123195539,0.9392839566929134,0.8736620324803149,0.7668694123195539,0.9216091412834682,0.3302526473515971
dynamic_address_m-4,25,32768,long-text,0.6977069947318737,0.767344877788714,0.9178149606299212,0.8538693405511811,0.767344877788714,0.9192224416401076,0.317326249943646
dynamic_address_m0.25,2,8192,long-code,0.1168878607086326,0.9922438894356956,1.0,0.9991746637139108,0.9922438894356956,0.9996303255903464,0.0225091578294839
dynamic_address_m0.25,2,8192,long-text,0.0856447688564476,0.9941867618110236,0.9999794947506562,0.9993797162073492,0.9941867618110236,0.9997621287464408,0.0160179960232691
dynamic_address_m0.25,2,16384,long-code,0.4304932735426009,0.9573721497703412,0.9994053477690288,0.9928590469160103,0.9573721497703412,0.9962657837700812,0.0984256015947104
dynamic_address_m0.25,2,16384,long-text,0.412300960252826,0.9544950069717848,0.997785433070866,0.9876609662073492,0.9544950069717848,0.9936283101747956,0.0992202794761295
dynamic_address_m0.25,2,32768,long-code,0.6412474113777562,0.9324390481463256,0.9937253937007874,0.9806789288057742,0.9324390481463256,0.9887665137646562,0.1341580812579985
dynamic_address_m0.25,2,32768,long-text,0.6040861066285053,0.934198654855643,0.9950377296587928,0.9807455708661418,0.934198654855643,0.9874456990387876,0.1283618928944462
dynamic_address_m0.25,5,8192,long-code,0.2489364288318949,0.987429000574147,1.0,0.999513000328084,0.987429000574147,0.9994799936039416,0.0443843370373484
dynamic_address_m0.25,5,8192,long-text,0.1476444876153472,0.9888118233267716,0.9999384842519684,0.999266937335958,0.9888118233267716,0.9994385859489424,0.0359472875387349
dynamic_address_m0.25,5,16384,long-code,0.553302891933029,0.9718155347769027,0.9989747375328084,0.9956785187007874,0.9718155347769027,0.9957294240211346,0.0746510954157204
dynamic_address_m0.25,5,16384,long-text,0.4899447111003099,0.975106627296588,0.9987491797900262,0.9957656660104988,0.975106627296588,0.995439292361229,0.0646823081371302
dynamic_address_m0.25,5,32768,long-code,0.652723231954212,0.951546095800525,0.9971497703412072,0.9891937335958004,0.951546095800525,0.9902432424409652,0.1035157427556542
dynamic_address_m0.25,5,32768,long-text,0.6150664517502509,0.9381177206364828,0.99438156167979,0.9827140748031497,0.9381177206364828,0.9860919854603925,0.1239560088245791
dynamic_address_m0.25,8,8192,long-code,0.1638624725676664,0.9874072137467192,1.0,0.9994053477690288,0.9874072137467192,0.9994884138683928,0.04026566738233
dynamic_address_m0.25,8,8192,long-text,0.0697083383758925,0.994393095882546,0.9999179790026248,0.9995950213254592,0.994393095882546,0.999694601386621,0.0184631834629317
dynamic_address_m0.25,8,16384,long-code,0.6634335596508245,0.971671998031496,0.999282316272966,0.9962731709317584,0.971671998031496,0.9949370253188072,0.0788087329443052
dynamic_address_m0.25,8,16384,long-text,0.5857679718753788,0.977066160187008,0.9983390748031497,0.99537093996063,0.977066160187008,0.9948864685492568,0.0622988466726611
dynamic_address_m0.25,8,32768,long-code,0.5706286896719615,0.953128844734252,0.9924745734908136,0.9840469160104988,0.953128844734252,0.987286583993034,0.0856162595216263
dynamic_address_m0.25,8,32768,long-text,0.5403889532402609,0.948973968585958,0.9909366797900262,0.9813094652230973,0.948973968585958,0.9875002775730868,0.0932269108077303
dynamic_address_m0.25,11,8192,long-code,0.1159000362187613,0.9930128362860892,1.0,0.9997949475065616,0.9930128362860892,0.9996339668003535,0.0247347623991299
dynamic_address_m0.25,11,8192,long-text,0.0779822103082734,0.993667722687008,0.9999794947506562,0.9998000738188976,0.993667722687008,0.9996356330144924,0.0237650699853113
dynamic_address_m0.25,11,16384,long-code,0.4772933971988116,0.973509781003937,0.9999179790026248,0.9979853592519684,0.973509781003937,0.9963003462977998,0.0723284478863266
dynamic_address_m0.25,11,16384,long-text,0.3899348077743252,0.9802867659120736,0.99973343175853,0.9982365485564304,0.9802867659120736,0.9970061413435578,0.0535331693065115
dynamic_address_m0.25,11,32768,long-code,0.5846884706742189,0.954365567585302,0.9962885498687664,0.9875225557742782,0.954365567585302,0.9893441700970268,0.0935683503063973
dynamic_address_m0.25,11,32768,long-text,0.5540449917697983,0.9406142347440944,0.9952837926509186,0.9835547900262468,0.9406142347440944,0.9867979690569842,0.1153913857263668
dynamic_address_m0.25,14,8192,long-code,0.1544028950542822,0.9874789821194224,0.9995693897637796,0.9987389271653544,0.9874789821194224,0.9987836293764856,0.0372248580203799
dynamic_address_m0.25,14,8192,long-text,0.0544945870332076,0.9948147350721784,1.0,0.9997078001968503,0.9948147350721784,0.9995785103461624,0.0170903833581471
dynamic_address_m0.25,14,16384,long-code,0.3877143030229599,0.9763779527559056,0.9985851377952756,0.9952479084645668,0.9763779527559056,0.9955687903014928,0.0567803116190139
dynamic_address_m0.25,14,16384,long-text,0.3003596026086427,0.9748810695538058,0.9991592847769027,0.9956785187007874,0.9748810695538058,0.9955789365656056,0.0566112774841493
dynamic_address_m0.25,14,32768,long-code,0.4693281402142162,0.9424456098261156,0.9927821522309712,0.9789616141732284,0.9424456098261156,0.9858121703768422,0.1040017735406308
dynamic_address_m0.25,14,32768,long-text,0.4643477730695363,0.9180071973425196,0.9851336942257218,0.9654947916666666,0.9180071973425196,0.9790182113409434,0.1350694670169358
dynamic_address_m0.25,17,8192,long-code,0.0779347296639064,0.9865101090879264,0.999753937007874,0.9976572752624672,0.9865101090879264,0.998899701592409,0.0316949465382757
dynamic_address_m0.25,17,8192,long-text,0.0307803294457136,0.9951658874671916,0.9997129265091864,0.9990875164041996,0.9951658874671916,0.9996681328315188,0.0123428454301142
dynamic_address_m0.25,17,16384,long-code,0.3569566535313732,0.9671006090059056,0.9961450131233596,0.990003690944882,0.9671006090059056,0.994765232749412,0.0668300974328918
dynamic_address_m0.25,17,16384,long-text,0.2450765864332603,0.9738314571030184,0.9974573490813649,0.9921464895013123,0.9738314571030184,0.9948988158875752,0.0506907605440117
dynamic_address_m0.25,17,32768,long-code,0.510783477519191,0.9389904753116798,0.9909366797900262,0.9753834481627296,0.9389904753116798,0.9861575418043262,0.1042713062209425
dynamic_address_m0.25,17,32768,long-text,0.4696568313997746,0.9292274134678478,0.9867331036745408,0.9686782316272966,0.9292274134678478,0.9822730865175452,0.1127459521780279
dynamic_address_m0.25,21,8192,long-code,0.0540932141994687,0.9936779753116798,0.9999794947506562,0.99951812664042,0.9936779753116798,0.9996501556090468,0.0184863624808823
dynamic_address_m0.25,21,8192,long-text,0.0308359431462298,0.997550904281496,0.9999589895013123,0.9995847687007874,0.997550904281496,0.9998065820226352,0.0057304251996833
dynamic_address_m0.25,21,16384,long-code,0.2331936600473674,0.9771353654035432,0.9989952427821522,0.9953196768372704,0.9771353654035432,0.9969899453418756,0.0500236002106536
dynamic_address_m0.25,21,16384,long-text,0.2996655518394648,0.9668173802493438,0.9961655183727034,0.988757997047244,0.9668173802493438,0.9924973173153596,0.0635507633325741
dynamic_address_m0.25,21,32768,long-code,0.4327617191069416,0.9424648334973752,0.99095718503937,0.977280183727034,0.9424648334973752,0.9867402593015456,0.0995034215512509
dynamic_address_m0.25,21,32768,long-text,0.4111307312914815,0.9494084235564304,0.9957144028871392,0.9826371801181102,0.9494084235564304,0.9891747179849386,0.0883082898684541
dynamic_address_m0.25,25,8192,long-code,0.1399756986634265,0.993422941272966,0.9999794947506562,0.9995898950131232,0.993422941272966,0.9994786228650911,0.02157530763297
dynamic_address_m0.25,25,8192,long-text,0.031030303030303,0.9960450500328084,0.9999794947506562,0.999528379265092,0.9960450500328084,0.9996889576133368,0.011358802165254
dynamic_address_m0.25,25,16384,long-code,0.5256433655776602,0.981559372949475,0.9993028215223098,0.9969088336614174,0.981559372949475,0.9963779959525882,0.0459000643931733
dynamic_address_m0.25,25,16384,long-text,0.4481246955674622,0.9839431081856956,0.9987081692913384,0.9954529609580052,0.9839431081856956,0.9965256217771242,0.0432996699839846
dynamic_address_m0.25,25,32768,long-code,0.5066991473812423,0.9443654137959318,0.9943200459317584,0.9796382874015748,0.9443654137959318,0.987047698520912,0.0964935678144816
dynamic_address_m0.25,25,32768,long-text,0.4050756169552384,0.9556394562007874,0.992310531496063,0.9816426755249344,0.9556394562007874,0.9888357646496982,0.0782605347671901
dynamic_bucket16_m-0.25,2,8192,long-code,0.2395267415187734,0.9661099491469816,0.9994053477690288,0.9934690780839897,0.9661099491469816,0.997784509143525,0.075058076703814
dynamic_bucket16_m-0.25,2,8192,long-text,0.2242087460739309,0.9634904035433072,0.9997949475065616,0.9934485728346456,0.9634904035433072,0.9981964208386688,0.0774330502890241
dynamic_bucket16_m-0.25,2,16384,long-code,0.6021975353608936,0.8930997272801837,0.9940124671916012,0.9720257135826772,0.8930997272801837,0.9874502188433084,0.2101811660757816
dynamic_bucket16_m-0.25,2,16384,long-text,0.5837995621503285,0.8870506787237533,0.9882504921259844,0.957528502296588,0.8870506787237533,0.9797801558001078,0.2075179855197549
dynamic_bucket16_m-0.25,2,32768,long-code,0.7860778397488647,0.8280750184547244,0.9743274278215224,0.9331938976377953,0.8280750184547244,0.9632877101215614,0.2918405504199958
dynamic_bucket16_m-0.25,2,32768,long-text,0.7682885957161574,0.8222733144685039,0.9677247375328084,0.9209420111548556,0.8222733144685039,0.9532710094894792,0.2911831771297317
dynamic_bucket16_m-0.25,5,8192,long-code,0.3663824604141291,0.9689037893700788,0.9999589895013123,0.9985953904199476,0.9689037893700788,0.9987436054525424,0.0973427537365059
dynamic_bucket16_m-0.25,5,8192,long-text,0.2405431619786615,0.9724806738024936,0.999753937007874,0.9972728018372704,0.9724806738024936,0.9984058703256912,0.0785485577803379
dynamic_bucket16_m-0.25,5,16384,long-code,0.6648845686512759,0.9319110379757218,0.9971702755905512,0.9891681020341208,0.9319110379757218,0.9886423469447936,0.169171971025601
dynamic_bucket16_m-0.25,5,16384,long-text,0.6012850042429385,0.9303603284940944,0.9968832020997376,0.9864614091207348,0.9303603284940944,0.9855910653259844,0.1574318936572379
dynamic_bucket16_m-0.25,5,32768,long-code,0.790435920055973,0.8515202079232284,0.9787155511811024,0.9484241715879264,0.8515202079232284,0.9593257444967253,0.2661996677582295
dynamic_bucket16_m-0.25,5,32768,long-text,0.7593550349863097,0.8486866387795275,0.9793102034120736,0.9463223835301836,0.8486866387795275,0.9579254232076024,0.2696907111041848
dynamic_bucket16_m-0.25,8,8192,long-code,0.284786530366807,0.961897401984908,0.9999384842519684,0.997313812335958,0.961897401984908,0.9984813807725073,0.1018165097867057
dynamic_bucket16_m-0.25,8,8192,long-text,0.1850602409638554,0.9679297900262468,0.9998564632545932,0.9964525918635172,0.9679297900262468,0.997965004994142,0.0806180148650554
dynamic_bucket16_m-0.25,8,16384,long-code,0.7148667516542221,0.9392621698654856,0.9980930118110236,0.991695374015748,0.9392621698654856,0.9882784911331284,0.154866631189975
dynamic_bucket16_m-0.25,8,16384,long-text,0.6853665956799513,0.9308088808234908,0.9950582349081364,0.9852772309711286,0.9308088808234908,0.9831996477347416,0.1640364867735982
dynamic_bucket16_m-0.25,8,32768,long-code,0.7820337020446719,0.8105571276246719,0.9585178805774278,0.915892593503937,0.8105571276246719,0.934207203016281,0.2996971737607908
dynamic_bucket16_m-0.25,8,32768,long-text,0.7552311435523115,0.8038544742454068,0.9496801181102362,0.9071829888451444,0.8038544742454068,0.93470264337914,0.3057471468827014
dynamic_bucket16_m-0.25,11,8192,long-code,0.1942926533090467,0.979496032234252,0.9999794947506562,0.9989491059711286,0.979496032234252,0.9988011723327754,0.061791255297062
dynamic_bucket16_m-0.25,11,8192,long-text,0.2099635479951397,0.9696893967355644,0.9998154527559056,0.9984826115485564,0.9696893967355644,0.9980288199910932,0.0893257734807757
dynamic_bucket16_m-0.25,11,16384,long-code,0.5635513451144714,0.946025057414698,0.9992208005249344,0.994130372375328,0.946025057414698,0.9911164244743348,0.1343016196740052
dynamic_bucket16_m-0.25,11,16384,long-text,0.5150277388282631,0.93359375,0.9961450131233596,0.987071440288714,0.93359375,0.9861413855396992,0.142157518035629
dynamic_bucket16_m-0.25,11,32768,long-code,0.69944290541569,0.8838723650754593,0.98218093832021,0.9548987040682416,0.8838723650754593,0.9659167417010192,0.2018532619911126
dynamic_bucket16_m-0.25,11,32768,long-text,0.6963306107521638,0.839956528871391,0.9761523950131232,0.9363312007874016,0.839956528871391,0.9539574379482512,0.2630451776156756
dynamic_bucket16_m-0.25,14,8192,long-code,0.2404557023391104,0.9718398847604988,0.9989132217847768,0.995863065944882,0.9718398847604988,0.997146979793744,0.0742693558271212
dynamic_bucket16_m-0.25,14,8192,long-text,0.1082910321489001,0.9840968975557742,0.9999179790026248,0.99879531660105,0.9840968975557742,0.9985980101121787,0.0452292719227902
dynamic_bucket16_m-0.25,14,16384,long-code,0.4846722403974313,0.9410499712926508,0.9922490157480316,0.9822322014435696,0.9410499712926508,0.986172952247518,0.1206453971591379
dynamic_bucket16_m-0.25,14,16384,long-text,0.3994667313052963,0.938716217601706,0.9969242125984252,0.985472030839895,0.938716217601706,0.9871108343043924,0.1221307919793493
dynamic_bucket16_m-0.25,14,32768,long-code,0.6201663771825578,0.8517432025098425,0.9724409448818898,0.9326966453412072,0.8517432025098425,0.9557287573969916,0.2321172817595175
dynamic_bucket16_m-0.25,14,32768,long-text,0.606071678694315,0.8260706303313649,0.9649155183727034,0.9175381397637796,0.8260706303313649,0.9479443604698378,0.2651598962586673
dynamic_bucket16_m-0.25,17,8192,long-code,0.1872257435397367,0.9593637221128608,0.9978469488188976,0.9898806594488188,0.9593637221128608,0.9962934398931068,0.084847616957175
dynamic_bucket16_m-0.25,17,8192,long-text,0.1233437725849192,0.9733623995242782,0.9974163385826772,0.9922387631233596,0.9733623995242782,0.9974636487104904,0.0561206220852005
dynamic_bucket16_m-0.25,17,16384,long-code,0.4628943049899714,0.9267949782644356,0.9895423228346456,0.9739788385826772,0.9267949782644356,0.9876590893478564,0.1336999183406534
dynamic_bucket16_m-0.25,17,16384,long-text,0.4007538452185543,0.922848999343832,0.991326279527559,0.9733021653543308,0.922848999343832,0.9834408959978452,0.1349620299546631
dynamic_bucket16_m-0.25,17,32768,long-code,0.64789931294461,0.8577691826607612,0.9681348425196852,0.9302770259186351,0.8577691826607612,0.96247909647036,0.2153499012608038
dynamic_bucket16_m-0.25,17,32768,long-text,0.6422576328913757,0.8102175094324147,0.9406988188976378,0.8918091781496063,0.8102175094324147,0.9397959353320764,0.2669375770256643
dynamic_bucket16_m-0.25,21,8192,long-code,0.1002772086296251,0.9834522637795275,0.9998974737532808,0.998159653871391,0.9834522637795275,0.9989726714135816,0.0409575925826375
dynamic_bucket16_m-0.25,21,8192,long-text,0.0774724609611426,0.9871098876312336,0.9992413057742782,0.9958066765091864,0.9871098876312336,0.9983411333134125,0.0248772239548117
dynamic_bucket16_m-0.25,21,16384,long-code,0.3185239135712552,0.9521791953740156,0.9967601706036744,0.9874764189632546,0.9521791953740156,0.9929569309521664,0.0937092511339521
dynamic_bucket16_m-0.25,21,16384,long-text,0.4188075618031992,0.9340448654855644,0.9899114173228346,0.9737942913385826,0.9340448654855644,0.9839494120830464,0.1169188243401528
dynamic_bucket16_m-0.25,21,32768,long-code,0.554575858923685,0.8783526082677166,0.9747170275590552,0.9435439222440944,0.8783526082677166,0.9683797098560885,0.1879964596169152
dynamic_bucket16_m-0.25,21,32768,long-text,0.5601537007105608,0.873160935449475,0.9834522637795275,0.9453125,0.873160935449475,0.968086030066336,0.1970418231482244
dynamic_bucket16_m-0.25,25,8192,long-code,0.2638535224930277,0.9782195804625984,0.99973343175853,0.9978930856299212,0.9782195804625984,0.9980814123505892,0.0605447977816024
dynamic_bucket16_m-0.25,25,8192,long-text,0.1091617933723196,0.9858821358267716,0.9998974737532808,0.9978623277559056,0.9858821358267716,0.9987345891065196,0.038058082541502
dynamic_bucket16_m-0.25,25,16384,long-code,0.5826303331917217,0.9588357119422573,0.9979494750656168,0.9908802903543308,0.9588357119422573,0.99073701519035,0.0890350685645177
dynamic_bucket16_m-0.25,25,16384,long-text,0.5432937181663837,0.9592855458497376,0.9930077099737532,0.9845595472440944,0.9592855458497376,0.9893762703447948,0.0941225038436352
dynamic_bucket16_m-0.25,25,32768,long-code,0.6519458338416494,0.8568887385170604,0.9711286089238844,0.9316867618110236,0.8568887385170604,0.9584531941973512,0.2197898276474291
dynamic_bucket16_m-0.25,25,32768,long-text,0.5947411718107309,0.8585317216207349,0.9679502952755904,0.927990690616798,0.8585317216207349,0.9589912705676252,0.2134304214817209
dynamic_bucket16_m-1,2,8192,long-code,0.3119668535218133,0.9373141711778216,0.9983390748031497,0.9850209153543308,0.9373141711778216,0.9957604961093872,0.1237238732078445
dynamic_bucket16_m-1,2,8192,long-text,0.2937552844546442,0.9443795111548556,0.9995898950131232,0.9888400180446194,0.9443795111548556,0.997166138135676,0.1141707968774679
dynamic_bucket16_m-1,2,16384,long-code,0.676056338028169,0.8465092376148294,0.9893577755905512,0.951915190288714,0.8465092376148294,0.9793450993975032,0.2787787908261496
dynamic_bucket16_m-1,2,16384,long-text,0.6254324734446131,0.8656137221128609,0.9853182414698164,0.9487932660761156,0.8656137221128609,0.975167758918988,0.2403561123001153
dynamic_bucket16_m-1,2,32768,long-code,0.8342317648850313,0.7674461224573491,0.95285843175853,0.8939007135826772,0.7674461224573491,0.942165950656748,0.3686493311882282
dynamic_bucket16_m-1,2,32768,long-text,0.8167641325536062,0.7795736958661418,0.954109251968504,0.8922654199475065,0.7795736958661418,0.9367916004616456,0.3440326424640473
dynamic_bucket16_m-1,5,8192,long-code,0.4240963855421686,0.9490124159284776,0.9998359580052494,0.996821686351706,0.9490124159284776,0.9978301207731546,0.1493016876071091
dynamic_bucket16_m-1,5,8192,long-text,0.3106042222761466,0.9519395402723098,0.9994873687664042,0.9939560777559056,0.9519395402723098,0.9969229148379316,0.1251183720302018
dynamic_bucket16_m-1,5,16384,long-code,0.711499908875524,0.8934624138779528,0.994750656167979,0.979725434711286,0.8934624138779528,0.9797771486643098,0.2443889129200553
dynamic_bucket16_m-1,5,16384,long-text,0.6645212216892343,0.8877183809055118,0.9939714566929134,0.9747529117454068,0.8877183809055118,0.9742631260091004,0.234447213788114
dynamic_bucket16_m-1,5,32768,long-code,0.8402071276271703,0.7919319533300525,0.9622703412073492,0.9137190370734908,0.7919319533300525,0.9344198570083738,0.3461372173559322
dynamic_bucket16_m-1,5,32768,long-text,0.8125190281921695,0.7815165682414699,0.9604248687664042,0.9072445045931758,0.7815165682414699,0.9296409655141308,0.3578949331928965
dynamic_bucket16_m-1,8,8192,long-code,0.3715529753265603,0.9321865772637796,0.9998974737532808,0.9946737614829396,0.9321865772637796,0.9972042545338904,0.168525952808012
dynamic_bucket16_m-1,8,8192,long-text,0.2570906877662812,0.9462647125164042,0.9996924212598424,0.9930333415354332,0.9462647125164042,0.996453328166317,0.1261514284739762
dynamic_bucket16_m-1,8,16384,long-code,0.7476726498326742,0.9088259719488188,0.9962680446194224,0.9842827263779528,0.9088259719488188,0.9800156469502792,0.2125724484648137
dynamic_bucket16_m-1,8,16384,long-text,0.7301857021483189,0.8969008878772966,0.9925360892388452,0.977536499343832,0.8969008878772966,0.9736647694734164,0.2312190437326983
dynamic_bucket16_m-1,8,32768,long-code,0.8342063588744062,0.7314030204232284,0.92310531496063,0.8628403871391076,0.7314030204232284,0.8915919255151161,0.3947002478655711
dynamic_bucket16_m-1,8,32768,long-text,0.8055589418505424,0.7498731237696851,0.925791502624672,0.8705247293307087,0.7498731237696851,0.9079244447554948,0.3697267481977392
dynamic_bucket16_m-1,11,8192,long-code,0.292976749789182,0.9494199577591864,0.9989542322834646,0.99341781496063,0.9494199577591864,0.9960614411962252,0.12581480681268
dynamic_bucket16_m-1,11,8192,long-text,0.2721419025634795,0.9478372088254592,0.9997949475065616,0.996821686351706,0.9478372088254592,0.9963085784846633,0.1383238344463728
dynamic_bucket16_m-1,11,16384,long-code,0.6457573547289084,0.906512723507218,0.996206528871391,0.9832062007874016,0.906512723507218,0.980586487067615,0.2060758146523183
dynamic_bucket16_m-1,11,16384,long-text,0.6039941548952752,0.8876171362368767,0.9939304461942258,0.974106996391076,0.8876171362368767,0.9737556340990248,0.2202062919850638
dynamic_bucket16_m-1,11,32768,long-code,0.7514715300863094,0.8280455421587927,0.967027559055118,0.924079314304462,0.8280455421587927,0.9434315610308592,0.2759867659397189
dynamic_bucket16_m-1,11,32768,long-text,0.7576154103648702,0.7761019008366141,0.9535351049868768,0.8943774606299213,0.7761019008366141,0.9255936825236936,0.3387416708664083
dynamic_bucket16_m-1,14,8192,long-code,0.3232711966325917,0.9497416338582676,0.9981340223097112,0.99143905839895,0.9497416338582676,0.9945430210106226,0.1207346099337462
dynamic_bucket16_m-1,14,8192,long-text,0.1708530518141002,0.9656396099901576,0.9998359580052494,0.9957144028871392,0.9656396099901576,0.9965670071643112,0.0834557600692544
dynamic_bucket16_m-1,14,16384,long-code,0.555205047318612,0.898070968667979,0.9853797572178478,0.9629880249343832,0.898070968667979,0.97310925773388,0.1845580296122713
dynamic_bucket16_m-1,14,16384,long-text,0.4750258562998114,0.8930920378116798,0.991961942257218,0.9660279281496064,0.8930920378116798,0.9733370168125977,0.189835611776972
dynamic_bucket16_m-1,14,32768,long-code,0.7062768649208914,0.7572691108923885,0.9355930118110236,0.8683152887139107,0.7572691108923885,0.9138459148276052,0.3460180161021216
dynamic_bucket16_m-1,14,32768,long-text,0.6876483837584464,0.7378570476541995,0.925278871391076,0.8518290682414699,0.7378570476541995,0.9057660275891452,0.3657583191519666
dynamic_bucket16_m-1,17,8192,long-code,0.2623899674424212,0.9376896735564304,0.9969447178477692,0.9847184629265092,0.9376896735564304,0.9944564503950242,0.1257857114581243
dynamic_bucket16_m-1,17,8192,long-text,0.2253247541580673,0.9408269767060368,0.991941437007874,0.9786078986220472,0.9408269767060368,0.9933242618860068,0.1094733126033445
dynamic_bucket16_m-1,17,16384,long-code,0.5379789242858013,0.8784717950295275,0.9737327755905512,0.9466145833333334,0.8784717950295275,0.9768907586111256,0.2025766357844093
dynamic_bucket16_m-1,17,16384,long-text,0.5142752785049005,0.8550022555774278,0.9738353018372704,0.936997621391076,0.8550022555774278,0.9627152409027896,0.2254308043921134
dynamic_bucket16_m-1,17,32768,long-code,0.7200439051161656,0.7840053928805775,0.9301386154855644,0.8760457677165354,0.7840053928805775,0.9335093487590016,0.3024524227416255
dynamic_bucket16_m-1,17,32768,long-text,0.7031896761626492,0.729861281988189,0.8902354002624672,0.825797654199475,0.729861281988189,0.9017742705786582,0.3554673345623181
dynamic_bucket16_m-1,21,8192,long-code,0.1404535479151426,0.9713387877296588,0.9994258530183728,0.9953914452099738,0.9713387877296588,0.9980434087231882,0.0631409037404635
dynamic_bucket16_m-1,21,8192,long-text,0.1241061689492183,0.9731086470636484,0.995837434383202,0.9898755331364828,0.9731086470636484,0.9959605702202824,0.0485772240723852
dynamic_bucket16_m-1,21,16384,long-code,0.4171539961013645,0.9178034264271654,0.9859744094488188,0.9691293471128608,0.9178034264271654,0.9853608887939294,0.1432362581718779
dynamic_bucket16_m-1,21,16384,long-text,0.4733842609433734,0.9072586019520996,0.983636811023622,0.9583179543963256,0.9072586019520996,0.9762642223495998,0.1546999029127317
dynamic_bucket16_m-1,21,32768,long-code,0.6206202543225688,0.8247288180774278,0.956918471128609,0.9090797244094488,0.8247288180774278,0.9505568454494524,0.2531527007584681
dynamic_bucket16_m-1,21,32768,long-text,0.6393178011268463,0.8101162647637795,0.9663713910761156,0.9048864009186351,0.8101162647637795,0.9462593799432896,0.2760617322251526
dynamic_bucket16_m-1,25,8192,long-code,0.318872280957589,0.9648898868110236,0.999138779527559,0.9952120242782152,0.9648898868110236,0.9965998096676588,0.0895573660569424
dynamic_bucket16_m-1,25,8192,long-text,0.1625740897544454,0.9707364460301836,0.9992002952755904,0.993920193569554,0.9707364460301836,0.9969955762780156,0.0704538002084964
dynamic_bucket16_m-1,25,16384,long-code,0.6242760470645614,0.9307704334809712,0.9960629921259844,0.9832369586614174,0.9307704334809712,0.9831626558696036,0.1363374119850146
dynamic_bucket16_m-1,25,16384,long-text,0.6068563092633115,0.9403271612532808,0.9827140748031497,0.9727382709973752,0.9403271612532808,0.9819838443076788,0.1239861234799081
dynamic_bucket16_m-1,25,32768,long-code,0.7252345558669429,0.7867492515583989,0.946768372703412,0.8870314550524935,0.7867492515583989,0.930554296147698,0.3065123165073101
dynamic_bucket16_m-1,25,32768,long-text,0.6794427206911237,0.7795544721948819,0.9295234580052494,0.8663929215879265,0.7795544721948819,0.9259562110913704,0.3059076955423193
dynamic_bucket16_m-3,2,8192,long-code,0.3252662149080348,0.9307576177001312,0.9982365485564304,0.9831241797900262,0.9307576177001312,0.9952926067608374,0.1352707658053378
dynamic_bucket16_m-3,2,8192,long-text,0.2939328015470147,0.942639128116798,0.9995898950131232,0.9884555446194224,0.942639128116798,0.997083854128502,0.117482872222961
dynamic_bucket16_m-3,2,16384,long-code,0.676056338028169,0.8451661437828084,0.9885785761154856,0.9507105068897638,0.8451661437828084,0.9789286295184282,0.2803018247995504
dynamic_bucket16_m-3,2,16384,long-text,0.6254324734446131,0.8655829642388452,0.9853182414698164,0.9487932660761156,0.8655829642388452,0.9751633595752244,0.2404298373004007
dynamic_bucket16_m-3,2,32768,long-code,0.8384109188398733,0.7648598978838582,0.9519972112860892,0.8922500410104987,0.7648598978838582,0.9412408566968168,0.3720915340774179
dynamic_bucket16_m-3,2,32768,long-text,0.8185887870390108,0.7760365403543307,0.9530839895013123,0.8900047162073491,0.7760365403543307,0.9354257635901934,0.348038029761466
dynamic_bucket16_m-3,5,8192,long-code,0.4878993223620522,0.9207613086450132,0.9996104002624672,0.9920234580052494,0.9207613086450132,0.996267847624531,0.2088311408634958
dynamic_bucket16_m-3,5,8192,long-text,0.3407550822846079,0.937125779199475,0.9992002952755904,0.9907572588582676,0.937125779199475,0.995591696709178,0.1545478183244994
dynamic_bucket16_m-3,5,16384,long-code,0.7317399501307547,0.8763161806922573,0.9927206364829396,0.973368807414698,0.8763161806922573,0.9749707644032304,0.2716423435412189
dynamic_bucket16_m-3,5,16384,long-text,0.6763026843192033,0.8807132750984252,0.9930077099737532,0.9717642716535432,0.8807132750984252,0.971837338812368,0.2445750899314422
dynamic_bucket16_m-3,5,32768,long-code,0.85008377760853,0.7773680999835958,0.958497375328084,0.9062807578740156,0.7773680999835958,0.9280231413674518,0.3656573938533534
dynamic_bucket16_m-3,5,32768,long-text,0.8171872619229011,0.7750535699639107,0.9584768700787402,0.9038457595144356,0.7750535699639107,0.926761418755313,0.3673214934216585
dynamic_bucket16_m-3,8,8192,long-code,0.4107532090094453,0.91307952960958,0.99973343175853,0.9913365321522308,0.91307952960958,0.9960307838484276,0.2043603631362673
dynamic_bucket16_m-3,8,8192,long-text,0.287378640776699,0.9332592581200788,0.9995488845144356,0.990347153871391,0.9332592581200788,0.9954557963940198,0.1514366690751072
dynamic_bucket16_m-3,8,16384,long-code,0.7504708670028556,0.9060526369750656,0.996206528871391,0.9837803477690288,0.9060526369750656,0.9793665308128852,0.218105784077919
dynamic_bucket16_m-3,8,16384,long-text,0.7318734793187348,0.8927729248687664,0.9921054790026248,0.9764651000656168,0.8927729248687664,0.9723700569228656,0.23929674512237
dynamic_bucket16_m-3,8,32768,long-code,0.840181535743657,0.7248797879757218,0.9200090223097112,0.8583446112204725,0.7248797879757218,0.8874640460972549,0.4031517313400415
dynamic_bucket16_m-3,8,32768,long-text,0.8055589418505424,0.7497757238353019,0.925791502624672,0.870488845144357,0.7497757238353019,0.9078794733187788,0.3698577189500449
dynamic_bucket16_m-3,11,8192,long-code,0.4079374624173181,0.9107752522145668,0.9981750328083988,0.9870919455380578,0.9107752522145668,0.9924538901304456,0.207260814617757
dynamic_bucket16_m-3,11,8192,long-text,0.2933301169943312,0.940919250328084,0.9997949475065616,0.9965243602362204,0.940919250328084,0.9958149230638236,0.1544821691618612
dynamic_bucket16_m-3,11,16384,long-code,0.6662608060392061,0.876346938566273,0.9937253937007874,0.9730919865485564,0.876346938566273,0.971896861802124,0.2534702811584643
dynamic_bucket16_m-3,11,16384,long-text,0.6156843643448612,0.8744578924704725,0.9912852690288714,0.9691754839238844,0.8744578924704725,0.9693389392586638,0.2402712543318191
dynamic_bucket16_m-3,11,32768,long-code,0.7885130201995619,0.7789623831200787,0.9482242454068242,0.8899790846456693,0.7789623831200787,0.9193345061836976,0.3332721861841042
dynamic_bucket16_m-3,11,32768,long-text,0.7675636186533544,0.7704732098917323,0.951669127296588,0.8900047162073491,0.7704732098917323,0.9224163211517868,0.3449310547226691
dynamic_bucket16_m-3,14,8192,long-code,0.411051866214251,0.917489439796588,0.9964320866141732,0.9829396325459318,0.917489439796588,0.9902777046042108,0.1836190252440153
dynamic_bucket16_m-3,14,8192,long-text,0.2089480048367593,0.9503260334645668,0.9993643372703412,0.9920849737532808,0.9503260334645668,0.994340520570332,0.1096420637009171
dynamic_bucket16_m-3,14,16384,long-code,0.613703950961947,0.8528376701935696,0.9701853674540682,0.9359979904855644,0.8528376701935696,0.9552754454504726,0.2449542129643615
dynamic_bucket16_m-3,14,16384,long-text,0.5245901639344263,0.849846466945538,0.97682906824147,0.9347317913385826,0.849846466945538,0.9539894199541272,0.2408597331767747
dynamic_bucket16_m-3,14,32768,long-code,0.755552850970608,0.6937963931266404,0.9019849081364828,0.8177032070209974,0.6937963931266404,0.8790918262431877,0.4175144838147904
dynamic_bucket16_m-3,14,32768,long-text,0.7020965382740127,0.7223435449475065,0.9183275918635172,0.8394080134514436,0.7223435449475065,0.8972855825661424,0.3824121357237024
dynamic_bucket16_m-3,17,8192,long-code,0.3488372093023255,0.907234251968504,0.9915108267716536,0.9717591453412072,0.907234251968504,0.9907047091089588,0.1741457892042041
dynamic_bucket16_m-3,17,8192,long-text,0.2719106579266812,0.928345687746063,0.9895628280839897,0.9727587762467192,0.928345687746063,0.9918266061319634,0.130905508107165
dynamic_bucket16_m-3,17,16384,long-code,0.5916915029499422,0.841802001312336,0.962659940944882,0.9241767142388452,0.841802001312336,0.9687803467146184,0.2504861544269528
dynamic_bucket16_m-3,17,16384,long-text,0.5254196059352956,0.8328040415846457,0.9652846128608924,0.9205729166666666,0.8328040415846457,0.9535525176606422,0.2506722752963341
dynamic_bucket16_m-3,17,32768,long-code,0.761394754457494,0.7316119176509186,0.895136154855643,0.8328053231627297,0.7316119176509186,0.9093281284777848,0.3600084069023743
dynamic_bucket16_m-3,17,32768,long-text,0.7228006088280061,0.7103941108923885,0.8770505249343832,0.8085424868766404,0.7103941108923885,0.8920759667144836,0.3755970650587075
dynamic_bucket16_m-3,21,8192,long-code,0.2162684045377745,0.95509094078084,0.9986876640419948,0.9915108267716536,0.95509094078084,0.9967582152051372,0.0933127988601595
dynamic_bucket16_m-3,21,8192,long-text,0.1386782231852654,0.9668276328740156,0.9952017716535432,0.9864716617454068,0.9668276328740156,0.9949355943273136,0.0575938445609753
dynamic_bucket16_m-3,21,16384,long-code,0.4875373270766043,0.8802595964566929,0.9736097440944882,0.9474399196194224,0.8802595964566929,0.9770657408031777,0.1949114204530813
dynamic_bucket16_m-3,21,16384,long-text,0.4978123480797277,0.8943402948654856,0.9791461614173228,0.9498031496062992,0.8943402948654856,0.9720317409223166,0.1714699125618578
dynamic_bucket16_m-3,21,32768,long-code,0.6644542548333079,0.7777384760498688,0.935285433070866,0.8741336532152231,0.7777384760498688,0.9312914554740996,0.3047290543247433
dynamic_bucket16_m-3,21,32768,long-text,0.6544923301680059,0.792224153133202,0.9612450787401576,0.89281906167979,0.792224153133202,0.9396801691497542,0.2968746631110314
dynamic_bucket16_m-3,25,8192,long-code,0.378835467504228,0.9477846641240156,0.9975803805774278,0.9900857119422573,0.9477846641240156,0.9943784255827012,0.121474214546835
dynamic_bucket16_m-3,25,8192,long-text,0.2180048661800486,0.9551665538877953,0.9961655183727034,0.9867792404855644,0.9551665538877953,0.9945912986425038,0.1000089764731204
dynamic_bucket16_m-3,25,16384,long-code,0.6373960041294711,0.9176470739009186,0.9938279199475064,0.9778543307086616,0.9176470739009186,0.9787636260473236,0.1574491079037805
dynamic_bucket16_m-3,25,16384,long-text,0.614487117160914,0.9371949844160103,0.9795972769028872,0.96973937828084,0.9371949844160103,0.9803711954227112,0.1280613298943858
dynamic_bucket16_m-3,25,32768,long-code,0.7426222019186843,0.7668694123195539,0.9392839566929134,0.8736620324803149,0.7668694123195539,0.9216091412834682,0.3302526473515971
dynamic_bucket16_m-3,25,32768,long-text,0.6977069947318737,0.767344877788714,0.9178149606299212,0.8538693405511811,0.767344877788714,0.9192224416401076,0.317326249943646
dynamic_bucket16_m-3_age16,2,8192,long-code,0.2088974854932301,0.9734674889271654,0.9995693897637796,0.9964064550524936,0.9734674889271654,0.9984821708885768,0.0628019863955767
dynamic_bucket16_m-3_age16,2,8192,long-text,0.1636828644501279,0.9789372641896326,0.9999384842519684,0.9973702017716536,0.9789372641896326,0.9991427450287194,0.0495613472
dynamic_bucket16_m-3_age16,2,16384,long-code,0.5049769361495509,0.9289967294127296,0.9986261482939632,0.9878711450131232,0.9289967294127296,0.9930106006966786,0.1569059052817807
dynamic_bucket16_m-3_age16,2,16384,long-text,0.4553913519430761,0.9439527456528872,0.9985646325459318,0.9883120078740156,0.9439527456528872,0.9925641642093578,0.123991946543536
dynamic_bucket16_m-3_age16,2,32768,long-code,0.7150946842842355,0.8796226521489501,0.9915518372703412,0.9653768864829396,0.8796226521489501,0.9785032461242048,0.2277520477826884
dynamic_bucket16_m-3_age16,2,32768,long-text,0.6767636751485602,0.889771468996063,0.99095718503937,0.9648745078740156,0.889771468996063,0.9769407070998692,0.2033166973715723
dynamic_bucket16_m-3_age16,5,8192,long-code,0.3480783176214648,0.9681656003937008,0.9999589895013123,0.9984262221128608,0.9681656003937008,0.9987797385010004,0.1034399621107856
dynamic_bucket16_m-3_age16,5,8192,long-text,0.2396714182169605,0.9685744238024936,0.999753937007874,0.996329560367454,0.9685744238024936,0.9981217981230848,0.0888480726795609
dynamic_bucket16_m-3_age16,5,16384,long-code,0.6218497601263132,0.9461865362532808,0.9986056430446194,0.993156373031496,0.9461865362532808,0.9919370046287196,0.1444137477350518
dynamic_bucket16_m-3_age16,5,16384,long-text,0.5624583308079277,0.943343996062992,0.9975393700787402,0.990111343503937,0.943343996062992,0.9890968102881064,0.1358793907153623
dynamic_bucket16_m-3_age16,5,32768,long-code,0.7443899765551258,0.8975480848097113,0.9918389107611548,0.9735328494094488,0.8975480848097113,0.9768457238642484,0.2074109939886385
dynamic_bucket16_m-3_age16,5,32768,long-text,0.7045585865036645,0.8795790784940944,0.986692093175853,0.961680815288714,0.8795790784940944,0.9694270662816636,0.2260457074278618
dynamic_bucket16_m-3_age16,8,8192,long-code,0.2627384689688481,0.9674838008530184,1.0,0.9982416748687664,0.9674838008530184,0.9988397845711472,0.0926806661107802
dynamic_bucket16_m-3_age16,8,8192,long-text,0.1700072446269017,0.9725165579888452,0.9997949475065616,0.9967294127296588,0.9725165579888452,0.9983645541253148,0.0721141025521908
dynamic_bucket16_m-3_age16,8,16384,long-code,0.6765492102065613,0.95850250164042,0.9992208005249344,0.9947814140419948,0.95850250164042,0.9924085474225708,0.1128497132056531
dynamic_bucket16_m-3_age16,8,16384,long-text,0.6441911229687121,0.9504695702099738,0.9968832020997376,0.9901574803149606,0.9504695702099738,0.988707963645066,0.127944927371805
dynamic_bucket16_m-3_age16,8,32768,long-code,0.7127601147250869,0.8712629183070866,0.9778543307086616,0.9508284120734908,0.8712629183070866,0.9607533278547136,0.2209107818819474
dynamic_bucket16_m-3_age16,8,32768,long-text,0.6939148443686423,0.8685100885826772,0.9752091535433072,0.94753219324147,0.8685100885826772,0.9623264059585704,0.2242920250154749
dynamic_bucket16_m-3_age16,11,8192,long-code,0.2417743114794053,0.96630218585958,0.9997949475065616,0.9972881807742782,0.96630218585958,0.9977973819599294,0.094514955045277
dynamic_bucket16_m-3_age16,11,8192,long-text,0.194765672550213,0.9743056409940944,0.9999589895013123,0.9990618848425196,0.9743056409940944,0.9984999754019792,0.0786245188589498
dynamic_bucket16_m-3_age16,11,16384,long-code,0.534960341671751,0.948747129265092,0.9993438320209974,0.9946686351706036,0.948747129265092,0.9916885732319256,0.1313852615175139
dynamic_bucket16_m-3_age16,11,16384,long-text,0.4926359173283229,0.9412627132545932,0.9985031167979004,0.99098281660105,0.9412627132545932,0.9888699463504714,0.1343869780773607
dynamic_bucket16_m-3_age16,11,32768,long-code,0.6694519837760361,0.9043814591535432,0.9905060695538058,0.9695189468503936,0.9043814591535432,0.9749053721238278,0.1798524189106994
dynamic_bucket16_m-3_age16,11,32768,long-text,0.6413255360623782,0.890508376394357,0.9898088910761156,0.966186843832021,0.890508376394357,0.9731677996685062,0.1992110530228906
dynamic_bucket16_m-3_age16,14,8192,long-code,0.2485135299114185,0.9670801037565616,0.9993028215223098,0.996339812992126,0.9670801037565616,0.9970477722519464,0.0893604666473386
dynamic_bucket16_m-3_age16,14,8192,long-text,0.1234032296939021,0.9810044496391076,0.9999384842519684,0.997928969816273,0.9810044496391076,0.9981520293056748,0.0521865393411958
dynamic_bucket16_m-3_age16,14,16384,long-code,0.4663589992713141,0.9417522760826772,0.994894192913386,0.983641937335958,0.9417522760826772,0.987077896583743,0.1217877930138895
dynamic_bucket16_m-3_age16,14,16384,long-text,0.3781215738823242,0.9400823798392388,0.99657562335958,0.983636811023622,0.9400823798392388,0.9867922700946996,0.1182736850594309
dynamic_bucket16_m-3_age16,14,32768,long-code,0.5930803231214754,0.8501207246555118,0.9718257874015748,0.9317431512467192,0.8501207246555118,0.9553760163148156,0.2370922707069122
dynamic_bucket16_m-3_age16,14,32768,long-text,0.5489885931558935,0.8580959850721784,0.97340469160105,0.935044496391076,0.8580959850721784,0.9595912006981696,0.2239104478218751
dynamic_bucket16_m-3_age16,17,8192,long-code,0.1923308089914653,0.9628009145341208,0.998790190288714,0.9928795521653544,0.9628009145341208,0.9972773378523058,0.0840777216569378
dynamic_bucket16_m-3_age16,17,8192,long-text,0.1316872427983538,0.9736686966863516,0.997928969816273,0.9933255413385826,0.9736686966863516,0.9976593782919304,0.0571189692732916
dynamic_bucket16_m-3_age16,17,16384,long-code,0.4364610607075443,0.9257043553149606,0.9894192913385826,0.9737840387139108,0.9257043553149606,0.9880013340184024,0.1381501058322897
dynamic_bucket16_m-3_age16,17,16384,long-text,0.3706413069982931,0.9240318959153544,0.991818405511811,0.9730817339238844,0.9240318959153544,0.9836882031964892,0.1327320629398023
dynamic_bucket16_m-3_age16,17,32768,long-code,0.6110992853884749,0.8672464525918635,0.9694061679790026,0.9347574229002624,0.8672464525918635,0.964957501937738,0.2060906661209663
dynamic_bucket16_m-3_age16,17,32768,long-text,0.5628042843232717,0.846305466699475,0.9552165354330708,0.91577468832021,0.846305466699475,0.9539346269623942,0.2251395199682366
dynamic_bucket16_m-3_age16,21,8192,long-code,0.1079258010118043,0.9823821460793964,0.999774442257218,0.9978777066929134,0.9823821460793964,0.9988960550094512,0.0437873853044119
dynamic_bucket16_m-3_age16,21,8192,long-text,0.0772107612498491,0.988165907972441,0.9983595800524936,0.9958118028215224,0.988165907972441,0.998321187984112,0.0232082671710472
dynamic_bucket16_m-3_age16,21,16384,long-code,0.3318692044899951,0.944816529281496,0.993889435695538,0.9835855479002624,0.944816529281496,0.991800526071398,0.1067827570329889
dynamic_bucket16_m-3_age16,21,16384,long-text,0.3696722806590867,0.9445051058070866,0.9927821522309712,0.9786899196194224,0.9445051058070866,0.9870083950472084,0.1011243223794706
dynamic_bucket16_m-3_age16,21,32768,long-code,0.5131707317073171,0.8877529835137795,0.9784899934383202,0.9499825705380578,0.8877529835137795,0.9723499114351744,0.1800660135080982
dynamic_bucket16_m-3_age16,21,32768,long-text,0.5130299612911091,0.8849822116961942,0.9838623687664042,0.9498339074803148,0.8849822116961942,0.9711297146529702,0.1829645833155295
dynamic_bucket16_m-3_age16,25,8192,long-code,0.264720194647202,0.9760152661581364,0.9993438320209974,0.996821686351706,0.9760152661581364,0.997827541030772,0.0652733007528389
dynamic_bucket16_m-3_age16,25,8192,long-text,0.1240159864357515,0.9801240054954068,0.9986056430446194,0.9955606135170604,0.9801240054954068,0.9979302575654784,0.0501985930521828
dynamic_bucket16_m-3_age16,25,16384,long-code,0.5595968182646184,0.9643990424048556,0.9983390748031497,0.9931973835301836,0.9643990424048556,0.9924385236971376,0.0808124051225017
dynamic_bucket16_m-3_age16,25,16384,long-text,0.5215276088542933,0.9646425422408136,0.9917363845144356,0.9862563566272966,0.9646425422408136,0.9904882738992618,0.0827857494907064
dynamic_bucket16_m-3_age16,25,32768,long-code,0.6053024987033591,0.8813630351870079,0.9824885170603674,0.949444307742782,0.8813630351870079,0.9682968336025554,0.1913623696666102
dynamic_bucket16_m-3_age16,25,32768,long-text,0.5508515815085158,0.8763789780183727,0.969119094488189,0.9368028215223098,0.8763789780183727,0.9642560634695444,0.1909709409669728
dynamic_bucket16_m-3_age2,2,8192,long-code,0.0936699597511891,0.9933524544783464,1.0,0.9995591371391076,0.9933524544783464,0.9997186956553636,0.023884187170064
dynamic_bucket16_m-3_age2,2,8192,long-text,0.0695148443157132,0.9945558562992126,1.0,0.9995437582020996,0.9945558562992126,0.9998249215328282,0.0198907339746757
dynamic_bucket16_m-3_age2,2,16384,long-code,0.2683356626359604,0.975842253116798,0.9998359580052494,0.9975906332020996,0.975842253116798,0.9980878687232068,0.0751690225445359
dynamic_bucket16_m-3_age2,2,16384,long-text,0.2444525281920698,0.9807917076771654,0.9998359580052494,0.9978982119422573,0.9807917076771654,0.9980266335901142,0.0616350094917348
dynamic_bucket16_m-3_age2,2,32768,long-code,0.4505531344284277,0.9556061351706036,0.9992208005249344,0.9916236056430446,0.9556061351706036,0.9937253972521308,0.1142230470877561
dynamic_bucket16_m-3_age2,2,32768,long-text,0.419588949198024,0.9598033033956692,0.99876968503937,0.9923771735564304,0.9598033033956692,0.9934239466870316,0.1052735637021734
dynamic_bucket16_m-3_age2,5,8192,long-code,0.1777777777777778,0.9903984169947506,1.0,0.9997026738845144,0.9903984169947506,0.999679756713385,0.0451173870909836
dynamic_bucket16_m-3_age2,5,8192,long-text,0.1009586215265138,0.9913211532152232,0.9999179790026248,0.9993387057086616,0.9913211532152232,0.9996318982690708,0.0356708189666875
dynamic_bucket16_m-3_age2,5,16384,long-code,0.4428259286234522,0.9825038959973752,0.9998974737532808,0.9987440534776902,0.9825038959973752,0.9979333866214408,0.0632984759603473
dynamic_bucket16_m-3_age2,5,16384,long-text,0.3459039290702617,0.9805430815288714,0.9993438320209974,0.9973753280839897,0.9805430815288714,0.9967632066121096,0.0627336269413584
dynamic_bucket16_m-3_age2,5,32768,long-code,0.5259953731888469,0.9646630474901576,0.9991182742782152,0.9944994668635172,0.9646630474901576,0.9938999059280436,0.0959498959381342
dynamic_bucket16_m-3_age2,5,32768,long-text,0.4477566539923954,0.9560098322670604,0.9960014763779528,0.9887323654855644,0.9560098322670604,0.990562478784308,0.1088295237542125
dynamic_bucket16_m-3_age2,8,8192,long-code,0.1169020944958597,0.9913480663549868,1.0,0.9996616633858268,0.9913480663549868,0.99971352981114,0.0356194247407196
dynamic_bucket16_m-3_age2,8,8192,long-text,0.0617686089998793,0.9931961019520996,0.9999794947506562,0.9994207267060368,0.9931961019520996,0.9996821963451004,0.0266240552221499
dynamic_bucket16_m-3_age2,8,16384,long-code,0.5028320847798282,0.9871983165190288,0.9998564632545932,0.9989798638451444,0.9871983165190288,0.998080497673848,0.0478141155205462
dynamic_bucket16_m-3_age2,8,16384,long-text,0.3937142161042758,0.982424438156168,0.9991182742782152,0.9968780757874016,0.982424438156168,0.9964834169814618,0.0580533776978386
dynamic_bucket16_m-3_age2,8,32768,long-code,0.4894725616258875,0.9572042630413384,0.9958169291338582,0.988035187007874,0.9572042630413384,0.9896865608924608,0.0975581298120162
dynamic_bucket16_m-3_age2,8,32768,long-text,0.4458098859315589,0.9532646920111548,0.994750656167979,0.9856463254593176,0.9532646920111548,0.9891144485708834,0.1043849679709725
dynamic_bucket16_m-3_age2,11,8192,long-code,0.1005316578057032,0.9921221395177166,1.0,0.9997898211942258,0.9921221395177166,0.999627984957686,0.0344340347868157
dynamic_bucket16_m-3_age2,11,8192,long-text,0.0778020909311937,0.9936933542486877,0.9999794947506562,0.9998308316929134,0.9936933542486877,0.9996690352219192,0.0299128848713758
dynamic_bucket16_m-3_age2,11,16384,long-code,0.3268085106382978,0.9847018024114174,0.9999179790026248,0.9991746637139108,0.9847018024114174,0.9980404522274284,0.0578526894147191
dynamic_bucket16_m-3_age2,11,16384,long-text,0.2596899224806202,0.9818426017060368,0.9994873687664042,0.998052001312336,0.9818426017060368,0.9970723433295392,0.0599183287432845
dynamic_bucket16_m-3_age2,11,32768,long-code,0.4477430344324127,0.9693484969652232,0.9985851377952756,0.993909940944882,0.9693484969652232,0.9937754263582612,0.0836591446143774
dynamic_bucket16_m-3_age2,11,32768,long-text,0.403484193214351,0.9641734846620736,0.9988312007874016,0.9934536991469816,0.9641734846620736,0.9933805346681692,0.0928842132871286
dynamic_bucket16_m-3_age2,14,8192,long-code,0.1078608402552064,0.99144546628937,0.9999589895013123,0.999630905511811,0.99144546628937,0.99945193871411,0.0342029289872257
dynamic_bucket16_m-3_age2,14,8192,long-text,0.0464104423495286,0.9954760293635172,1.0,0.9998052001312336,0.9954760293635172,0.9996911754394108,0.0191908787979033
dynamic_bucket16_m-3_age2,14,16384,long-code,0.259705650778269,0.9841571317257218,0.999630905511811,0.9977290436351706,0.9841571317257218,0.9974669541849348,0.0490078383055663
dynamic_bucket16_m-3_age2,14,16384,long-text,0.2060127543273611,0.9817746780675852,0.9995488845144356,0.9967806758530184,0.9817746780675852,0.9967829223133498,0.0512815505638158
dynamic_bucket16_m-3_age2,14,32768,long-code,0.3483125570082092,0.955321624835958,0.9967806758530184,0.9866100721784776,0.955321624835958,0.9900384787786776,0.1003896846735303
dynamic_bucket16_m-3_age2,14,32768,long-text,0.310102087460003,0.9543745386318898,0.99534530839895,0.985466904527559,0.9543745386318898,0.9899091565562802,0.101061905904709
dynamic_bucket16_m-3_age2,17,8192,long-code,0.0622189816502612,0.9913596005577427,0.9998359580052494,0.9988773375984252,0.9913596005577427,0.999479037747958,0.0284806660374502
dynamic_bucket16_m-3_age2,17,8192,long-text,0.0387081166082012,0.9946494114993438,0.9998564632545932,0.9993797162073492,0.9946494114993438,0.9996674547346868,0.0181362001406476
dynamic_bucket16_m-3_age2,17,16384,long-code,0.2301176183801572,0.979249969242126,0.9989747375328084,0.9956733923884514,0.979249969242126,0.9973950846762168,0.0550995154572551
dynamic_bucket16_m-3_age2,17,16384,long-text,0.1795888488989202,0.9781683173392388,0.9985646325459318,0.9945661089238844,0.9781683173392388,0.9961535123888312,0.0541242530189165
dynamic_bucket16_m-3_age2,17,32768,long-code,0.3603822974371461,0.9587947014435696,0.9954478346456692,0.9867177247375328,0.9587947014435696,0.9918305010588996,0.0901274222536657
dynamic_bucket16_m-3_age2,17,32768,long-text,0.3039824625502375,0.9532710999015748,0.9928436679790026,0.981693938648294,0.9532710999015748,0.989169906380956,0.0962132778776869
dynamic_bucket16_m-3_age2,21,8192,long-code,0.038619357953174,0.9959194553805776,0.9999794947506562,0.9998257053805776,0.9959194553805776,0.999828631934722,0.0153893606159314
dynamic_bucket16_m-3_age2,21,8192,long-text,0.0308582449373191,0.9974663201279528,0.9998974737532808,0.999507874015748,0.9974663201279528,0.9997854254160562,0.0076166141116176
dynamic_bucket16_m-3_age2,21,16384,long-code,0.159717572585063,0.9848901943897638,0.9994053477690288,0.997800812007874,0.9848901943897638,0.9984360081079487,0.0450278588176774
dynamic_bucket16_m-3_age2,21,16384,long-text,0.1939276407490455,0.9820784120734908,0.9986261482939632,0.9949095718503936,0.9820784120734908,0.9963996837832968,0.0450974972913225
dynamic_bucket16_m-3_age2,21,32768,long-code,0.2938011126987505,0.9658856729822834,0.9974573490813649,0.9901831118766404,0.9658856729822834,0.993622940556051,0.0802236255907902
dynamic_bucket16_m-3_age2,21,32768,long-text,0.2824618006939794,0.961196378772966,0.9968011811023622,0.9873892716535432,0.961196378772966,0.9919559832047627,0.0837233458858086
dynamic_bucket16_m-3_age2,25,8192,long-code,0.1315121479511664,0.9926975680774278,0.9999589895013123,0.999497621391076,0.9926975680774278,0.9994795370308516,0.0286032532833917
dynamic_bucket16_m-3_age2,25,8192,long-text,0.04644412191582,0.9950210691437008,0.999753937007874,0.9994104740813649,0.9950210691437008,0.9996009984360128,0.0186145098384067
dynamic_bucket16_m-3_age2,25,16384,long-code,0.365137169215829,0.9897025200951444,0.9998564632545932,0.9989798638451444,0.9897025200951444,0.9983184382342882,0.0331804222682299
dynamic_bucket16_m-3_age2,25,16384,long-text,0.3387891694554304,0.9885631971784776,0.9979904855643044,0.9965499917979004,0.9885631971784776,0.9973947886502492,0.0395655729835385
dynamic_bucket16_m-3_age2,25,32768,long-code,0.3853077110192167,0.9610656578083988,0.9968011811023622,0.9878813976377953,0.9610656578083988,0.991557894328448,0.0859209521180947
dynamic_bucket16_m-3_age2,25,32768,long-text,0.328823761894628,0.9617756520669292,0.9938074146981628,0.9859385252624672,0.9617756520669292,0.9909909922730588,0.0823429060213869
dynamic_bucket16_m-3_age4,2,8192,long-code,0.1326991096475179,0.9887464628444882,1.0,0.9990054954068242,0.9887464628444882,0.9994879936635668,0.0334638787615955
dynamic_bucket16_m-3_age4,2,8192,long-text,0.1002168152252469,0.9912968032316272,1.0,0.99927718996063,0.9912968032316272,0.9997105457665928,0.0262531595122006
dynamic_bucket16_m-3_age4,2,16384,long-code,0.3573249180725816,0.9621960096784776,0.999507874015748,0.9955401082677166,0.9621960096784776,0.9967496752429172,0.1006872227925908
dynamic_bucket16_m-3_age4,2,16384,long-text,0.3230750516968739,0.9717066006397638,0.9995488845144356,0.996109128937008,0.9717066006397638,0.9968948314434868,0.0767402864292199
dynamic_bucket16_m-3_age4,2,32768,long-code,0.5623935782048164,0.9342717048064304,0.9980930118110236,0.9858616305774278,0.9342717048064304,0.9901261376863274,0.1470145750480987
dynamic_bucket16_m-3_age4,2,32768,long-text,0.5298432506467814,0.9406039821194224,0.9978674540682416,0.987071440288714,0.9406039821194224,0.989692551816746,0.1329479819107776
dynamic_bucket16_m-3_age4,5,8192,long-code,0.2388634721887792,0.984612091945538,1.0,0.9994566108923884,0.984612091945538,0.9994651023208831,0.0609120540643111
dynamic_bucket16_m-3_age4,5,8192,long-text,0.1478599221789883,0.9855361097440944,0.9999384842519684,0.9986876640419948,0.9855361097440944,0.9992600079109404,0.0498971857705927
dynamic_bucket16_m-3_age4,5,16384,long-code,0.5098516176112868,0.9723397002132546,0.9996924212598424,0.9976111384514436,0.9723397002132546,0.9964229144928576,0.087181196448886
dynamic_bucket16_m-3_age4,5,16384,long-text,0.4321956561416317,0.9696842704232284,0.9990567585301836,0.995617002952756,0.9696842704232284,0.9947365125291112,0.0860113445906458
dynamic_bucket16_m-3_age4,5,32768,long-code,0.6215673141326189,0.9457572075951444,0.9976213910761156,0.9895628280839897,0.9457572075951444,0.9896550722530272,0.129729886571805
dynamic_bucket16_m-3_age4,5,32768,long-text,0.5495736906211937,0.9342473548228346,0.994135498687664,0.9822834645669292,0.9342473548228346,0.9852512389134992,0.1434923539206022
dynamic_bucket16_m-3_age4,8,8192,long-code,0.1630276564774381,0.9863665723425196,1.0,0.9994924950787402,0.9863665723425196,0.9995696240100438,0.0480866615632487
dynamic_bucket16_m-3_age4,8,8192,long-text,0.0932265112891478,0.9883453289041996,0.9998974737532808,0.9989798638451444,0.9883453289041996,0.999374279258141,0.0380300248259909
dynamic_bucket16_m-3_age4,8,16384,long-code,0.5818887137834889,0.9793332718175852,0.99973343175853,0.9979597276902888,0.9793332718175852,0.9966908173218808,0.0679241176608574
dynamic_bucket16_m-3_age4,8,16384,long-text,0.5214641858202602,0.9719885478182416,0.9978469488188976,0.9946635088582676,0.9719885478182416,0.993824534858693,0.0820291032401111
dynamic_bucket16_m-3_age4,8,32768,long-code,0.5792119937837097,0.9311779753116798,0.9914288057742782,0.977905593832021,0.9311779753116798,0.9817226450355035,0.1376481075020163
dynamic_bucket16_m-3_age4,8,32768,long-text,0.5503949254368576,0.9294081159776902,0.9915518372703412,0.97704437335958,0.9294081159776902,0.9825772403428632,0.1402175917514614
dynamic_bucket16_m-3_age4,11,8192,long-code,0.139941690962099,0.98634094078084,1.0,0.9993694635826772,0.98634094078084,0.9992352294416308,0.0490754780771189
dynamic_bucket16_m-3_age4,11,8192,long-text,0.1160822249093107,0.9891937335958004,0.9999589895013123,0.9996872949475064,0.9891937335958004,0.9993982359569756,0.0419773295465156
dynamic_bucket16_m-3_age4,11,16384,long-code,0.4154583510283322,0.9747670091043308,0.9998359580052494,0.9982211696194224,0.9747670091043308,0.9964495236858254,0.0797416837450169
dynamic_bucket16_m-3_age4,11,16384,long-text,0.3460300103274406,0.9707877091535432,0.9994053477690288,0.9964218339895012,0.9707877091535432,0.9950288562644752,0.0812306538566295
dynamic_bucket16_m-3_age4,11,32768,long-code,0.5350357197142424,0.9513794906496064,0.9967396653543308,0.9884452919947506,0.9513794906496064,0.9891155925655803,0.1121340782734461
dynamic_bucket16_m-3_age4,11,32768,long-text,0.4971063052086506,0.9438873851706036,0.9974778543307088,0.9874712926509186,0.9438873851706036,0.9885002591423044,0.1245802301541384
dynamic_bucket16_m-3_age4,14,8192,long-code,0.1547201740601957,0.985465622949475,0.9999179790026248,0.9991080216535432,0.985465622949475,0.9989652934907828,0.0491523627132716
dynamic_bucket16_m-3_age4,14,8192,long-text,0.0692807312966081,0.9923387262139108,0.9999794947506562,0.9994822424540682,0.9923387262139108,0.9994012432501992,0.0268334481164528
dynamic_bucket16_m-3_age4,14,16384,long-code,0.3497692494534855,0.973257310121391,0.9987491797900262,0.9946993930446194,0.973257310121391,0.9951358488604312,0.0696123062700951
dynamic_bucket16_m-3_age4,14,16384,long-text,0.273270708795901,0.9704839751476378,0.9992002952755904,0.9939663303805776,0.9704839751476378,0.9944519982264872,0.0704095029982674
dynamic_bucket16_m-3_age4,14,32768,long-code,0.4482748119499345,0.9269731176181102,0.9925770997375328,0.9746606381233596,0.9269731176181102,0.9820948876155584,0.1404044533371614
dynamic_bucket16_m-3_age4,14,32768,long-text,0.409656181419166,0.9284174561187664,0.990731627296588,0.9740506069553806,0.9284174561187664,0.9828255940136802,0.136490712291705
dynamic_bucket16_m-3_age4,17,8192,long-code,0.1001564945226917,0.9852977362204725,0.9998359580052494,0.9979033382545932,0.9852977362204725,0.9991083400843438,0.0410239868706599
dynamic_bucket16_m-3_age4,17,8192,long-text,0.0618208162279643,0.9901408197998688,0.999507874015748,0.9984723589238844,0.9901408197998688,0.9992771641475516,0.0273363044560273
dynamic_bucket16_m-3_age4,17,16384,long-code,0.3117199391171994,0.9657331651902888,0.997826443569554,0.9913672900262468,0.9657331651902888,0.995331639397248,0.0782643477786536
dynamic_bucket16_m-3_age4,17,16384,long-text,0.2451063829787234,0.9640299479166666,0.997436843832021,0.9894090387139108,0.9640299479166666,0.9931315296443394,0.0755939551709079
dynamic_bucket16_m-3_age4,17,32768,long-code,0.4565853658536585,0.9341819943405512,0.9903010170603674,0.9742043963254592,0.9341819943405512,0.9855591062951377,0.1230410856724757
dynamic_bucket16_m-3_age4,17,32768,long-text,0.4020615412765698,0.9250123031496064,0.984867125984252,0.9666225803805776,0.9250123031496064,0.98098319569868,0.1327268378166654
dynamic_bucket16_m-3_age4,21,8192,long-code,0.054309613286459,0.9930948572834646,0.9999589895013123,0.999625779199475,0.9930948572834646,0.9996636693524948,0.0221212255637616
dynamic_bucket16_m-3_age4,21,8192,long-text,0.0463712112063759,0.995825900180446,0.9998359580052494,0.9988722112860892,0.995825900180446,0.9995406785395928,0.0105379456328538
dynamic_bucket16_m-3_age4,21,16384,long-code,0.210808832499695,0.9741877358103674,0.9988106955380578,0.9949249507874016,0.9741877358103674,0.9968788821815456,0.0629599020376893
dynamic_bucket16_m-3_age4,21,16384,long-text,0.2598630386037209,0.9706403276738844,0.9972317913385826,0.9907726377952756,0.9706403276738844,0.9937303098722536,0.0631572980487373
dynamic_bucket16_m-3_age4,21,32768,long-code,0.3797930614729153,0.9442962085793964,0.9926181102362204,0.9803713500656168,0.9442962085793964,0.9882213288220956,0.1094931621127506
dynamic_bucket16_m-3_age4,21,32768,long-text,0.368477168184726,0.9392621698654856,0.9938279199475064,0.9777312992125984,0.9392621698654856,0.9865005615498272,0.1137757717586105
dynamic_bucket16_m-3_age4,25,8192,long-code,0.1776704888352444,0.9880877317093176,0.9998974737532808,0.9989388533464568,0.9880877317093176,0.9991069320038772,0.0393697773520442
dynamic_bucket16_m-3_age4,25,8192,long-text,0.0694226828974328,0.99171203453084,0.9998154527559056,0.9988414534120736,0.99171203453084,0.9993427066426817,0.0260911310552825
dynamic_bucket16_m-3_age4,25,16384,long-code,0.4576692321677474,0.9823334461122047,0.9994258530183728,0.9975291174540682,0.9823334461122047,0.9966943504982364,0.0482521995813618
dynamic_bucket16_m-3_age4,25,16384,long-text,0.4188075618031992,0.9817592991305776,0.9962270341207348,0.9937869094488188,0.9817592991305776,0.9955085635381112,0.0527023486504937
dynamic_bucket16_m-3_age4,25,32768,long-code,0.4712899004959985,0.9381523232447506,0.9930897309711286,0.9777364255249344,0.9381523232447506,0.9854433682562516,0.1178105095268717
dynamic_bucket16_m-3_age4,25,32768,long-text,0.4051372572889402,0.9373961921751968,0.9875738188976378,0.9730048392388452,0.9373961921751968,0.9836709689550877,0.1145727608261715
dynamic_bucket16_m-3_age8,2,8192,long-code,0.1715190644414667,0.9820438094652232,0.9996924212598424,0.9978930856299212,0.9820438094652232,0.999014273001636,0.0469785094319996
dynamic_bucket16_m-3_age8,2,8192,long-text,0.1308478653036681,0.9859936331200788,0.9999384842519684,0.9984313484251968,0.9859936331200788,0.9994791490473248,0.0364648994498375
dynamic_bucket16_m-3_age8,2,16384,long-code,0.4318016046681254,0.9469593278379264,0.9991592847769027,0.9924745734908136,0.9469593278379264,0.9951174455620336,0.1269363810452497
dynamic_bucket16_m-3_age8,2,16384,long-text,0.3929244422831438,0.9598250902230973,0.9994668635170604,0.9935459727690288,0.9598250902230973,0.9952348378773668,0.0978786783913689
dynamic_bucket16_m-3_age8,2,32768,long-code,0.6529418930442197,0.9079967909284776,0.9955708661417324,0.9763677001312336,0.9079967909284776,0.9847077334208368,0.1864763896309846
dynamic_bucket16_m-3_age8,2,32768,long-text,0.6134931986245094,0.9168550586450132,0.9955298556430446,0.9779414780183728,0.9168550586450132,0.98425210716699,0.1669113148878651
dynamic_bucket16_m-3_age8,5,8192,long-code,0.2943597191963205,0.9774403809875328,1.0,0.9991234005905512,0.9774403809875328,0.9991978483580116,0.0797765677455209
dynamic_bucket16_m-3_age8,5,8192,long-text,0.1936811524028567,0.9775121493602362,0.999876968503937,0.9977444225721784,0.9775121493602362,0.9987917266164332,0.0690231829659539
dynamic_bucket16_m-3_age8,5,16384,long-code,0.5749666140585165,0.9598084297080052,0.9993643372703412,0.9958886975065616,0.9598084297080052,0.9944906170197004,0.1156431685670013
dynamic_bucket16_m-3_age8,5,16384,long-text,0.5098516176112868,0.9585755515912072,0.998523622047244,0.993894562007874,0.9585755515912072,0.9926035663052492,0.1075592913588941
dynamic_bucket16_m-3_age8,5,32768,long-code,0.6941051028179741,0.9226759863024936,0.9951402559055118,0.9825807906824148,0.9226759863024936,0.9839190489391988,0.1675772820099337
dynamic_bucket16_m-3_age8,5,32768,long-text,0.6455387615797172,0.9082838644192912,0.9910392060367454,0.9731124917979004,0.9082838644192912,0.9781134196124808,0.1838835848453603
dynamic_bucket16_m-3_age8,8,8192,long-code,0.2154882154882155,0.9774109046916012,1.0,0.9988978428477692,0.9774109046916012,0.9992188837881828,0.0699402740862998
dynamic_bucket16_m-3_age8,8,8192,long-text,0.1315280464216635,0.9810057312171916,0.9998359580052494,0.9980058645013123,0.9810057312171916,0.9989415766871916,0.0543284025017537
dynamic_bucket16_m-3_age8,8,16384,long-code,0.6352067222797296,0.9707761749507874,0.9995898950131232,0.9968832020997376,0.9707761749507874,0.9951208011758098,0.0870780955714866
dynamic_bucket16_m-3_age8,8,16384,long-text,0.5935688571602904,0.9618474204396326,0.9973548228346456,0.9928641732283464,0.9618474204396326,0.9916343932109292,0.1034110571214205
dynamic_bucket16_m-3_age8,8,32768,long-code,0.6603561101810987,0.9021566395997376,0.9839854002624672,0.9648898868110236,0.9021566395997376,0.97193528927512,0.1784411544313683
dynamic_bucket16_m-3_age8,8,32768,long-text,0.6305322556046973,0.9010288508858268,0.9847851049868768,0.964587434383202,0.9010288508858268,0.9738077098530006,0.1795453308479959
dynamic_bucket16_m-3_age8,11,8192,long-code,0.1926782273603082,0.9766227341699476,0.9999384842519684,0.998539000984252,0.9766227341699476,0.9985976584876026,0.0717954016792255
dynamic_bucket16_m-3_age8,11,8192,long-text,0.1548699334543254,0.9825218380905512,0.9999589895013123,0.9994104740813649,0.9825218380905512,0.998988896121504,0.0584231949481136
dynamic_bucket16_m-3_age8,11,16384,long-code,0.482138517618469,0.9632456221292652,0.9996719160104988,0.9969959809711286,0.9632456221292652,0.994502604575116,0.1029976366643229
dynamic_bucket16_m-3_age8,11,16384,long-text,0.4233009708737864,0.9585819594816272,0.9991182742782152,0.9945302247375328,0.9585819594816272,0.9927509529006328,0.1037405433047465
dynamic_bucket16_m-3_age8,11,32768,long-code,0.6125148587277881,0.928231627296588,0.9938689304461942,0.9800330134514436,0.928231627296588,0.9825082842922608,0.1458709412143041
dynamic_bucket16_m-3_age8,11,32768,long-text,0.5772793759141882,0.918824844160105,0.9945456036745408,0.9785412565616798,0.918824844160105,0.9817668021465364,0.1612034266660296
dynamic_bucket16_m-3_age8,14,8192,long-code,0.2007722007722008,0.9783182619750656,0.9999179790026248,0.9984826115485564,0.9783182619750656,0.9983796717059727,0.0654051028452367
dynamic_bucket16_m-3_age8,14,8192,long-text,0.0927312243419463,0.98729187171916,0.9999589895013123,0.9989337270341208,0.98729187171916,0.9988944167562596,0.0388105003814101
dynamic_bucket16_m-3_age8,14,16384,long-code,0.4100561386380278,0.9597943323490814,0.9976213910761156,0.9903163959973752,0.9597943323490814,0.9919126322054332,0.0920951798724829
dynamic_bucket16_m-3_age8,14,16384,long-text,0.3304780997509264,0.9564058398950132,0.9979904855643044,0.989865280511811,0.9564058398950132,0.9911853705754464,0.093238570559091
dynamic_bucket16_m-3_age8,14,32768,long-code,0.526411990495339,0.8907326525590551,0.9835547900262468,0.9553703248031497,0.8907326525590551,0.9701270313872812,0.1873055074343795
dynamic_bucket16_m-3_age8,14,32768,long-text,0.4837844428188247,0.895015686515748,0.9833087270341208,0.956421218832021,0.895015686515748,0.9723788883231552,0.1784674535397176
dynamic_bucket16_m-3_age8,17,8192,long-code,0.1404535479151426,0.9747606012139108,0.9993438320209974,0.9955503608923884,0.9747606012139108,0.9982316397371432,0.0610889446845081
dynamic_bucket16_m-3_age8,17,8192,long-text,0.0928770105212238,0.982667937992126,0.99876968503937,0.9960373605643044,0.982667937992126,0.9985271013873092,0.0411175876417091
dynamic_bucket16_m-3_age8,17,16384,long-code,0.3759917630670462,0.9483152374507874,0.9939714566929134,0.9838674950787402,0.9483152374507874,0.992193729291415,0.1050336441276063
dynamic_bucket16_m-3_age8,17,16384,long-text,0.3075799975666139,0.9462685572506562,0.9949352034120736,0.9824936433727034,0.9462685572506562,0.9891308300889116,0.1009893272843555
dynamic_bucket16_m-3_age8,17,32768,long-code,0.5440253488513802,0.9023245263287402,0.9823654855643044,0.9572209235564304,0.9023245263287402,0.9766763781235336,0.163563278296428
dynamic_bucket16_m-3_age8,17,32768,long-text,0.4922178988326848,0.8867379736712598,0.9719898293963256,0.943241469816273,0.8867379736712598,0.968558757850348,0.1785742873076625
dynamic_bucket16_m-3_age8,21,8192,long-code,0.0776416353269441,0.9888092601706036,0.999876968503937,0.9990670111548556,0.9888092601706036,0.9993824505188434,0.0308766086848249
dynamic_bucket16_m-3_age8,21,8192,long-text,0.0616273471352912,0.99266937335958,0.999138779527559,0.997441970144357,0.99266937335958,0.998991563584199,0.0154227366414076
dynamic_bucket16_m-3_age8,21,16384,long-code,0.2768874535372616,0.9616218626968503,0.9969242125984252,0.990603469488189,0.9616218626968503,0.9949001840593744,0.0818377164578083
dynamic_bucket16_m-3_age8,21,16384,long-text,0.3149261891744123,0.9583307701771654,0.9959194553805776,0.985851377952756,0.9583307701771654,0.9908203860576316,0.0807345260450355
dynamic_bucket16_m-3_age8,21,32768,long-code,0.4565018594159604,0.9163936905347768,0.9859128937007874,0.9658638861548556,0.9163936905347768,0.9806482472690822,0.1448077568874814
dynamic_bucket16_m-3_age8,21,32768,long-text,0.4529314867915319,0.9125758694225722,0.9896038385826772,0.9648950131233596,0.9125758694225722,0.9793017080498168,0.1482242098050016
dynamic_bucket16_m-3_age8,25,8192,long-code,0.2245614035087719,0.98217453042979,0.999630905511811,0.9980109908136484,0.98217453042979,0.998486867568625,0.0528643150575965
dynamic_bucket16_m-3_age8,25,8192,long-text,0.0856968959220937,0.9864934485728346,0.999261811023622,0.997329191272966,0.9864934485728346,0.9986877497371994,0.0374102873398746
dynamic_bucket16_m-3_age8,25,16384,long-code,0.5161603298769026,0.97533218503937,0.9990977690288714,0.995868192257218,0.97533218503937,0.9951206888954188,0.0609482142874725
dynamic_bucket16_m-3_age8,25,16384,long-text,0.4779018941233608,0.9734815862860892,0.9940534776902888,0.990357406496063,0.9734815862860892,0.993127325643962,0.0679239934623684
dynamic_bucket16_m-3_age8,25,32768,long-code,0.541679352128113,0.909911468585958,0.9879019028871392,0.964126066272966,0.909911468585958,0.9773374830338658,0.1555891570435611
dynamic_bucket16_m-3_age8,25,32768,long-text,0.4855575868372943,0.9084120222276902,0.9801919291338582,0.956769808070866,0.9084120222276902,0.9750075190332328,0.1520962945586243
dynamic_bucket16_m-3_recent1024,2,8192,long-code,0.3252662149080348,0.9307576177001312,0.9982365485564304,0.9831241797900262,0.9307576177001312,0.9952926067608374,0.1352707658053378
dynamic_bucket16_m-3_recent1024,2,8192,long-text,0.2939328015470147,0.942639128116798,0.9995898950131232,0.9884555446194224,0.942639128116798,0.997083854128502,0.117482872222961
dynamic_bucket16_m-3_recent1024,2,16384,long-code,0.6641179683233206,0.8499656537073491,0.9888451443569554,0.953001968503937,0.8499656537073491,0.9797662458694204,0.2738297080155583
dynamic_bucket16_m-3_recent1024,2,16384,long-text,0.6147859922178989,0.8700082533628609,0.9856873359580052,0.95069000164042,0.8700082533628609,0.976075246572224,0.2325929546615904
dynamic_bucket16_m-3_recent1024,2,32768,long-code,0.8244609574856865,0.7688994320045932,0.9524688320209974,0.8935213664698163,0.7688994320045932,0.9423551458176674,0.3656529161541165
dynamic_bucket16_m-3_recent1024,2,32768,long-text,0.8049456405883607,0.779061064632546,0.9517921587926508,0.8901021161417323,0.779061064632546,0.93591711975076,0.3427359474320426
dynamic_bucket16_m-3_recent1024,5,8192,long-code,0.4878993223620522,0.9207613086450132,0.9996104002624672,0.9920234580052494,0.9207613086450132,0.996267847624531,0.2088311408634958
dynamic_bucket16_m-3_recent1024,5,8192,long-text,0.3407550822846079,0.937125779199475,0.9992002952755904,0.9907572588582676,0.937125779199475,0.995591696709178,0.1545478183244994
dynamic_bucket16_m-3_recent1024,5,16384,long-code,0.7003891050583657,0.8837557414698163,0.9919824475065616,0.9725485974409448,0.8837557414698163,0.9756315953982332,0.2508987128511176
dynamic_bucket16_m-3_recent1024,5,16384,long-text,0.6424139189682443,0.8917899544783464,0.9935408464566928,0.9736610072178478,0.8917899544783464,0.9746099646461804,0.2210881188464789
dynamic_bucket16_m-3_recent1024,5,32768,long-code,0.8302070645554203,0.783568374753937,0.958374343832021,0.9071368520341208,0.783568374753937,0.929939946003142,0.3539566127620954
dynamic_bucket16_m-3_recent1024,5,32768,long-text,0.7989039427614553,0.7801375902230971,0.9588049540682416,0.9054297900262468,0.7801375902230971,0.9286250364424412,0.3589565362008051
dynamic_bucket16_m-3_recent1024,8,8192,long-code,0.4107532090094453,0.91307952960958,0.99973343175853,0.9913365321522308,0.91307952960958,0.9960307838484276,0.2043603631362673
dynamic_bucket16_m-3_recent1024,8,8192,long-text,0.287378640776699,0.9332592581200788,0.9995488845144356,0.990347153871391,0.9332592581200788,0.9954557963940198,0.1514366690751072
dynamic_bucket16_m-3_recent1024,8,16384,long-code,0.7112838576460585,0.916733308727034,0.9967806758530184,0.9854617782152232,0.916733308727034,0.9818698678337,0.1925891475538254
dynamic_bucket16_m-3_recent1024,8,16384,long-text,0.6905497969327756,0.9074457123523622,0.995980971128609,0.9819963910761156,0.9074457123523622,0.978017399471892,0.209929834399171
dynamic_bucket16_m-3_recent1024,8,32768,long-code,0.8110149872060436,0.7301893659776902,0.922367125984252,0.8615229248687664,0.7301893659776902,0.8906446178274446,0.3955084209266435
dynamic_bucket16_m-3_recent1024,8,32768,long-text,0.7802261436713297,0.7511687992125984,0.9244791666666666,0.8697096456692913,0.7511687992125984,0.9081814295072264,0.3655882916863163
dynamic_bucket16_m-3_recent1024,11,8192,long-code,0.4079374624173181,0.9107752522145668,0.9981750328083988,0.9870919455380578,0.9107752522145668,0.9924538901304456,0.207260814617757
dynamic_bucket16_m-3_recent1024,11,8192,long-text,0.2933301169943312,0.940919250328084,0.9997949475065616,0.9965243602362204,0.940919250328084,0.9958149230638236,0.1544821691618612
dynamic_bucket16_m-3_recent1024,11,16384,long-code,0.6546118721461187,0.8856383796751969,0.9947301509186351,0.9759319635826772,0.8856383796751969,0.9746532851192105,0.2368158688587984
dynamic_bucket16_m-3_recent1024,11,16384,long-text,0.6111922141119221,0.8789857078412073,0.9915723425196852,0.9708517880577427,0.8789857078412073,0.970851654007748,0.2336837911290746
dynamic_bucket16_m-3_recent1024,11,32768,long-code,0.7681715713154207,0.790641404199475,0.9505208333333334,0.8965766486220472,0.790641404199475,0.9245574143430904,0.3163606096522547
dynamic_bucket16_m-3_recent1024,11,32768,long-text,0.7539267015706806,0.776117279773622,0.9520177165354332,0.8925217355643045,0.776117279773622,0.924624942123868,0.3371073747821141
dynamic_bucket16_m-3_recent1024,14,8192,long-code,0.411051866214251,0.917489439796588,0.9964320866141732,0.9829396325459318,0.917489439796588,0.9902777046042108,0.1836190252440153
dynamic_bucket16_m-3_recent1024,14,8192,long-text,0.2089480048367593,0.9503260334645668,0.9993643372703412,0.9920849737532808,0.9503260334645668,0.994340520570332,0.1096420637009171
dynamic_bucket16_m-3_recent1024,14,16384,long-code,0.5914396887159533,0.861075654117454,0.972420439632546,0.9402784612860892,0.861075654117454,0.9582602987057932,0.2321328117666672
dynamic_bucket16_m-3_recent1024,14,16384,long-text,0.5207043108682453,0.8523929625984252,0.9771366469816272,0.9361107693569554,0.8523929625984252,0.9549279378475526,0.2375877098872501
dynamic_bucket16_m-3_recent1024,14,32768,long-code,0.7380271405099494,0.7002042835465879,0.9046916010498688,0.822029814632546,0.7002042835465879,0.8825318239840393,0.4092997860105692
dynamic_bucket16_m-3_recent1024,14,32768,long-text,0.6901846097605557,0.7265355868602362,0.9185121391076116,0.8407972440944882,0.7265355868602362,0.8988574697786659,0.37620056923288
dynamic_bucket16_m-3_recent1024,17,8192,long-code,0.3488372093023255,0.907234251968504,0.9915108267716536,0.9717591453412072,0.907234251968504,0.9907047091089588,0.1741457892042041
dynamic_bucket16_m-3_recent1024,17,8192,long-text,0.2719106579266812,0.928345687746063,0.9895628280839897,0.9727587762467192,0.928345687746063,0.9918266061319634,0.130905508107165
dynamic_bucket16_m-3_recent1024,17,16384,long-code,0.5798370424419312,0.8510242372047244,0.9653666338582676,0.929323531824147,0.8510242372047244,0.9707396354252548,0.2379250522054218
dynamic_bucket16_m-3_recent1024,17,16384,long-text,0.5177615571776155,0.8499400221456693,0.9687705052493438,0.930543594160105,0.8499400221456693,0.9599628244478196,0.2301400793593741
dynamic_bucket16_m-3_recent1024,17,32768,long-code,0.7351166900249833,0.7393308624507874,0.8966535433070866,0.8368551099081365,0.7393308624507874,0.9119838232049828,0.3481103652599513
dynamic_bucket16_m-3_recent1024,17,32768,long-text,0.7022463348471456,0.7147886421423885,0.877440124671916,0.8104648540026247,0.7147886421423885,0.8938682027648992,0.3688160758280587
dynamic_bucket16_m-3_recent1024,21,8192,long-code,0.2162423072281887,0.9560892901082676,0.9986876640419948,0.9915467109580052,0.9560892901082676,0.9968041130279892,0.0910933213438648
dynamic_bucket16_m-3_recent1024,21,8192,long-text,0.1386782231852654,0.9668276328740156,0.9952017716535432,0.9864716617454068,0.9668276328740156,0.9949355943273136,0.0575938445609753
dynamic_bucket16_m-3_recent1024,21,16384,long-code,0.4595630743017099,0.8947311761811023,0.9831036745406824,0.958615280511811,0.8947311761811023,0.9811039019591432,0.1751496380260387
dynamic_bucket16_m-3_recent1024,21,16384,long-text,0.4743044587534929,0.9056207451607612,0.981668307086614,0.9562059137139108,0.9056207451607612,0.975619015887492,0.1555041626520281
dynamic_bucket16_m-3_recent1024,21,32768,long-code,0.6451652200395919,0.7832992433562992,0.937130905511811,0.8778707349081365,0.7832992433562992,0.9334358968534938,0.2972976944647853
dynamic_bucket16_m-3_recent1024,21,32768,long-text,0.6318483758912792,0.7982039964730971,0.9633981299212598,0.8962793225065617,0.7982039964730971,0.9420006255365412,0.2875109103621096
dynamic_bucket16_m-3_recent1024,25,8192,long-code,0.378835467504228,0.9477846641240156,0.9975803805774278,0.9900857119422573,0.9477846641240156,0.9943784255827012,0.121474214546835
dynamic_bucket16_m-3_recent1024,25,8192,long-text,0.2180048661800486,0.9551665538877953,0.9961655183727034,0.9867792404855644,0.9551665538877953,0.9945912986425038,0.1000089764731204
dynamic_bucket16_m-3_recent1024,25,16384,long-code,0.6017226737838166,0.9220851788057742,0.9939509514435696,0.978269562007874,0.9220851788057742,0.979645038999999,0.1462794712770195
dynamic_bucket16_m-3_recent1024,25,16384,long-text,0.582807187955318,0.9447357898622047,0.980704560367454,0.9728305446194224,0.9447357898622047,0.982535983855952,0.1140643803532276
dynamic_bucket16_m-3_recent1024,25,32768,long-code,0.7238362344907479,0.7706487860892388,0.938976377952756,0.8746975475721784,0.7706487860892388,0.9227942831231544,0.3243397674748873
dynamic_bucket16_m-3_recent1024,25,32768,long-text,0.6743407028442658,0.7706577571358267,0.9188607283464568,0.8557506971784777,0.7706577571358267,0.9206343864983024,0.3119453490845673
dynamic_bucket16_m-3_recent128,2,8192,long-code,0.3252662149080348,0.9307576177001312,0.9982365485564304,0.9831241797900262,0.9307576177001312,0.9952926067608374,0.1352707658053378
dynamic_bucket16_m-3_recent128,2,8192,long-text,0.2939328015470147,0.942639128116798,0.9995898950131232,0.9884555446194224,0.942639128116798,0.997083854128502,0.117482872222961
dynamic_bucket16_m-3_recent128,2,16384,long-code,0.676056338028169,0.8451661437828084,0.9885785761154856,0.9507105068897638,0.8451661437828084,0.9789286295184282,0.2803018247995504
dynamic_bucket16_m-3_recent128,2,16384,long-text,0.6254324734446131,0.8655829642388452,0.9853182414698164,0.9487932660761156,0.8655829642388452,0.9751633595752244,0.2404298373004007
dynamic_bucket16_m-3_recent128,2,32768,long-code,0.8384109188398733,0.7648598978838582,0.9519972112860892,0.8922500410104987,0.7648598978838582,0.9412408566968168,0.3720915340774179
dynamic_bucket16_m-3_recent128,2,32768,long-text,0.8185887870390108,0.7760365403543307,0.9530839895013123,0.8900047162073491,0.7760365403543307,0.9354257635901934,0.348038029761466
dynamic_bucket16_m-3_recent128,5,8192,long-code,0.4878993223620522,0.9207613086450132,0.9996104002624672,0.9920234580052494,0.9207613086450132,0.996267847624531,0.2088311408634958
dynamic_bucket16_m-3_recent128,5,8192,long-text,0.3407550822846079,0.937125779199475,0.9992002952755904,0.9907572588582676,0.937125779199475,0.995591696709178,0.1545478183244994
dynamic_bucket16_m-3_recent128,5,16384,long-code,0.7317399501307547,0.8763161806922573,0.9927206364829396,0.973368807414698,0.8763161806922573,0.9749707644032304,0.2716423435412189
dynamic_bucket16_m-3_recent128,5,16384,long-text,0.6763026843192033,0.8807132750984252,0.9930077099737532,0.9717642716535432,0.8807132750984252,0.971837338812368,0.2445750899314422
dynamic_bucket16_m-3_recent128,5,32768,long-code,0.85008377760853,0.7773680999835958,0.958497375328084,0.9062807578740156,0.7773680999835958,0.9280231413674518,0.3656573938533534
dynamic_bucket16_m-3_recent128,5,32768,long-text,0.8171872619229011,0.7750535699639107,0.9584768700787402,0.9038457595144356,0.7750535699639107,0.926761418755313,0.3673214934216585
dynamic_bucket16_m-3_recent128,8,8192,long-code,0.4107532090094453,0.91307952960958,0.99973343175853,0.9913365321522308,0.91307952960958,0.9960307838484276,0.2043603631362673
dynamic_bucket16_m-3_recent128,8,8192,long-text,0.287378640776699,0.9332592581200788,0.9995488845144356,0.990347153871391,0.9332592581200788,0.9954557963940198,0.1514366690751072
dynamic_bucket16_m-3_recent128,8,16384,long-code,0.7504708670028556,0.9060526369750656,0.996206528871391,0.9837803477690288,0.9060526369750656,0.9793665308128852,0.218105784077919
dynamic_bucket16_m-3_recent128,8,16384,long-text,0.7318734793187348,0.8927729248687664,0.9921054790026248,0.9764651000656168,0.8927729248687664,0.9723700569228656,0.23929674512237
dynamic_bucket16_m-3_recent128,8,32768,long-code,0.8382576911361559,0.7261344529199475,0.921013779527559,0.859621062992126,0.7261344529199475,0.8883812759367558,0.401812789387293
dynamic_bucket16_m-3_recent128,8,32768,long-text,0.8055589418505424,0.7498257053805775,0.925791502624672,0.8705093503937008,0.7498257053805775,0.9079058726064836,0.3697750101427958
dynamic_bucket16_m-3_recent128,11,8192,long-code,0.4079374624173181,0.9107752522145668,0.9981750328083988,0.9870919455380578,0.9107752522145668,0.9924538901304456,0.207260814617757
dynamic_bucket16_m-3_recent128,11,8192,long-text,0.2933301169943312,0.940919250328084,0.9997949475065616,0.9965243602362204,0.940919250328084,0.9958149230638236,0.1544821691618612
dynamic_bucket16_m-3_recent128,11,16384,long-code,0.6662608060392061,0.876346938566273,0.9937253937007874,0.9730919865485564,0.876346938566273,0.971896861802124,0.2534702811584643
dynamic_bucket16_m-3_recent128,11,16384,long-text,0.6156843643448612,0.8744578924704725,0.9912852690288714,0.9691754839238844,0.8744578924704725,0.9693389392586638,0.2402712543318191
dynamic_bucket16_m-3_recent128,11,32768,long-code,0.7885130201995619,0.7798864009186351,0.948716371391076,0.8910402312992126,0.7798864009186351,0.9199519485217494,0.3322130452666899
dynamic_bucket16_m-3_recent128,11,32768,long-text,0.7675636186533544,0.7704732098917323,0.951669127296588,0.8900047162073491,0.7704732098917323,0.9224163211517868,0.3449310547226691
dynamic_bucket16_m-3_recent128,14,8192,long-code,0.411051866214251,0.917489439796588,0.9964320866141732,0.9829396325459318,0.917489439796588,0.9902777046042108,0.1836190252440153
dynamic_bucket16_m-3_recent128,14,8192,long-text,0.2089480048367593,0.9503260334645668,0.9993643372703412,0.9920849737532808,0.9503260334645668,0.994340520570332,0.1096420637009171
dynamic_bucket16_m-3_recent128,14,16384,long-code,0.613703950961947,0.8528376701935696,0.9701853674540682,0.9359979904855644,0.8528376701935696,0.9552754454504726,0.2449542129643615
dynamic_bucket16_m-3_recent128,14,16384,long-text,0.5245901639344263,0.849846466945538,0.97682906824147,0.9347317913385826,0.849846466945538,0.9539894199541272,0.2408597331767747
dynamic_bucket16_m-3_recent128,14,32768,long-code,0.755552850970608,0.6937963931266404,0.9019849081364828,0.8177032070209974,0.6937963931266404,0.8790918262431877,0.4175144838147904
dynamic_bucket16_m-3_recent128,14,32768,long-text,0.7020965382740127,0.7223435449475065,0.9183275918635172,0.8394080134514436,0.7223435449475065,0.8972855825661424,0.3824121357237024
dynamic_bucket16_m-3_recent128,17,8192,long-code,0.3488372093023255,0.907234251968504,0.9915108267716536,0.9717591453412072,0.907234251968504,0.9907047091089588,0.1741457892042041
dynamic_bucket16_m-3_recent128,17,8192,long-text,0.2719106579266812,0.928345687746063,0.9895628280839897,0.9727587762467192,0.928345687746063,0.9918266061319634,0.130905508107165
dynamic_bucket16_m-3_recent128,17,16384,long-code,0.5916915029499422,0.841802001312336,0.962659940944882,0.9241767142388452,0.841802001312336,0.9687803467146184,0.2504861544269528
dynamic_bucket16_m-3_recent128,17,16384,long-text,0.5254196059352956,0.8350147637795275,0.965940780839895,0.9225106627296588,0.8350147637795275,0.9545968871114,0.2487406915347942
dynamic_bucket16_m-3_recent128,17,32768,long-code,0.7594705613874944,0.7325525959645669,0.8953207020997376,0.8333077017716536,0.7325525959645669,0.9097467882264872,0.3587540646103244
dynamic_bucket16_m-3_recent128,17,32768,long-text,0.7228006088280061,0.7102313504757218,0.8767634514435696,0.808357939632546,0.7102313504757218,0.8919563765748387,0.3756109694398102
dynamic_bucket16_m-3_recent128,21,8192,long-code,0.2162684045377745,0.95509094078084,0.9986876640419948,0.9915108267716536,0.95509094078084,0.9967582152051372,0.0933127988601595
dynamic_bucket16_m-3_recent128,21,8192,long-text,0.1386782231852654,0.9668276328740156,0.9952017716535432,0.9864716617454068,0.9668276328740156,0.9949355943273136,0.0575938445609753
dynamic_bucket16_m-3_recent128,21,16384,long-code,0.4875373270766043,0.8802595964566929,0.9736097440944882,0.9474399196194224,0.8802595964566929,0.9770657408031777,0.1949114204530813
dynamic_bucket16_m-3_recent128,21,16384,long-text,0.4978123480797277,0.8943402948654856,0.9791461614173228,0.9498031496062992,0.8943402948654856,0.9720317409223166,0.1714699125618578
dynamic_bucket16_m-3_recent128,21,32768,long-code,0.6644542548333079,0.7778397207185039,0.935326443569554,0.8742259268372703,0.7778397207185039,0.9313454279043488,0.3046188954682862
dynamic_bucket16_m-3_recent128,21,32768,long-text,0.6533000182826498,0.7931853366961942,0.9615731627296588,0.893188156167979,0.7931853366961942,0.940030098798468,0.295295225869351
dynamic_bucket16_m-3_recent128,25,8192,long-code,0.378835467504228,0.9477846641240156,0.9975803805774278,0.9900857119422573,0.9477846641240156,0.9943784255827012,0.121474214546835
dynamic_bucket16_m-3_recent128,25,8192,long-text,0.2180048661800486,0.9551665538877953,0.9961655183727034,0.9867792404855644,0.9551665538877953,0.9945912986425038,0.1000089764731204
dynamic_bucket16_m-3_recent128,25,16384,long-code,0.6404657933042213,0.9179187684547244,0.993909940944882,0.9779414780183728,0.9179187684547244,0.9788501136224508,0.1569470723227369
dynamic_bucket16_m-3_recent128,25,16384,long-text,0.614487117160914,0.937279568569554,0.9795972769028872,0.96973937828084,0.937279568569554,0.980380985087169,0.1277013922313999
dynamic_bucket16_m-3_recent128,25,32768,long-code,0.7426222019186843,0.7671346989829396,0.9392839566929134,0.8738004429133859,0.7671346989829396,0.9217095311955776,0.3298606801849378
dynamic_bucket16_m-3_recent128,25,32768,long-text,0.6977069947318737,0.767344877788714,0.9178149606299212,0.8538693405511811,0.767344877788714,0.9192224416401076,0.317326249943646
dynamic_bucket16_m-3_recent256,2,8192,long-code,0.3252662149080348,0.9307576177001312,0.9982365485564304,0.9831241797900262,0.9307576177001312,0.9952926067608374,0.1352707658053378
dynamic_bucket16_m-3_recent256,2,8192,long-text,0.2939328015470147,0.942639128116798,0.9995898950131232,0.9884555446194224,0.942639128116798,0.997083854128502,0.117482872222961
dynamic_bucket16_m-3_recent256,2,16384,long-code,0.676056338028169,0.8451661437828084,0.9885785761154856,0.9507105068897638,0.8451661437828084,0.9789286295184282,0.2803018247995504
dynamic_bucket16_m-3_recent256,2,16384,long-text,0.6254324734446131,0.8655829642388452,0.9853182414698164,0.9487932660761156,0.8655829642388452,0.9751633595752244,0.2404298373004007
dynamic_bucket16_m-3_recent256,2,32768,long-code,0.8384109188398733,0.7648598978838582,0.9519972112860892,0.8922500410104987,0.7648598978838582,0.9412408566968168,0.3720915340774179
dynamic_bucket16_m-3_recent256,2,32768,long-text,0.8185887870390108,0.7760365403543307,0.9530839895013123,0.8900047162073491,0.7760365403543307,0.9354257635901934,0.348038029761466
dynamic_bucket16_m-3_recent256,5,8192,long-code,0.4878993223620522,0.9207613086450132,0.9996104002624672,0.9920234580052494,0.9207613086450132,0.996267847624531,0.2088311408634958
dynamic_bucket16_m-3_recent256,5,8192,long-text,0.3407550822846079,0.937125779199475,0.9992002952755904,0.9907572588582676,0.937125779199475,0.995591696709178,0.1545478183244994
dynamic_bucket16_m-3_recent256,5,16384,long-code,0.7277591973244147,0.878301345144357,0.992905183727034,0.9737840387139108,0.878301345144357,0.9753967949010742,0.2675425596792175
dynamic_bucket16_m-3_recent256,5,16384,long-text,0.6740943683409437,0.8808914144520997,0.9930282152230973,0.9717899032152232,0.8808914144520997,0.9718797437340092,0.2441344394110831
dynamic_bucket16_m-3_recent256,5,32768,long-code,0.8499284213091286,0.7787765542979003,0.9584563648293964,0.9063166420603674,0.7787765542979003,0.9284107698430758,0.363016326745598
dynamic_bucket16_m-3_recent256,5,32768,long-text,0.8169880876214849,0.7751753198818898,0.958497375328084,0.9039124015748032,0.7751753198818898,0.926806633561952,0.3671364876948244
dynamic_bucket16_m-3_recent256,8,8192,long-code,0.4107532090094453,0.91307952960958,0.99973343175853,0.9913365321522308,0.91307952960958,0.9960307838484276,0.2043603631362673
dynamic_bucket16_m-3_recent256,8,8192,long-text,0.287378640776699,0.9332592581200788,0.9995488845144356,0.990347153871391,0.9332592581200788,0.9954557963940198,0.1514366690751072
dynamic_bucket16_m-3_recent256,8,16384,long-code,0.7466277798031353,0.9080262672244096,0.9963910761154856,0.984118684383202,0.9080262672244096,0.979857218207737,0.2135549806950473
dynamic_bucket16_m-3_recent256,8,16384,long-text,0.7305403764420157,0.8964074803149606,0.9927411417322834,0.9776236466535432,0.8964074803149606,0.9736611185331776,0.2325512798460262
dynamic_bucket16_m-3_recent256,8,32768,long-code,0.8344096502985257,0.7279004675196851,0.9217929790026248,0.8605437992125984,0.7279004675196851,0.8894287772735653,0.3993174163366456
dynamic_bucket16_m-3_recent256,8,32768,long-text,0.8036084359380714,0.7488440165682415,0.9236794619422573,0.8685152148950132,0.7488440165682415,0.9069163456600904,0.3697580629594166
dynamic_bucket16_m-3_recent256,11,8192,long-code,0.4079374624173181,0.9107752522145668,0.9981750328083988,0.9870919455380578,0.9107752522145668,0.9924538901304456,0.207260814617757
dynamic_bucket16_m-3_recent256,11,8192,long-text,0.2933301169943312,0.940919250328084,0.9997949475065616,0.9965243602362204,0.940919250328084,0.9958149230638236,0.1544821691618612
dynamic_bucket16_m-3_recent256,11,16384,long-code,0.6662608060392061,0.876346938566273,0.9937253937007874,0.9730919865485564,0.876346938566273,0.971896861802124,0.2534702811584643
dynamic_bucket16_m-3_recent256,11,16384,long-text,0.6156843643448612,0.8744578924704725,0.9912852690288714,0.9691754839238844,0.8744578924704725,0.9693389392586638,0.2402712543318191
dynamic_bucket16_m-3_recent256,11,32768,long-code,0.7884890335533721,0.783814437746063,0.9498646653543308,0.8940545029527559,0.783814437746063,0.9218595975664188,0.3274922721026
dynamic_bucket16_m-3_recent256,11,32768,long-text,0.7675636186533544,0.7704732098917323,0.951669127296588,0.8900047162073491,0.7704732098917323,0.9224163211517868,0.3449310547226691
dynamic_bucket16_m-3_recent256,14,8192,long-code,0.411051866214251,0.917489439796588,0.9964320866141732,0.9829396325459318,0.917489439796588,0.9902777046042108,0.1836190252440153
dynamic_bucket16_m-3_recent256,14,8192,long-text,0.2089480048367593,0.9503260334645668,0.9993643372703412,0.9920849737532808,0.9503260334645668,0.994340520570332,0.1096420637009171
dynamic_bucket16_m-3_recent256,14,16384,long-code,0.613703950961947,0.8528376701935696,0.9701853674540682,0.9359979904855644,0.8528376701935696,0.9552754454504726,0.2449542129643615
dynamic_bucket16_m-3_recent256,14,16384,long-text,0.5245901639344263,0.849846466945538,0.97682906824147,0.9347317913385826,0.849846466945538,0.9539894199541272,0.2408597331767747
dynamic_bucket16_m-3_recent256,14,32768,long-code,0.7546387983303373,0.6942846743766404,0.9020669291338582,0.8180825541338582,0.6942846743766404,0.8793448917625731,0.4169260341728436
dynamic_bucket16_m-3_recent256,14,32768,long-text,0.7020965382740127,0.7223435449475065,0.9183275918635172,0.8394080134514436,0.7223435449475065,0.8972855825661424,0.3824121357237024
dynamic_bucket16_m-3_recent256,17,8192,long-code,0.3488372093023255,0.907234251968504,0.9915108267716536,0.9717591453412072,0.907234251968504,0.9907047091089588,0.1741457892042041
dynamic_bucket16_m-3_recent256,17,8192,long-text,0.2719106579266812,0.928345687746063,0.9895628280839897,0.9727587762467192,0.928345687746063,0.9918266061319634,0.130905508107165
dynamic_bucket16_m-3_recent256,17,16384,long-code,0.5916915029499422,0.841802001312336,0.962659940944882,0.9241767142388452,0.841802001312336,0.9687803467146184,0.2504861544269528
dynamic_bucket16_m-3_recent256,17,16384,long-text,0.5254196059352956,0.8365770074639107,0.9661663385826772,0.923597440944882,0.8365770074639107,0.955260086858643,0.2470726336207636
dynamic_bucket16_m-3_recent256,17,32768,long-code,0.7583538944226141,0.7333881848753281,0.8955257545931758,0.8337178067585301,0.7333881848753281,0.9100197062183056,0.3575098854363301
dynamic_bucket16_m-3_recent256,17,32768,long-text,0.7227786064351162,0.7116000758694225,0.8772965879265092,0.809203781167979,0.7116000758694225,0.8926243820819442,0.3737608412223994
dynamic_bucket16_m-3_recent256,21,8192,long-code,0.2162684045377745,0.95509094078084,0.9986876640419948,0.9915108267716536,0.95509094078084,0.9967582152051372,0.0933127988601595
dynamic_bucket16_m-3_recent256,21,8192,long-text,0.1386782231852654,0.9668276328740156,0.9952017716535432,0.9864716617454068,0.9668276328740156,0.9949355943273136,0.0575938445609753
dynamic_bucket16_m-3_recent256,21,16384,long-code,0.4867660480681473,0.8805915251804461,0.973630249343832,0.9475526984908136,0.8805915251804461,0.9771319627876526,0.1943671111072289
dynamic_bucket16_m-3_recent256,21,16384,long-text,0.4976309075446482,0.8942339238845144,0.9791666666666666,0.9499876968503936,0.8942339238845144,0.9720951139240948,0.1717820257596241
dynamic_bucket16_m-3_recent256,21,32768,long-code,0.6643531202435312,0.7788290989993438,0.9355725065616798,0.8747385580708661,0.7788290989993438,0.9316879333655445,0.3031946652402736
dynamic_bucket16_m-3_recent256,21,32768,long-text,0.6513498689743433,0.7951218011811023,0.9623523622047244,0.894536376312336,0.7951218011811023,0.9407847777866528,0.2926996171395478
dynamic_bucket16_m-3_recent256,25,8192,long-code,0.378835467504228,0.9477846641240156,0.9975803805774278,0.9900857119422573,0.9477846641240156,0.9943784255827012,0.121474214546835
dynamic_bucket16_m-3_recent256,25,8192,long-text,0.2180048661800486,0.9551665538877953,0.9961655183727034,0.9867792404855644,0.9551665538877953,0.9945912986425038,0.1000089764731204
dynamic_bucket16_m-3_recent256,25,16384,long-code,0.6369318526609624,0.9180020710301836,0.9939304461942258,0.9778389517716536,0.9180020710301836,0.9788209318574278,0.1560819183267786
dynamic_bucket16_m-3_recent256,25,16384,long-text,0.6139647844565878,0.9393570066437008,0.9797613188976378,0.970467314632546,0.9393570066437008,0.9809323907119022,0.1237600895422694
dynamic_bucket16_m-3_recent256,25,32768,long-code,0.7425769710996741,0.7674243356299213,0.9388943569553806,0.8734467273622047,0.7674243356299213,0.9216460909294372,0.3290892010927968
dynamic_bucket16_m-3_recent256,25,32768,long-text,0.6938303185334065,0.7682394192913385,0.917855971128609,0.8541974245406824,0.7682394192913385,0.9195071694710923,0.3157172709609815
dynamic_bucket16_m-3_recent512,2,8192,long-code,0.3252662149080348,0.9307576177001312,0.9982365485564304,0.9831241797900262,0.9307576177001312,0.9952926067608374,0.1352707658053378
dynamic_bucket16_m-3_recent512,2,8192,long-text,0.2939328015470147,0.942639128116798,0.9995898950131232,0.9884555446194224,0.942639128116798,0.997083854128502,0.117482872222961
dynamic_bucket16_m-3_recent512,2,16384,long-code,0.676056338028169,0.8451661437828084,0.9885785761154856,0.9507105068897638,0.8451661437828084,0.9789286295184282,0.2803018247995504
dynamic_bucket16_m-3_recent512,2,16384,long-text,0.6254324734446131,0.8655829642388452,0.9853182414698164,0.9487932660761156,0.8655829642388452,0.9751633595752244,0.2404298373004007
dynamic_bucket16_m-3_recent512,2,32768,long-code,0.8381300441601949,0.7668642860072179,0.952407316272966,0.8932342929790026,0.7668642860072179,0.9418803523011882,0.3696529489590573
dynamic_bucket16_m-3_recent512,2,32768,long-text,0.8185389323670027,0.7768183029855643,0.953371062992126,0.8904865895669292,0.7768183029855643,0.9357370292320484,0.346848357731383
dynamic_bucket16_m-3_recent512,5,8192,long-code,0.4878993223620522,0.9207613086450132,0.9996104002624672,0.9920234580052494,0.9207613086450132,0.996267847624531,0.2088311408634958
dynamic_bucket16_m-3_recent512,5,8192,long-text,0.3407550822846079,0.937125779199475,0.9992002952755904,0.9907572588582676,0.937125779199475,0.995591696709178,0.1545478183244994
dynamic_bucket16_m-3_recent512,5,16384,long-code,0.7238674369109152,0.881114409038714,0.993048720472441,0.974378690944882,0.881114409038714,0.9760176121982131,0.2624090189801572
dynamic_bucket16_m-3_recent512,5,16384,long-text,0.6661796932067202,0.8868148683562992,0.9935203412073492,0.973368807414698,0.8868148683562992,0.9735988356374108,0.2335940741578829
dynamic_bucket16_m-3_recent512,5,32768,long-code,0.8421309128567512,0.7814781208989501,0.9583128280839897,0.9068805364173228,0.7814781208989501,0.9292904881904248,0.3583375199996512
dynamic_bucket16_m-3_recent512,5,32768,long-text,0.8125932466583442,0.7782254757217848,0.9588049540682416,0.9051991059711286,0.7782254757217848,0.9280407710261788,0.3628999734437348
dynamic_bucket16_m-3_recent512,8,8192,long-code,0.4107532090094453,0.91307952960958,0.99973343175853,0.9913365321522308,0.91307952960958,0.9960307838484276,0.2043603631362673
dynamic_bucket16_m-3_recent512,8,8192,long-text,0.287378640776699,0.9332592581200788,0.9995488845144356,0.990347153871391,0.9332592581200788,0.9954557963940198,0.1514366690751072
dynamic_bucket16_m-3_recent512,8,16384,long-code,0.740064512202544,0.9119837803477692,0.9964936023622047,0.9845749261811024,0.9119837803477692,0.9806922759662974,0.204394329821581
dynamic_bucket16_m-3_recent512,8,16384,long-text,0.720896249391135,0.9026654260990814,0.9952837926509186,0.9805353920603674,0.9026654260990814,0.9763619029101026,0.2214183713017531
dynamic_bucket16_m-3_recent512,8,32768,long-code,0.8266114292676983,0.7297869504593176,0.9222851049868768,0.8614203986220472,0.7297869504593176,0.8904218942336849,0.3962671732076465
dynamic_bucket16_m-3_recent512,8,32768,long-text,0.7958064122881873,0.7505318549048556,0.9244176509186351,0.869504593175853,0.7505318549048556,0.9078626703802196,0.3669163364235983
dynamic_bucket16_m-3_recent512,11,8192,long-code,0.4079374624173181,0.9107752522145668,0.9981750328083988,0.9870919455380578,0.9107752522145668,0.9924538901304456,0.207260814617757
dynamic_bucket16_m-3_recent512,11,8192,long-text,0.2933301169943312,0.940919250328084,0.9997949475065616,0.9965243602362204,0.940919250328084,0.9958149230638236,0.1544821691618612
dynamic_bucket16_m-3_recent512,11,16384,long-code,0.6662202471540757,0.8796111179461942,0.993766404199475,0.97386093339895,0.8796111179461942,0.9727961862513256,0.2474522905448204
dynamic_bucket16_m-3_recent512,11,16384,long-text,0.6156843643448612,0.8744578924704725,0.9912852690288714,0.9691754839238844,0.8744578924704725,0.9693389392586638,0.2402712543318191
dynamic_bucket16_m-3_recent512,11,32768,long-code,0.7829341772922309,0.7863288939468503,0.94996719160105,0.8947465551181102,0.7863288939468503,0.9227931267166,0.3228060963474502
dynamic_bucket16_m-3_recent512,11,32768,long-text,0.7648080968204127,0.7727595451935696,0.951648622047244,0.890876189304462,0.7727595451935696,0.9233026824511624,0.3417386112695919
dynamic_bucket16_m-3_recent512,14,8192,long-code,0.411051866214251,0.917489439796588,0.9964320866141732,0.9829396325459318,0.917489439796588,0.9902777046042108,0.1836190252440153
dynamic_bucket16_m-3_recent512,14,8192,long-text,0.2089480048367593,0.9503260334645668,0.9993643372703412,0.9920849737532808,0.9503260334645668,0.994340520570332,0.1096420637009171
dynamic_bucket16_m-3_recent512,14,16384,long-code,0.6099308000485614,0.8554918184055118,0.971190124671916,0.9377870734908136,0.8554918184055118,0.9563903395835288,0.2413855458847989
dynamic_bucket16_m-3_recent512,14,16384,long-text,0.5240810384568725,0.8516060736548556,0.9770751312335958,0.9357109169947506,0.8516060736548556,0.9546529264722274,0.2388832474560219
dynamic_bucket16_m-3_recent512,14,32768,long-code,0.7498022031525775,0.6968042568897638,0.9033587598425196,0.8197588582677166,0.6968042568897638,0.8806948828966443,0.4134451961478562
dynamic_bucket16_m-3_recent512,14,32768,long-text,0.6995280864667377,0.7234303231627297,0.9184301181102362,0.8397976131889764,0.7234303231627297,0.8977353561671988,0.3807222833088146
dynamic_bucket16_m-3_recent512,17,8192,long-code,0.3488372093023255,0.907234251968504,0.9915108267716536,0.9717591453412072,0.907234251968504,0.9907047091089588,0.1741457892042041
dynamic_bucket16_m-3_recent512,17,8192,long-text,0.2719106579266812,0.928345687746063,0.9895628280839897,0.9727587762467192,0.928345687746063,0.9918266061319634,0.130905508107165
dynamic_bucket16_m-3_recent512,17,16384,long-code,0.5916915029499422,0.843493684383202,0.9632956036745408,0.925417281824147,0.843493684383202,0.9691021784665588,0.2486361036669286
dynamic_bucket16_m-3_recent512,17,16384,long-text,0.5254196059352956,0.8396271633038058,0.966781496062992,0.925550565944882,0.8396271633038058,0.9564916578818664,0.2437387293054512
dynamic_bucket16_m-3_recent512,17,32768,long-code,0.7505559109324074,0.7353695045931758,0.895628280839895,0.8344867536089239,0.7353695045931758,0.910708510179364,0.3542292137691011
dynamic_bucket16_m-3_recent512,17,32768,long-text,0.7149423188141113,0.7131879511154856,0.8767429461942258,0.8093934547244095,0.7131879511154856,0.893137803147173,0.3711051032985311
dynamic_bucket16_m-3_recent512,21,8192,long-code,0.2162423072281887,0.9559457533628608,0.9986876640419948,0.9915364583333334,0.9559457533628608,0.996797623737352,0.0913747466245637
dynamic_bucket16_m-3_recent512,21,8192,long-text,0.1386782231852654,0.9668276328740156,0.9952017716535432,0.9864716617454068,0.9668276328740156,0.9949355943273136,0.0575938445609753
dynamic_bucket16_m-3_recent512,21,16384,long-code,0.4829013021784106,0.8855204744914699,0.9779363517060368,0.9519356955380578,0.8855204744914699,0.978622237715586,0.1883931255546062
dynamic_bucket16_m-3_recent512,21,16384,long-text,0.4967859308671922,0.8981132607447506,0.979863845144357,0.9520946112204725,0.8981132607447506,0.9734302283006006,0.1664381775303793
dynamic_bucket16_m-3_recent512,21,32768,long-code,0.6566000974184121,0.7815204129757218,0.936761811023622,0.8766711778215223,0.7815204129757218,0.9327782757988584,0.299739170169539
dynamic_bucket16_m-3_recent512,21,32768,long-text,0.6473706660166961,0.7968045132053806,0.9633981299212598,0.8958589648950132,0.7968045132053806,0.9415531352530204,0.290002599149708
dynamic_bucket16_m-3_recent512,25,8192,long-code,0.378835467504228,0.9477846641240156,0.9975803805774278,0.9900857119422573,0.9477846641240156,0.9943784255827012,0.121474214546835
dynamic_bucket16_m-3_recent512,25,8192,long-text,0.2180048661800486,0.9551665538877953,0.9961655183727034,0.9867792404855644,0.9551665538877953,0.9945912986425038,0.1000089764731204
dynamic_bucket16_m-3_recent512,25,16384,long-code,0.6253565576257814,0.9205421587926508,0.9939714566929134,0.9782182988845144,0.9205421587926508,0.9794191556746302,0.1505440695815872
dynamic_bucket16_m-3_recent512,25,16384,long-text,0.6038470903335769,0.9418330155019684,0.9803764763779528,0.9719539452099738,0.9418330155019684,0.9817575470835695,0.1195459561624668
dynamic_bucket16_m-3_recent512,25,32768,long-code,0.7371789011792669,0.7682227587762467,0.9387713254593176,0.8734569799868767,0.7682227587762467,0.9218242370127908,0.3274968782441668
dynamic_bucket16_m-3_recent512,25,32768,long-text,0.6860971524288106,0.7686956610892388,0.9189017388451444,0.8549458661417323,0.7686956610892388,0.9199670642609752,0.3148087473272353
dynamic_bucket16_m-3_refresh16,2,8192,long-code,0.201233522795985,0.979966371391076,0.9997949475065616,0.9977239173228346,0.979966371391076,0.998920539172216,0.0509074868846393
dynamic_bucket16_m-3_refresh16,2,8192,long-text,0.1539386650631389,0.9845505761975064,0.9999589895013123,0.9983903379265092,0.9845505761975064,0.999425939844384,0.0398241242610372
dynamic_bucket16_m-3_refresh16,2,16384,long-code,0.5167557066537154,0.9399798535925196,0.9992002952755904,0.991577468832021,0.9399798535925196,0.9946513877832616,0.14071073341103
dynamic_bucket16_m-3_refresh16,2,16384,long-text,0.46795028028272,0.9509847645997376,0.9988106955380578,0.990608595800525,0.9509847645997376,0.9936984792588972,0.1134134126498481
dynamic_bucket16_m-3_refresh16,2,32768,long-code,0.7407858665854401,0.891602844078084,0.9940739829396326,0.9712567667322834,0.891602844078084,0.9813955632467056,0.210885413541351
dynamic_bucket16_m-3_refresh16,2,32768,long-text,0.7021393307734504,0.903078094242126,0.9934793307086616,0.9723384186351706,0.903078094242126,0.9804741698792806,0.1859208476766018
dynamic_bucket16_m-3_refresh16,5,8192,long-code,0.3561577546576336,0.972282029199475,1.0,0.9986107693569554,0.972282029199475,0.9989680532691256,0.0937297567399758
dynamic_bucket16_m-3_refresh16,5,8192,long-text,0.2325863113264688,0.9751771140912072,0.9998564632545932,0.9976470226377953,0.9751771140912072,0.9986496684330743,0.0743189440022125
dynamic_bucket16_m-3_refresh16,5,16384,long-code,0.6311944478266163,0.9527648765583988,0.9989952427821522,0.99440719324147,0.9527648765583988,0.9929888257891784,0.1308218726483495
dynamic_bucket16_m-3_refresh16,5,16384,long-text,0.5693048193505148,0.9521753506397638,0.9984621062992126,0.9923361630577427,0.9521753506397638,0.991151289260044,0.120720367781373
dynamic_bucket16_m-3_refresh16,5,32768,long-code,0.758330795004569,0.9088810798064304,0.9935613517060368,0.9784951197506562,0.9088810798064304,0.980017884268874,0.1910619649734219
dynamic_bucket16_m-3_refresh16,5,32768,long-text,0.7258353856912645,0.8882681779035433,0.9876558398950132,0.9650334235564304,0.8882681779035433,0.9714557064761078,0.213680510854521
dynamic_bucket16_m-3_refresh16,8,8192,long-code,0.2638535224930277,0.9727651841371392,1.0,0.998539000984252,0.9727651841371392,0.999023754912392,0.0800435424064539
dynamic_bucket16_m-3_refresh16,8,8192,long-text,0.1464354527938343,0.979751066272966,0.9998359580052494,0.9978930856299212,0.979751066272966,0.998773571491552,0.0576249161952711
dynamic_bucket16_m-3_refresh16,8,16384,long-code,0.6819288845591817,0.9659625676673228,0.9993438320209974,0.996211655183727,0.9659625676673228,0.9940340279507406,0.0975164396691686
dynamic_bucket16_m-3_refresh16,8,16384,long-text,0.6525459731747284,0.9579578309547244,0.9970267388451444,0.9917722687007874,0.9579578309547244,0.9905441935488016,0.1128801096856451
dynamic_bucket16_m-3_refresh16,8,32768,long-code,0.7337927669695676,0.8866905552821522,0.9832677165354332,0.9599942585301836,0.8866905552821522,0.966479985326386,0.2043055236494856
dynamic_bucket16_m-3_refresh16,8,32768,long-text,0.7067508617796894,0.8799635519192913,0.9798228346456692,0.95435531496063,0.8799635519192913,0.9660059040295196,0.2101608066624637
dynamic_bucket16_m-3_refresh16,11,8192,long-code,0.2233453670276775,0.9746760170603674,0.9998974737532808,0.998421095800525,0.9746760170603674,0.9985133851931072,0.0763763123446574
dynamic_bucket16_m-3_refresh16,11,8192,long-text,0.186249545289196,0.9798689714566928,0.9999794947506562,0.9993284530839897,0.9798689714566928,0.9988532046771188,0.0654954394157719
dynamic_bucket16_m-3_refresh16,11,16384,long-code,0.534960341671751,0.9558419455380578,0.999528379265092,0.9957964238845144,0.9558419455380578,0.9930091588958316,0.1188170727447941
dynamic_bucket16_m-3_refresh16,11,16384,long-text,0.4942535725144421,0.9503747334317584,0.9989337270341208,0.9928539206036744,0.9503747334317584,0.990946889208356,0.1189133155560772
dynamic_bucket16_m-3_refresh16,11,32768,long-code,0.6849081843609388,0.9165846456692912,0.992659120734908,0.9755526164698164,0.9165846456692912,0.9788528054461054,0.164067192246462
dynamic_bucket16_m-3_refresh16,11,32768,long-text,0.6558096980786825,0.90895797449147,0.9947711614173228,0.9766906578083988,0.90895797449147,0.9791493109546358,0.1772304311982988
dynamic_bucket16_m-3_refresh16,14,8192,long-code,0.2491484184914841,0.972407623851706,0.9996719160104988,0.9974983595800524,0.972407623851706,0.9976894616900192,0.0789398906651335
dynamic_bucket16_m-3_refresh16,14,8192,long-text,0.1078478574867597,0.985596343914042,0.9999794947506562,0.9988824639107612,0.985596343914042,0.998753762811356,0.042704643510893
dynamic_bucket16_m-3_refresh16,14,16384,long-code,0.4730687670402907,0.9510770382217848,0.9967601706036744,0.987563566272966,0.9510770382217848,0.9896773088302964,0.1067602817722537
dynamic_bucket16_m-3_refresh16,14,16384,long-text,0.3919476109628911,0.9485523293963256,0.9977034120734908,0.9878762713254592,0.9485523293963256,0.9892826362381693,0.1066699443659504
dynamic_bucket16_m-3_refresh16,14,32768,long-code,0.6163974398049374,0.8687394910597113,0.9783259514435696,0.943615690616798,0.8687394910597113,0.9620006174133195,0.2170624802256887
dynamic_bucket16_m-3_refresh16,14,32768,long-text,0.5681451980664579,0.8757997047244095,0.97875656167979,0.9475424458661418,0.8757997047244095,0.9656110537193588,0.2045651593157541
dynamic_bucket16_m-3_refresh16,17,8192,long-code,0.1771146673083864,0.970212280593832,0.9990567585301836,0.9947045193569554,0.970212280593832,0.9979172992387192,0.0707617750847634
dynamic_bucket16_m-3_refresh16,17,8192,long-text,0.1008607103891381,0.981322281003937,0.9984826115485564,0.9956375082020996,0.981322281003937,0.998410291423964,0.0440371297640365
dynamic_bucket16_m-3_refresh16,17,16384,long-code,0.4472804618656943,0.9389187069389764,0.9928231627296588,0.9803303395669292,0.9389187069389764,0.9906173717814536,0.1198624468468358
dynamic_bucket16_m-3_refresh16,17,16384,long-text,0.3608366171567141,0.9400439324967192,0.9947096456692912,0.9808788549868768,0.9400439324967192,0.9876796581203404,0.1113405282508805
dynamic_bucket16_m-3_refresh16,17,32768,long-code,0.6249125475285171,0.8884514435695539,0.9783054461942258,0.949234128937008,0.8884514435695539,0.9720018059369628,0.1818477941260247
dynamic_bucket16_m-3_refresh16,17,32768,long-text,0.5812684770351406,0.8675694102690289,0.9654076443569554,0.9324044455380578,0.8675694102690289,0.9617536606180548,0.2020058126244051
dynamic_bucket16_m-3_refresh16,21,8192,long-code,0.0934306569343065,0.986333251312336,0.9999179790026248,0.998774811351706,0.986333251312336,0.9992196519618224,0.0364131079047368
dynamic_bucket16_m-3_refresh16,21,8192,long-text,0.0692474152440491,0.9922900262467192,0.99876968503937,0.997329191272966,0.9922900262467192,0.998882022537822,0.0165622542220777
dynamic_bucket16_m-3_refresh16,21,16384,long-code,0.3356711593584192,0.9523304215879264,0.9955298556430446,0.9871380823490814,0.9523304215879264,0.9932057621470664,0.0960284080197682
dynamic_bucket16_m-3_refresh16,21,16384,long-text,0.3842794759825327,0.9507758673720472,0.9940944881889764,0.9822168225065616,0.9507758673720472,0.9887750430292244,0.0926409590963876
dynamic_bucket16_m-3_refresh16,21,32768,long-code,0.533236027488901,0.9004316354986877,0.9814837598425196,0.957533628608924,0.9004316354986877,0.9754546061059748,0.1647386427238936
dynamic_bucket16_m-3_refresh16,21,32768,long-text,0.5312091453589127,0.899531967683727,0.9883120078740156,0.959845595472441,0.899531967683727,0.9757029019033352,0.1662747737881002
dynamic_bucket16_m-3_refresh16,25,8192,long-code,0.2718776550552251,0.980220123851706,0.9995488845144356,0.997795685695538,0.980220123851706,0.998356058908875,0.0574188051457999
dynamic_bucket16_m-3_refresh16,25,8192,long-text,0.1082517820466352,0.984366028953412,0.9987081692913384,0.9964833497375328,0.984366028953412,0.9983010567841,0.0410862924537099
dynamic_bucket16_m-3_refresh16,25,16384,long-code,0.5567926020563363,0.9710914431594488,0.9987491797900262,0.9947198982939632,0.9710914431594488,0.9940194653271128,0.0686749930747415
dynamic_bucket16_m-3_refresh16,25,16384,long-text,0.5302790300962593,0.9696676099081364,0.9928026574803148,0.9883017552493438,0.9696676099081364,0.991927761990809,0.0738699256280439
dynamic_bucket16_m-3_refresh16,25,32768,long-code,0.6239527160832343,0.8925576197506562,0.9852772309711286,0.9555394931102362,0.8925576197506562,0.9716539006065856,0.1785031175856753
dynamic_bucket16_m-3_refresh16,25,32768,long-text,0.5559789069405919,0.8929625984251969,0.9758858267716536,0.9483831610892388,0.8929625984251969,0.9698386703061804,0.1726687301416409
dynamic_bucket16_m-3_refresh2,2,8192,long-code,0.0232052211747643,0.9973625123031497,1.0,0.9997898211942258,0.9973625123031497,0.9998950117640172,0.0118655106402094
dynamic_bucket16_m-3_refresh2,2,8192,long-text,0.0154589371980676,0.9979494750656168,1.0,0.9998462106299212,0.9979494750656168,0.9999403336166732,0.0096586975995451
dynamic_bucket16_m-3_refresh2,2,16384,long-code,0.2497256432142421,0.9895461675688976,0.9999589895013123,0.9992413057742782,0.9895461675688976,0.9992213635263408,0.0405704321181059
dynamic_bucket16_m-3_refresh2,2,16384,long-text,0.1516587677725118,0.991938873851706,0.9999384842519684,0.9993797162073492,0.991938873851706,0.9992411741440568,0.0323826412403361
dynamic_bucket16_m-3_refresh2,2,32768,long-code,0.4526553258947625,0.9789077878937008,0.9995693897637796,0.996314181430446,0.9789077878937008,0.9971044870944512,0.0648524420035468
dynamic_bucket16_m-3_refresh2,2,32768,long-text,0.3501945525291828,0.9818861753608924,0.9996514107611548,0.9974624753937008,0.9818861753608924,0.9973208803524688,0.0587931562167615
dynamic_bucket16_m-3_refresh2,5,8192,long-code,0.0926193921852387,0.9957592581200788,1.0,0.9999128526902888,0.9957592581200788,0.9998462607998284,0.0234249535036737
dynamic_bucket16_m-3_refresh2,5,8192,long-text,0.0,0.9962770156660103,1.0,0.9998103264435696,0.9962770156660103,0.9998793805701284,0.0182115067941697
dynamic_bucket16_m-3_refresh2,5,16384,long-code,0.3648271679805943,0.9921041974245408,1.0,0.9996052739501312,0.9921041974245408,0.9991727197666168,0.0337367830103817
dynamic_bucket16_m-3_refresh2,5,16384,long-text,0.186069049061175,0.991710752952756,0.9996924212598424,0.9990721374671916,0.991710752952756,0.9987756462125906,0.031744911718203
dynamic_bucket16_m-3_refresh2,5,32768,long-code,0.4809248554913294,0.9842083948490814,0.9997949475065616,0.9979648540026248,0.9842083948490814,0.997560372501177,0.0506618590428259
dynamic_bucket16_m-3_refresh2,5,32768,long-text,0.2890095807652407,0.9797831057250656,0.9984416010498688,0.995381192585302,0.9797831057250656,0.9959095270553976,0.0580182367236512
dynamic_bucket16_m-3_refresh2,8,8192,long-code,0.038712799419308,0.9964167076771654,1.0,0.9999128526902888,0.9964167076771654,0.9998991891667208,0.0174224435557091
dynamic_bucket16_m-3_refresh2,8,8192,long-text,0.0077108433734939,0.9974317175196852,1.0,0.9998513369422573,0.9974317175196852,0.9999158622174604,0.0122082770567509
dynamic_bucket16_m-3_refresh2,8,16384,long-code,0.3661594643944005,0.9940470697998688,1.0,0.9997129265091864,0.9940470697998688,0.9992350434971036,0.0257720030736583
dynamic_bucket16_m-3_refresh2,8,16384,long-text,0.2145294978059483,0.9923400077919948,0.9998974737532808,0.99903625328084,0.9923400077919948,0.9986561259261956,0.0303861771222365
dynamic_bucket16_m-3_refresh2,8,32768,long-code,0.370122359530042,0.980222687007874,0.9986056430446194,0.9953914452099738,0.980222687007874,0.9955171410730126,0.053050384821481
dynamic_bucket16_m-3_refresh2,8,32768,long-text,0.3369036027263875,0.9782054831036744,0.9981135170603674,0.9944482037401576,0.9782054831036744,0.9951407427213412,0.0568797788720014
dynamic_bucket16_m-3_refresh2,11,8192,long-code,0.0467722289890377,0.9967806758530184,1.0,0.9999487368766404,0.9967806758530184,0.9998871910243032,0.0169099987690574
dynamic_bucket16_m-3_refresh2,11,8192,long-text,0.023250181642044,0.9976470226377953,1.0,0.9999384842519684,0.9976470226377953,0.9998909244361124,0.0136286747386869
dynamic_bucket16_m-3_refresh2,11,16384,long-code,0.2846697538386546,0.993283249261811,0.9999794947506562,0.999769315944882,0.993283249261811,0.9992530440646064,0.0308603485513881
dynamic_bucket16_m-3_refresh2,11,16384,long-text,0.1402142161635832,0.9927014128116798,0.9999794947506562,0.9995540108267716,0.9927014128116798,0.9990541035743192,0.0300737280072836
dynamic_bucket16_m-3_refresh2,11,32768,long-code,0.3839220462850182,0.986073090961286,0.9995488845144356,0.997811064632546,0.986073090961286,0.9974667635837456,0.0464690162996457
dynamic_bucket16_m-3_refresh2,11,32768,long-text,0.2979914790018259,0.9832959112532808,0.9995898950131232,0.9975342437664042,0.9832959112532808,0.9971654710781794,0.0524731848906378
dynamic_bucket16_m-3_refresh2,14,8192,long-code,0.0231548480463097,0.9962039657152232,0.9999589895013123,0.9998615895669292,0.9962039657152232,0.9997690991488892,0.0180295323966383
dynamic_bucket16_m-3_refresh2,14,8192,long-text,0.0,0.998301909038714,1.0,0.9999641158136484,0.998301909038714,0.9999162277231388,0.0086098776726343
dynamic_bucket16_m-3_refresh2,14,16384,long-code,0.2187233003783717,0.9927283259514436,0.9999179790026248,0.9992259268372704,0.9927283259514436,0.9989622159403664,0.0270625649310736
dynamic_bucket16_m-3_refresh2,14,16384,long-text,0.1589532347952508,0.9926129839238844,0.999876968503937,0.9990054954068242,0.9926129839238844,0.9988718947655147,0.0255748905888679
dynamic_bucket16_m-3_refresh2,14,32768,long-code,0.3269675221992458,0.9800765871062992,0.9988722112860892,0.9950428559711286,0.9800765871062992,0.9959907554556908,0.0544119137765537
dynamic_bucket16_m-3_refresh2,14,32768,long-text,0.2921485088253195,0.9795562664041996,0.9986466535433072,0.9945917404855644,0.9795562664041996,0.9958737715267,0.0545055542487262
dynamic_bucket16_m-3_refresh2,17,8192,long-code,0.0,0.996703781167979,0.9999589895013123,0.99973343175853,0.996703781167979,0.9998465769714556,0.0125629822451273
dynamic_bucket16_m-3_refresh2,17,8192,long-text,0.0,0.9979353777066928,1.0,0.9998718421916012,0.9979353777066928,0.99990388669788,0.0082475647598672
dynamic_bucket16_m-3_refresh2,17,16384,long-code,0.1363359707851491,0.990978971866798,0.999753937007874,0.9985697588582676,0.990978971866798,0.998990884203486,0.0283025002713979
dynamic_bucket16_m-3_refresh2,17,16384,long-text,0.0818613716652454,0.9912493848425196,0.9995898950131232,0.9981955380577427,0.9912493848425196,0.9986121172911622,0.0264154273132343
dynamic_bucket16_m-3_refresh2,17,32768,long-code,0.2844098131125586,0.9829832062007874,0.9987081692913384,0.9957041502624672,0.9829832062007874,0.9970435079226272,0.0447133518662576
dynamic_bucket16_m-3_refresh2,17,32768,long-text,0.2575295695646872,0.979242279773622,0.9974573490813649,0.9932178887795275,0.979242279773622,0.99564016768791,0.050595072607141
dynamic_bucket16_m-3_refresh2,21,8192,long-code,0.0,0.9981583722933072,1.0,0.9999794947506562,0.9981583722933072,0.9999478313178496,0.0078463072852983
dynamic_bucket16_m-3_refresh2,21,8192,long-text,0.0,0.9986902271981628,0.9999794947506562,0.999882094816273,0.9986902271981628,0.9999353507198396,0.0045488917359107
dynamic_bucket16_m-3_refresh2,21,16384,long-code,0.0856343510521834,0.9929820784120736,0.999753937007874,0.99925155839895,0.9929820784120736,0.9993895745126832,0.0255029239923681
dynamic_bucket16_m-3_refresh2,21,16384,long-text,0.0507193367471348,0.992555312910105,0.9996514107611548,0.9983442011154856,0.992555312910105,0.9987019918267072,0.0234114044857936
dynamic_bucket16_m-3_refresh2,21,32768,long-code,0.2516306004266991,0.9855630228838582,0.9994463582677166,0.99705749671916,0.9855630228838582,0.9977208444637036,0.0424289042312949
dynamic_bucket16_m-3_refresh2,21,32768,long-text,0.1873741994510521,0.9831036745406824,0.999282316272966,0.9958835711942258,0.9831036745406824,0.9968974265940924,0.0440892632176945
dynamic_bucket16_m-3_refresh2,25,8192,long-code,0.0232333010648596,0.9969126783956692,1.0,0.9999026000656168,0.9969126783956692,0.9998329242454408,0.0140252221394763
dynamic_bucket16_m-3_refresh2,25,8192,long-text,0.0077015643802647,0.9980801960301836,0.9999589895013123,0.9998615895669292,0.9980801960301836,0.9999055269345944,0.0083266150821248
dynamic_bucket16_m-3_refresh2,25,16384,long-code,0.3391812865497076,0.9954760293635172,0.9999794947506562,0.9996975475721784,0.9954760293635172,0.9993570457712752,0.0171578174318391
dynamic_bucket16_m-3_refresh2,25,16384,long-text,0.2948593598448108,0.9954747477854332,0.9996719160104988,0.99925155839895,0.9954747477854332,0.9992588695747752,0.0201279004195774
dynamic_bucket16_m-3_refresh2,25,32768,long-code,0.3467251034818602,0.9837188320209974,0.9995488845144356,0.99633468667979,0.9837188320209974,0.9969655152794364,0.0437919760588189
dynamic_bucket16_m-3_refresh2,25,32768,long-text,0.299920881261031,0.9830062746062992,0.9979904855643044,0.9945712352362204,0.9830062746062992,0.9963215270732622,0.0439876583472663
dynamic_bucket16_m-3_refresh4,2,8192,long-code,0.1164624529904161,0.9933332308070866,1.0,0.999523252952756,0.9933332308070866,0.9997094589369032,0.0233436047659339
dynamic_bucket16_m-3_refresh4,2,8192,long-text,0.0779442211667276,0.99487625082021,1.0,0.9995488845144356,0.99487625082021,0.9998425993915148,0.018402921252761
dynamic_bucket16_m-3_refresh4,2,16384,long-code,0.3709579011592434,0.9754193323490814,0.999753937007874,0.997672654199475,0.9754193323490814,0.9980942506796672,0.0744649616576872
dynamic_bucket16_m-3_refresh4,2,16384,long-text,0.3305986022485566,0.9813568836122047,0.9998154527559056,0.9980161171259844,0.9813568836122047,0.998159880105234,0.058687316444354
dynamic_bucket16_m-3_refresh4,2,32768,long-code,0.6119739326390158,0.952882781742126,0.9990977690288714,0.9911571112204725,0.952882781742126,0.993214294336179,0.1167113513569004
dynamic_bucket16_m-3_refresh4,2,32768,long-text,0.5579297101228397,0.9591356012139108,0.9988312007874016,0.9927821522309712,0.9591356012139108,0.993431248103436,0.1042695170238249
dynamic_bucket16_m-3_refresh4,5,8192,long-code,0.2254068496478017,0.9905778379265092,1.0,0.999738558070866,0.9905778379265092,0.99967667128548,0.0429185210086467
dynamic_bucket16_m-3_refresh4,5,8192,long-text,0.1235819454501568,0.9908187746062992,0.9999384842519684,0.999395095144357,0.9908187746062992,0.9995871794105936,0.0353443172792173
dynamic_bucket16_m-3_refresh4,5,16384,long-code,0.5249407618931892,0.982535935449475,0.9999384842519684,0.9988106955380578,0.982535935449475,0.9979368421106366,0.0622175953709674
dynamic_bucket16_m-3_refresh4,5,16384,long-text,0.4601791481323503,0.9802636975065616,0.999282316272966,0.99729843339895,0.9802636975065616,0.9966874132122476,0.0620279094650784
dynamic_bucket16_m-3_refresh4,5,32768,long-code,0.6482990083905416,0.963009811761811,0.9990977690288714,0.994150877624672,0.963009811761811,0.993510611455062,0.098588646427245
dynamic_bucket16_m-3_refresh4,5,32768,long-text,0.6031495105490363,0.9514986774114174,0.99561187664042,0.9872713664698164,0.9514986774114174,0.989178973556918,0.1141869584534618
dynamic_bucket16_m-3_refresh4,8,8192,long-code,0.1473760756271966,0.9917325397801836,0.9999794947506562,0.999769315944882,0.9917325397801836,0.999759947337663,0.0337806599059453
dynamic_bucket16_m-3_refresh4,8,8192,long-text,0.0620305306518051,0.9940752645177166,0.9999794947506562,0.9995847687007874,0.9940752645177166,0.9997098724453084,0.0229045681534755
dynamic_bucket16_m-3_refresh4,8,16384,long-code,0.6054578532443906,0.9862807066108924,0.9998974737532808,0.998651779855643,0.9862807066108924,0.997833597351087,0.0489573963249048
dynamic_bucket16_m-3_refresh4,8,16384,long-text,0.561437709412123,0.9804174868766404,0.9988312007874016,0.9963859498031497,0.9804174868766404,0.9958157625456332,0.0623330531475802
dynamic_bucket16_m-3_refresh4,8,32768,long-code,0.6144280881411721,0.9543155860400262,0.9955708661417324,0.9874866715879264,0.9543155860400262,0.9886950776960316,0.1018728570808995
dynamic_bucket16_m-3_refresh4,8,32768,long-text,0.5906072973137602,0.9485651451771654,0.9935818569553806,0.9845082841207348,0.9485651451771654,0.9875790113180164,0.1116817093617289
dynamic_bucket16_m-3_refresh4,11,8192,long-code,0.1231953801732435,0.9921669947506562,1.0,0.999753937007874,0.9921669947506562,0.9996087687143466,0.0326051060108212
dynamic_bucket16_m-3_refresh4,11,8192,long-text,0.0926193921852387,0.9938573962434384,0.9999589895013123,0.9998308316929134,0.9938573962434384,0.9996688471411213,0.0283142075903152
dynamic_bucket16_m-3_refresh4,11,16384,long-code,0.4318278524101878,0.983522750574147,0.9999179790026248,0.9990772637795275,0.983522750574147,0.9978753141840732,0.0594602441642077
dynamic_bucket16_m-3_refresh4,11,16384,long-text,0.364738692858009,0.981456846702756,0.9995898950131232,0.998046875,0.981456846702756,0.9970626531110872,0.0591925380661815
dynamic_bucket16_m-3_refresh4,11,32768,long-code,0.5642881031285154,0.96656234621063,0.998523622047244,0.9935972358923884,0.96656234621063,0.9931171266926344,0.0866948685883204
dynamic_bucket16_m-3_refresh4,11,32768,long-text,0.5271185406625587,0.962175504429134,0.9987081692913384,0.9932332677165354,0.962175504429134,0.9928463474682654,0.0954143535543327
dynamic_bucket16_m-3_refresh4,14,8192,long-code,0.131289972245686,0.9914031742125984,0.9999384842519684,0.9996462844488188,0.9914031742125984,0.9994208903389208,0.0335076445721444
dynamic_bucket16_m-3_refresh4,14,8192,long-text,0.0465398133559568,0.9959438053641732,1.0,0.9998359580052494,0.9959438053641732,0.99972554708689,0.0170499537954781
dynamic_bucket16_m-3_refresh4,14,16384,long-code,0.3576504889752778,0.9828781167979004,0.9993848425196852,0.9971959071522308,0.9828781167979004,0.9971394481686622,0.050487785811069
dynamic_bucket16_m-3_refresh4,14,16384,long-text,0.2771407660404976,0.9819053990321522,0.9996104002624672,0.997072875656168,0.9819053990321522,0.9969074502838196,0.0498698327495613
dynamic_bucket16_m-3_refresh4,14,32768,long-code,0.4637963583216613,0.9521830401082676,0.996329560367454,0.985841125328084,0.9521830401082676,0.9890889458812164,0.1032098655087203
dynamic_bucket16_m-3_refresh4,14,32768,long-text,0.4237376048817696,0.9522086716699476,0.9952632874015748,0.9849132627952756,0.9522086716699476,0.9892357068829364,0.1029986496608795
dynamic_bucket16_m-3_refresh4,17,8192,long-code,0.06966618287373,0.9912327243274278,0.999753937007874,0.998779937664042,0.9912327243274278,0.9994262715897988,0.0274038216354747
dynamic_bucket16_m-3_refresh4,17,8192,long-text,0.0384707862466938,0.9946071194225722,0.999876968503937,0.9994207267060368,0.9946071194225722,0.9996544123038626,0.0175470919300648
dynamic_bucket16_m-3_refresh4,17,16384,long-code,0.3064428147160434,0.9777530860400262,0.998790190288714,0.9950941190944882,0.9777530860400262,0.9970772574274958,0.0561255692460668
dynamic_bucket16_m-3_refresh4,17,16384,long-text,0.2298794593936441,0.9792076771653544,0.99876968503937,0.9951351295931758,0.9792076771653544,0.9963747047734436,0.0508493516882215
dynamic_bucket16_m-3_refresh4,17,32768,long-code,0.4728488902401946,0.958270536007218,0.995488845144357,0.9871278297244096,0.958270536007218,0.9916979408024904,0.0884370615773042
dynamic_bucket16_m-3_refresh4,17,32768,long-text,0.4120339293342283,0.9510629408628608,0.9916338582677166,0.9808532234251968,0.9510629408628608,0.9882936203766772,0.0963916519694419
dynamic_bucket16_m-3_refresh4,21,8192,long-code,0.031223319917063,0.9959130474901576,1.0,0.9998718421916012,0.9959130474901576,0.9998374117859682,0.0149722616920971
dynamic_bucket16_m-3_refresh4,21,8192,long-text,0.0312118995366983,0.9975175832513123,0.9999589895013123,0.99951812664042,0.9975175832513123,0.999760873200813,0.0073719481206956
dynamic_bucket16_m-3_refresh4,21,16384,long-code,0.1941394163683795,0.983399719078084,0.9993848425196852,0.9974214648950132,0.983399719078084,0.9982063729737636,0.0465254487582977
dynamic_bucket16_m-3_refresh4,21,16384,long-text,0.2446156646241581,0.9808775734087928,0.9985646325459318,0.9946481299212598,0.9808775734087928,0.9961598877624284,0.0466291095557985
dynamic_bucket16_m-3_refresh4,21,32768,long-code,0.3903510109481259,0.9637313402230973,0.9970472440944882,0.9890707020997376,0.9637313402230973,0.9929710423815258,0.0807768692413979
dynamic_bucket16_m-3_refresh4,21,32768,long-text,0.3914313534566699,0.9584730253444882,0.9965346128608924,0.986830503608924,0.9584730253444882,0.9912743384861624,0.0858186739451097
dynamic_bucket16_m-3_refresh4,25,8192,long-code,0.1626331074540173,0.9928423864009186,0.9999794947506562,0.9995847687007874,0.9928423864009186,0.9995295989777608,0.0267315216133385
dynamic_bucket16_m-3_refresh4,25,8192,long-text,0.0464272760246644,0.9954593688484252,0.9997129265091864,0.999389968832021,0.9954593688484252,0.9996254426858622,0.0160495500583741
dynamic_bucket16_m-3_refresh4,25,16384,long-code,0.4778438751972805,0.9889886811023622,0.999876968503937,0.9988465797244096,0.9889886811023622,0.9981570192136596,0.0339217053580364
dynamic_bucket16_m-3_refresh4,25,16384,long-text,0.4275476739948985,0.9885888287401576,0.998052001312336,0.9968678231627296,0.9885888287401576,0.997474415559266,0.038123966689004
dynamic_bucket16_m-3_refresh4,25,32768,long-code,0.4759524535202681,0.9593188668799212,0.9971497703412072,0.9876558398950132,0.9593188668799212,0.991148040165576,0.0863769362441477
dynamic_bucket16_m-3_refresh4,25,32768,long-text,0.4207578755136204,0.9581628834481628,0.9921875,0.9832882217847768,0.9581628834481628,0.9894419469956944,0.085748315417161
dynamic_bucket16_m-3_refresh8,2,8192,long-code,0.1627118644067796,0.9881313053641732,0.9998564632545932,0.9988670849737532,0.9881313053641732,0.9994235940085124,0.034447504391535
dynamic_bucket16_m-3_refresh8,2,8192,long-text,0.1167599124300656,0.990472748523622,0.9999589895013123,0.9990670111548556,0.990472748523622,0.999665234963798,0.0280744679548502
dynamic_bucket16_m-3_refresh8,2,16384,long-code,0.4511698571862655,0.9585230068897638,0.9995898950131232,0.9952427821522308,0.9585230068897638,0.9965634150156664,0.1071941008061563
dynamic_bucket16_m-3_refresh8,2,16384,long-text,0.4051865830644671,0.9687679420931758,0.999507874015748,0.9958938238188976,0.9687679420931758,0.9965767313145574,0.0825629006026377
dynamic_bucket16_m-3_refresh8,2,32768,long-code,0.6835443037974683,0.9244548166830708,0.997436843832021,0.9834984005905512,0.9244548166830708,0.988322531790502,0.1628107103816393
dynamic_bucket16_m-3_refresh8,2,32768,long-text,0.6322529499649359,0.934553651984908,0.9977239173228346,0.985615567585302,0.934553651984908,0.9883873376726644,0.1433153016054065
dynamic_bucket16_m-3_refresh8,5,8192,long-code,0.301013024602026,0.9823808645013123,1.0,0.9993233267716536,0.9823808645013123,0.9993761932961348,0.066919803581316
dynamic_bucket16_m-3_refresh8,5,8192,long-text,0.185956416464891,0.9841609764599738,0.9999384842519684,0.998785063976378,0.9841609764599738,0.9992421147175596,0.0531511621308907
dynamic_bucket16_m-3_refresh8,5,16384,long-code,0.5818534456633735,0.969725280921916,0.999630905511811,0.997308686023622,0.969725280921916,0.996023750100178,0.0933795321725967
dynamic_bucket16_m-3_refresh8,5,16384,long-text,0.5209257122031221,0.9671569984416012,0.9989337270341208,0.9953299294619422,0.9671569984416012,0.9942586403393228,0.0905661902992263
dynamic_bucket16_m-3_refresh8,5,32768,long-code,0.7139069214592667,0.9373423658956692,0.9972112860892388,0.9877737450787402,0.9373423658956692,0.9876656235903244,0.1444881338046914
dynamic_bucket16_m-3_refresh8,5,32768,long-text,0.6707900429602998,0.922353028625328,0.9923720472440944,0.9780696358267716,0.922353028625328,0.9816299206521129,0.1626830343369252
dynamic_bucket16_m-3_refresh8,8,8192,long-code,0.2030010979626693,0.9842801632217848,0.9999589895013123,0.9994002214566928,0.9842801632217848,0.999497336568391,0.0528400441823411
dynamic_bucket16_m-3_refresh8,8,8192,long-text,0.1079518072289156,0.9882453658136484,0.9999179790026248,0.9989747375328084,0.9882453658136484,0.999339670895798,0.0379897436265626
dynamic_bucket16_m-3_refresh8,8,16384,long-code,0.6464253118344996,0.9772084153543308,0.9998564632545932,0.9977598015091864,0.9772084153543308,0.9963124254660172,0.0718389131664371
dynamic_bucket16_m-3_refresh8,8,16384,long-text,0.6186018237082067,0.9689409551345144,0.9974983595800524,0.9939919619422573,0.9689409551345144,0.9930464535267236,0.0889794314533593
dynamic_bucket16_m-3_refresh8,8,32768,long-code,0.6813910921293471,0.921652005413386,0.9904035433070866,0.9750758694225722,0.921652005413386,0.978428745888948,0.1526362680477692
dynamic_bucket16_m-3_refresh8,8,32768,long-text,0.6586086162277363,0.9183147760826772,0.989255249343832,0.9733380495406824,0.9183147760826772,0.978936823166862,0.1574934272467613
dynamic_bucket16_m-3_refresh8,11,8192,long-code,0.1701099432161411,0.9843237368766404,0.9999794947506562,0.9993130741469816,0.9843237368766404,0.9991388410787356,0.0535346708326432
dynamic_bucket16_m-3_refresh8,11,8192,long-text,0.1320548610268236,0.9879570107447506,0.9999589895013123,0.9996565370734908,0.9879570107447506,0.999318745628294,0.0454543572264782
dynamic_bucket16_m-3_refresh8,11,16384,long-code,0.4908991294819504,0.9708992064468503,0.9998154527559056,0.9977392962598424,0.9708992064468503,0.9957518975577472,0.0877165870578847
dynamic_bucket16_m-3_refresh8,11,16384,long-text,0.4287715451610938,0.9669942380249344,0.9993233267716536,0.9959245816929134,0.9669942380249344,0.9943915868408718,0.0879860341985039
dynamic_bucket16_m-3_refresh8,11,32768,long-code,0.6324879888098278,0.9424161335301836,0.9961450131233596,0.9857744832677166,0.9424161335301836,0.9865026387127844,0.1251977362451688
dynamic_bucket16_m-3_refresh8,11,32768,long-text,0.5953307392996109,0.9386931491961942,0.997436843832021,0.9872406085958004,0.9386931491961942,0.9874103962536342,0.1331538726661808
dynamic_bucket16_m-3_refresh8,14,8192,long-code,0.1939158889831536,0.982911437828084,0.9998564632545932,0.9989593585958004,0.982911437828084,0.998729086067991,0.0549262510358717
dynamic_bucket16_m-3_refresh8,14,8192,long-text,0.0702524698133918,0.992067031660105,1.0,0.9995540108267716,0.992067031660105,0.9993908739557535,0.0277303847252572
dynamic_bucket16_m-3_refresh8,14,16384,long-code,0.4156096376767615,0.9695407336778216,0.998298064304462,0.9936126148293964,0.9695407336778216,0.9942164540989482,0.0755621172733586
dynamic_bucket16_m-3_refresh8,14,16384,long-text,0.3377411136722067,0.9666084830216536,0.998790190288714,0.9930692257217848,0.9666084830216536,0.9934913710653562,0.0768136003078541
dynamic_bucket16_m-3_refresh8,14,32768,long-code,0.5428675665815396,0.9161860748851706,0.990608595800525,0.9704109251968503,0.9161860748851706,0.9787341786473814,0.1553023504818387
dynamic_bucket16_m-3_refresh8,14,32768,long-text,0.4960331990723788,0.9171523847604988,0.989624343832021,0.9700059465223098,0.9171523847604988,0.9794623152633556,0.1526878578579232
dynamic_bucket16_m-3_refresh8,17,8192,long-code,0.1160261058738215,0.9826064222440944,0.9994463582677166,0.9972779281496064,0.9826064222440944,0.998785704103481,0.0459539459941595
dynamic_bucket16_m-3_refresh8,17,8192,long-text,0.0694980694980694,0.9892770361712598,0.9994873687664042,0.998062253937008,0.9892770361712598,0.9991743861018662,0.0289764069672954
dynamic_bucket16_m-3_refresh8,17,16384,long-code,0.3865535964858764,0.960704252788714,0.996596128608924,0.9894141650262468,0.960704252788714,0.9945314550994308,0.085287465302831
dynamic_bucket16_m-3_refresh8,17,16384,long-text,0.3064242424242424,0.9593867905183728,0.9971702755905512,0.9884760498687664,0.9593867905183728,0.9922255592403468,0.0820879642576402
dynamic_bucket16_m-3_refresh8,17,32768,long-code,0.5561823448696448,0.9246060428969816,0.9884555446194224,0.9701802411417324,0.9246060428969816,0.982872262083053,0.1366309088676157
dynamic_bucket16_m-3_refresh8,17,32768,long-text,0.5020065669463699,0.9132563873851706,0.9823449803149606,0.9608759842519684,0.9132563873851706,0.9771827946468348,0.1472077288382119
dynamic_bucket16_m-3_refresh8,21,8192,long-code,0.0617760617760617,0.9923233472769027,0.9999589895013123,0.9996155265748032,0.9923233472769027,0.9996150728395392,0.0238066567522053
dynamic_bucket16_m-3_refresh8,21,8192,long-text,0.0541128155574345,0.995376066272966,0.9994668635170604,0.998523622047244,0.995376066272966,0.9994058685678572,0.0112587323153127
dynamic_bucket16_m-3_refresh8,21,16384,long-code,0.2654953635919961,0.9698213992782152,0.9985031167979004,0.9938484251968503,0.9698213992782152,0.9962514399944732,0.0691921113758558
dynamic_bucket16_m-3_refresh8,21,16384,long-text,0.3306588864575736,0.9656460178805776,0.9964936023622047,0.988542691929134,0.9656460178805776,0.992546298776434,0.0707036496049177
dynamic_bucket16_m-3_refresh8,21,32768,long-code,0.4710605553696888,0.9338667261318898,0.990485564304462,0.9749323326771654,0.9338667261318898,0.9849941604751088,0.1218928728152955
dynamic_bucket16_m-3_refresh8,21,32768,long-text,0.4720080455916862,0.9298323183234908,0.9933562992125984,0.975101500984252,0.9298323183234908,0.984256490817873,0.1261410200153246
dynamic_bucket16_m-3_refresh8,25,8192,long-code,0.2243985007858784,0.9871214218339897,0.9998359580052494,0.9988517060367454,0.9871214218339897,0.9990217797891472,0.0411985063546989
dynamic_bucket16_m-3_refresh8,25,8192,long-text,0.077238715906348,0.991094313894357,0.9993233267716536,0.998292937992126,0.991094313894357,0.9991408775655576,0.0264204642904429
dynamic_bucket16_m-3_refresh8,25,16384,long-code,0.5254515599343186,0.9809224286417324,0.9994258530183728,0.9973599491469816,0.9809224286417324,0.9964499231593772,0.0506063828893617
dynamic_bucket16_m-3_refresh8,25,16384,long-text,0.4857611269658145,0.9794511770013123,0.9960424868766404,0.9933768044619422,0.9794511770013123,0.995056063671808,0.0563921372346482
dynamic_bucket16_m-3_refresh8,25,32768,long-code,0.5581168435175021,0.9274139804790026,0.9918594160104988,0.9732816601049868,0.9274139804790026,0.9823101049537613,0.1327447440193525
dynamic_bucket16_m-3_refresh8,25,32768,long-text,0.490302182768894,0.9280816826607612,0.9866305774278216,0.9690832103018372,0.9280816826607612,0.9813456170526104,0.1279851276568087
dynamic_bucket16_m-4,2,8192,long-code,0.3252662149080348,0.9307576177001312,0.9982365485564304,0.9831241797900262,0.9307576177001312,0.9952926067608374,0.1352707658053378
dynamic_bucket16_m-4,2,8192,long-text,0.2939328015470147,0.942639128116798,0.9995898950131232,0.9884555446194224,0.942639128116798,0.997083854128502,0.117482872222961
dynamic_bucket16_m-4,2,16384,long-code,0.676056338028169,0.8451661437828084,0.9885785761154856,0.9507105068897638,0.8451661437828084,0.9789286295184282,0.2803018247995504
dynamic_bucket16_m-4,2,16384,long-text,0.6254324734446131,0.8655829642388452,0.9853182414698164,0.9487932660761156,0.8655829642388452,0.9751633595752244,0.2404298373004007
dynamic_bucket16_m-4,2,32768,long-code,0.8384109188398733,0.7648598978838582,0.9519972112860892,0.8922500410104987,0.7648598978838582,0.9412408566968168,0.3720915340774179
dynamic_bucket16_m-4,2,32768,long-text,0.8185887870390108,0.7760365403543307,0.9530839895013123,0.8900047162073491,0.7760365403543307,0.9354257635901934,0.348038029761466
dynamic_bucket16_m-4,5,8192,long-code,0.4878993223620522,0.9207036376312336,0.9996104002624672,0.9920234580052494,0.9207036376312336,0.996265999903599,0.2090137176001646
dynamic_bucket16_m-4,5,8192,long-text,0.3407550822846079,0.9369463582677166,0.9992002952755904,0.990736753608924,0.9369463582677166,0.9955784560829948,0.1548778452874791
dynamic_bucket16_m-4,5,16384,long-code,0.7317399501307547,0.8763161806922573,0.9927206364829396,0.973368807414698,0.8763161806922573,0.9749707644032304,0.2716423435412189
dynamic_bucket16_m-4,5,16384,long-text,0.6763026843192033,0.8807132750984252,0.9930077099737532,0.9717642716535432,0.8807132750984252,0.971837338812368,0.2445750899314422
dynamic_bucket16_m-4,5,32768,long-code,0.85008377760853,0.7773680999835958,0.958497375328084,0.9062807578740156,0.7773680999835958,0.9280231413674518,0.3656573938533534
dynamic_bucket16_m-4,5,32768,long-text,0.8171872619229011,0.7750535699639107,0.9584768700787402,0.9038457595144356,0.7750535699639107,0.926761418755313,0.3673214934216585
dynamic_bucket16_m-4,8,8192,long-code,0.4107532090094453,0.91307952960958,0.99973343175853,0.9913365321522308,0.91307952960958,0.9960307838484276,0.2043603631362673
dynamic_bucket16_m-4,8,8192,long-text,0.287378640776699,0.9332592581200788,0.9995488845144356,0.990347153871391,0.9332592581200788,0.9954557963940198,0.1514366690751072
dynamic_bucket16_m-4,8,16384,long-code,0.7504708670028556,0.9060526369750656,0.996206528871391,0.9837803477690288,0.9060526369750656,0.9793665308128852,0.218105784077919
dynamic_bucket16_m-4,8,16384,long-text,0.7318734793187348,0.8927729248687664,0.9921054790026248,0.9764651000656168,0.8927729248687664,0.9723700569228656,0.23929674512237
dynamic_bucket16_m-4,8,32768,long-code,0.840181535743657,0.7248797879757218,0.9200090223097112,0.8583446112204725,0.7248797879757218,0.8874640460972549,0.4031517313400415
dynamic_bucket16_m-4,8,32768,long-text,0.8055589418505424,0.7497757238353019,0.925791502624672,0.870488845144357,0.7497757238353019,0.9078794733187788,0.3698577189500449
dynamic_bucket16_m-4,11,8192,long-code,0.4092664092664092,0.9101767552493438,0.9981135170603674,0.9869022719816272,0.9101767552493438,0.9923683854949537,0.2084225227037665
dynamic_bucket16_m-4,11,8192,long-text,0.2933301169943312,0.940919250328084,0.9997949475065616,0.9965243602362204,0.940919250328084,0.9958149230638236,0.1544821691618612
dynamic_bucket16_m-4,11,16384,long-code,0.6662608060392061,0.8761277887139107,0.9937253937007874,0.973025344488189,0.8761277887139107,0.9718382767161252,0.2536653145609671
dynamic_bucket16_m-4,11,16384,long-text,0.6156843643448612,0.8744578924704725,0.9912852690288714,0.9691754839238844,0.8744578924704725,0.9693389392586638,0.2402712543318191
dynamic_bucket16_m-4,11,32768,long-code,0.7885130201995619,0.7789623831200787,0.9482242454068242,0.8899790846456693,0.7789623831200787,0.9193345061836976,0.3332721861841042
dynamic_bucket16_m-4,11,32768,long-text,0.7675636186533544,0.7704732098917323,0.951669127296588,0.8900047162073491,0.7704732098917323,0.9224163211517868,0.3449310547226691
dynamic_bucket16_m-4,14,8192,long-code,0.4114008489993935,0.9163578063484252,0.996350065616798,0.9827243274278216,0.9163578063484252,0.9901282005083524,0.1860699459756817
dynamic_bucket16_m-4,14,8192,long-text,0.2089480048367593,0.9503260334645668,0.9993643372703412,0.9920849737532808,0.9503260334645668,0.994340520570332,0.1096420637009171
dynamic_bucket16_m-4,14,16384,long-code,0.613703950961947,0.8528376701935696,0.9701853674540682,0.9359979904855644,0.8528376701935696,0.9552754454504726,0.2449542129643615
dynamic_bucket16_m-4,14,16384,long-text,0.5245901639344263,0.849846466945538,0.97682906824147,0.9347317913385826,0.849846466945538,0.9539894199541272,0.2408597331767747
dynamic_bucket16_m-4,14,32768,long-code,0.755552850970608,0.6937963931266404,0.9019849081364828,0.8177032070209974,0.6937963931266404,0.8790918262431877,0.4175144838147904
dynamic_bucket16_m-4,14,32768,long-text,0.7020965382740127,0.7223435449475065,0.9183275918635172,0.8394080134514436,0.7223435449475065,0.8972855825661424,0.3824121357237024
dynamic_bucket16_m-4,17,8192,long-code,0.3488372093023255,0.9069112942913384,0.9914903215223098,0.9716258612204725,0.9069112942913384,0.9906533240221028,0.1746566675682688
dynamic_bucket16_m-4,17,8192,long-text,0.2719106579266812,0.928345687746063,0.9895628280839897,0.9727587762467192,0.928345687746063,0.9918266061319634,0.130905508107165
dynamic_bucket16_m-4,17,16384,long-code,0.5916915029499422,0.841802001312336,0.962659940944882,0.9241767142388452,0.841802001312336,0.9687803467146184,0.2504861544269528
dynamic_bucket16_m-4,17,16384,long-text,0.5254196059352956,0.8328040415846457,0.9652846128608924,0.9205729166666666,0.8328040415846457,0.9535525176606422,0.2506722752963341
dynamic_bucket16_m-4,17,32768,long-code,0.761394754457494,0.7316119176509186,0.895136154855643,0.8328053231627297,0.7316119176509186,0.9093281284777848,0.3600084069023743
dynamic_bucket16_m-4,17,32768,long-text,0.7228006088280061,0.7103941108923885,0.8770505249343832,0.8085424868766404,0.7103941108923885,0.8920759667144836,0.3755970650587075
dynamic_bucket16_m-4,21,8192,long-code,0.2236953115583946,0.9535568918143044,0.9986056430446194,0.9910545849737532,0.9535568918143044,0.996611048171906,0.0956147218115954
dynamic_bucket16_m-4,21,8192,long-text,0.1386782231852654,0.9668276328740156,0.9952017716535432,0.9864716617454068,0.9668276328740156,0.9949355943273136,0.0575938445609753
dynamic_bucket16_m-4,21,16384,long-code,0.4875373270766043,0.8802595964566929,0.9736097440944882,0.9474399196194224,0.8802595964566929,0.9770657408031777,0.1949114204530813
dynamic_bucket16_m-4,21,16384,long-text,0.4978123480797277,0.8943402948654856,0.9791461614173228,0.9498031496062992,0.8943402948654856,0.9720317409223166,0.1714699125618578
dynamic_bucket16_m-4,21,32768,long-code,0.6644542548333079,0.7777384760498688,0.935285433070866,0.8741336532152231,0.7777384760498688,0.9312914554740996,0.3047290543247433
dynamic_bucket16_m-4,21,32768,long-text,0.6544923301680059,0.792224153133202,0.9612450787401576,0.89281906167979,0.792224153133202,0.9396801691497542,0.2968746631110314
dynamic_bucket16_m-4,25,8192,long-code,0.3798449612403101,0.946772217437664,0.9975803805774278,0.9899165436351706,0.946772217437664,0.9942899191592128,0.1237202347579402
dynamic_bucket16_m-4,25,8192,long-text,0.2180048661800486,0.9551665538877953,0.9961655183727034,0.9867792404855644,0.9551665538877953,0.9945912986425038,0.1000089764731204
dynamic_bucket16_m-4,25,16384,long-code,0.6373960041294711,0.9176470739009186,0.9938279199475064,0.9778543307086616,0.9176470739009186,0.9787636260473236,0.1574491079037805
dynamic_bucket16_m-4,25,16384,long-text,0.614487117160914,0.9371949844160103,0.9795972769028872,0.96973937828084,0.9371949844160103,0.9803711954227112,0.1280613298943858
dynamic_bucket16_m-4,25,32768,long-code,0.7426222019186843,0.7668694123195539,0.9392839566929134,0.8736620324803149,0.7668694123195539,0.9216091412834682,0.3302526473515971
dynamic_bucket16_m-4,25,32768,long-text,0.6977069947318737,0.767344877788714,0.9178149606299212,0.8538693405511811,0.767344877788714,0.9192224416401076,0.317326249943646
dynamic_bucket16_m0,2,8192,long-code,0.2003612281757977,0.981072373277559,0.9998974737532808,0.997554749015748,0.981072373277559,0.998955341705384,0.0467084370923357
dynamic_bucket16_m0,2,8192,long-text,0.1862721319427601,0.9778991859416012,0.999876968503937,0.9965243602362204,0.9778991859416012,0.9989804163991628,0.0501392582753481
dynamic_bucket16_m0,2,16384,long-code,0.5549693772360682,0.9180571788877953,0.9969037073490814,0.9820425278871392,0.9180571788877953,0.9913519073498328,0.170056255504647
dynamic_bucket16_m0,2,16384,long-text,0.5405930967428294,0.9132281926673228,0.994258530183727,0.9722615239501312,0.9132281926673228,0.9861263528293492,0.1708216058573525
dynamic_bucket16_m0,2,32768,long-code,0.7494373137052133,0.8650767408956693,0.981668307086614,0.9512795275590552,0.8650767408956693,0.9729262723919558,0.2402722365541421
dynamic_bucket16_m0,2,32768,long-text,0.7229766762072956,0.8646179359416011,0.9815452755905512,0.9475424458661418,0.8646179359416011,0.9681386699229444,0.2349331475596808
dynamic_bucket16_m0,5,8192,long-code,0.3242069714147871,0.9754744402066928,0.9999794947506562,0.9990054954068242,0.9754744402066928,0.9990176758895116,0.0789602082490821
dynamic_bucket16_m0,5,8192,long-text,0.2177135220507836,0.9771263943569554,0.999774442257218,0.9979187171916012,0.9771263943569554,0.9987474403728313,0.0677731521163244
dynamic_bucket16_m0,5,16384,long-code,0.6226438039644899,0.948238342765748,0.9979084645669292,0.9920132053805776,0.948238342765748,0.9917330795305648,0.1332085430580843
dynamic_bucket16_m0,5,16384,long-text,0.5592572364827963,0.9486510109087928,0.9976008858267716,0.9902548802493438,0.9486510109087928,0.9897634589035472,0.120134298142012
dynamic_bucket16_m0,5,32768,long-code,0.7553983164572404,0.8890268721292651,0.9877173556430446,0.9651718339895012,0.8890268721292651,0.9722863236377784,0.2090389886531054
dynamic_bucket16_m0,5,32768,long-text,0.7274943621624916,0.8788126947998688,0.9854412729658792,0.9596354166666666,0.8788126947998688,0.9682915915255644,0.2236107705087614
dynamic_bucket16_m0,8,8192,long-code,0.2492393817695022,0.9716297059547244,0.9999794947506562,0.998164780183727,0.9716297059547244,0.9989153243904356,0.07903863986731
dynamic_bucket16_m0,8,8192,long-text,0.1471264367816092,0.979373000738189,0.999876968503937,0.9982211696194224,0.979373000738189,0.998763919284162,0.0553310212890623
dynamic_bucket16_m0,8,16384,long-code,0.6992412746585737,0.9509847645997376,0.9984826115485564,0.9933614255249344,0.9509847645997376,0.9907038421973507,0.1265795932913288
dynamic_bucket16_m0,8,16384,long-text,0.649016273985912,0.9526546608431758,0.9969857283464568,0.9905778379265092,0.9526546608431758,0.9892551118616312,0.1188296878380715
dynamic_bucket16_m0,8,32768,long-code,0.7366850391303024,0.8578832431102362,0.972543471128609,0.9412678395669292,0.8578832431102362,0.9543872403564768,0.2341192054715445
dynamic_bucket16_m0,8,32768,long-text,0.7118044975318423,0.8592724737532809,0.9699187992125984,0.9399708825459318,0.8592724737532809,0.958218653963658,0.23257617526975
dynamic_bucket16_m0,11,8192,long-code,0.1636031649421789,0.9853195230479004,1.0,0.9994258530183728,0.9853195230479004,0.9991797833904852,0.0471057380536828
dynamic_bucket16_m0,11,8192,long-text,0.1782513925890045,0.9777274544783464,0.9998564632545932,0.9989593585958004,0.9777274544783464,0.998599599495527,0.0687349684510437
dynamic_bucket16_m0,11,16384,long-code,0.5285081061388062,0.958733185695538,0.999630905511811,0.996078371062992,0.958733185695538,0.9936323680482962,0.1073270463387762
dynamic_bucket16_m0,11,16384,long-text,0.4840500152485514,0.9486612635334646,0.9966166338582676,0.9898755331364828,0.9486612635334646,0.9894823305579512,0.1145683901541044
dynamic_bucket16_m0,11,32768,long-code,0.6673354613163095,0.9102280183727034,0.9878813976377953,0.9684065370734908,0.9102280183727034,0.9754316505290967,0.1638839325234089
dynamic_bucket16_m0,11,32768,long-text,0.6557896983928517,0.883414841699475,0.9874917979002624,0.9610451525590552,0.883414841699475,0.9702333726597808,0.2062634071516421
dynamic_bucket16_m0,14,8192,long-code,0.2084187673380774,0.97852203289042,0.9991592847769027,0.9972266650262468,0.97852203289042,0.9978139897463132,0.0593280213292158
dynamic_bucket16_m0,14,8192,long-text,0.0933284724753918,0.9879531660104988,0.9999794947506562,0.9993489583333334,0.9879531660104988,0.9990286521656496,0.0361340202207906
dynamic_bucket16_m0,14,16384,long-code,0.4482338611449452,0.954092591453412,0.9950992454068242,0.9873738927165354,0.954092591453412,0.989729768258641,0.0973687374551462
dynamic_bucket16_m0,14,16384,long-text,0.3643631518381685,0.9537978284940944,0.9983185695538058,0.9906803641732284,0.9537978284940944,0.9911052912398116,0.0969276426265078
dynamic_bucket16_m0,14,32768,long-code,0.5720212311634434,0.889281906167979,0.9820374015748032,0.9533351788057742,0.889281906167979,0.9691805025741967,0.1811055578640323
dynamic_bucket16_m0,14,32768,long-text,0.5614035087719298,0.8626519951607612,0.9735482283464568,0.9382638205380578,0.8626519951607612,0.961199942010046,0.216330436676715
dynamic_bucket16_m0,17,8192,long-code,0.1466650584971656,0.969353623277559,0.997785433070866,0.99122375328084,0.969353623277559,0.9969547050475536,0.0637355370901623
dynamic_bucket16_m0,17,8192,long-text,0.0847274040197376,0.9819002727198164,0.998523622047244,0.9952427821522308,0.9819002727198164,0.9983701915972738,0.0399970799132475
dynamic_bucket16_m0,17,16384,long-code,0.4191377114789885,0.9434413959973752,0.9920439632545932,0.9812479494750656,0.9434413959973752,0.9907612082789318,0.1076269906239649
dynamic_bucket16_m0,17,16384,long-text,0.3472535511796623,0.9451202632874016,0.9940124671916012,0.9818220964566928,0.9451202632874016,0.9886677745616248,0.0991899209838072
dynamic_bucket16_m0,17,32768,long-code,0.6058687446730793,0.8911965838254593,0.9793102034120736,0.950433686023622,0.8911965838254593,0.9732052934846216,0.172416115854731
dynamic_bucket16_m0,17,32768,long-text,0.5938726459581978,0.8574705749671916,0.9621883202099738,0.9251968503937008,0.8574705749671916,0.9584394029570292,0.209733332559986
dynamic_bucket16_m0,21,8192,long-code,0.0772200772200771,0.988291502624672,0.9999794947506562,0.99901062171916,0.988291502624672,0.9993266157468674,0.0316310511612053
dynamic_bucket16_m0,21,8192,long-text,0.0623401923779374,0.9923835814468503,0.9996104002624672,0.9974727280183728,0.9923835814468503,0.999024854297388,0.0153394281922669
dynamic_bucket16_m0,21,16384,long-code,0.2810441571114905,0.96265609621063,0.9980930118110236,0.9915108267716536,0.96265609621063,0.9947951075543824,0.0768466075576088
dynamic_bucket16_m0,21,16384,long-text,0.3826723611958511,0.9491995263287402,0.9929461942257218,0.9812274442257218,0.9491995263287402,0.9880733388114732,0.0933597839206273
dynamic_bucket16_m0,21,32768,long-code,0.5101152991999027,0.9047454273293964,0.982406496062992,0.9591381643700788,0.9047454273293964,0.9765047957607544,0.1544252757622304
dynamic_bucket16_m0,21,32768,long-text,0.5028320847798282,0.9081428908300524,0.9900549540682416,0.9641875820209974,0.9081428908300524,0.9785523850332276,0.1505535652440406
dynamic_bucket16_m0,25,8192,long-code,0.2416859544402485,0.9834253506397638,0.9998154527559056,0.9984467273622047,0.9834253506397638,0.9985701146735536,0.0484089970927534
dynamic_bucket16_m0,25,8192,long-text,0.0852816474863719,0.9906201300032808,0.9999589895013123,0.9988773375984252,0.9906201300032808,0.99922865561247,0.0269740730029926
dynamic_bucket16_m0,25,16384,long-code,0.5578786955196586,0.9702558542486877,0.9986876640419948,0.9942739091207348,0.9702558542486877,0.9937471685475427,0.0687429008482669
dynamic_bucket16_m0,25,16384,long-text,0.5067608722134243,0.9696547941272966,0.9968832020997376,0.990008817257218,0.9696547941272966,0.992762054868888,0.0741251211205862
dynamic_bucket16_m0,25,32768,long-code,0.6135865595325054,0.8888871801181102,0.9827140748031497,0.9519305692257218,0.8888871801181102,0.9703530861293592,0.1776697588618058
dynamic_bucket16_m0,25,32768,long-text,0.5357034151092713,0.897223845554462,0.9805200131233596,0.952904568569554,0.897223845554462,0.9723355457631672,0.1643596879430794
dynamic_bucket16_m0.5,2,8192,long-code,0.1246955674622504,0.9928487942913384,0.9999794947506562,0.999287442585302,0.9928487942913384,0.9996391181198356,0.0213221922967928
dynamic_bucket16_m0.5,2,8192,long-text,0.1080820265379975,0.9933319492290026,0.9999794947506562,0.999138779527559,0.9933319492290026,0.9997117405538588,0.0172235767881824
dynamic_bucket16_m0.5,2,16384,long-code,0.377431906614786,0.9693049233103674,0.9994463582677166,0.9953196768372704,0.9693049233103674,0.9974306797526706,0.0741094149014285
dynamic_bucket16_m0.5,2,16384,long-text,0.3622862012295331,0.9683668081528872,0.9976213910761156,0.9915877214566928,0.9683668081528872,0.995531514849511,0.0721885414694294
dynamic_bucket16_m0.5,2,32768,long-code,0.5949405669003353,0.9517255167322834,0.9961245078740156,0.9882556184383202,0.9517255167322834,0.992775798031441,0.1013181685087282
dynamic_bucket16_m0.5,2,32768,long-text,0.5588584294276935,0.9506630885006562,0.9958784448818898,0.9862871145013123,0.9506630885006562,0.9909003438820484,0.1005345079875283
dynamic_bucket16_m0.5,5,8192,long-code,0.2390649475840462,0.98854141035105,1.0,0.9995540108267716,0.98854141035105,0.9995292942216056,0.0406378481808572
dynamic_bucket16_m0.5,5,8192,long-text,0.1472868217054264,0.9894039124015748,0.9999589895013123,0.9993284530839897,0.9894039124015748,0.9994755710510757,0.0346144141203656
dynamic_bucket16_m0.5,5,16384,long-code,0.5136186770428015,0.981672151820866,0.9993848425196852,0.9974009596456692,0.981672151820866,0.9973637424668296,0.0510017018986115
dynamic_bucket16_m0.5,5,16384,long-text,0.4382764680928428,0.9848184260170604,0.9991797900262468,0.9974060859580052,0.9848184260170604,0.9972678176578031,0.0414495676363423
dynamic_bucket16_m0.5,5,32768,long-code,0.6215483910250555,0.9655050442913384,0.9983595800524936,0.9932383940288714,0.9655050442913384,0.9935362024036118,0.0765528384490337
dynamic_bucket16_m0.5,5,32768,long-text,0.5663716814159292,0.9566775344488188,0.9965346128608924,0.988158218503937,0.9566775344488188,0.9906025152147744,0.0893983767154872
dynamic_bucket16_m0.5,8,8192,long-code,0.1634439985406786,0.9878711450131232,1.0,0.999523252952756,0.9878711450131232,0.9995130149742962,0.0389137883738066
dynamic_bucket16_m0.5,8,8192,long-text,0.0620230163537249,0.9955772740321522,0.9999794947506562,0.9996975475721784,0.9955772740321522,0.9997736060572252,0.0150226479810485
dynamic_bucket16_m0.5,8,16384,long-code,0.6295081967213114,0.978879593175853,0.9994463582677166,0.9971651492782152,0.978879593175853,0.996229871005508,0.0590706374853398
dynamic_bucket16_m0.5,8,16384,long-text,0.5335280516003408,0.9875212741961942,0.998790190288714,0.9971600229658792,0.9875212741961942,0.9970420559135176,0.0343308210226679
dynamic_bucket16_m0.5,8,32768,long-code,0.559863447939527,0.9625804831036744,0.9947096456692912,0.9874969242125984,0.9625804831036744,0.990202411988918,0.068522723310695
dynamic_bucket16_m0.5,8,32768,long-text,0.5098051138609345,0.9654384022309712,0.99561187664042,0.9887374917979004,0.9654384022309712,0.992048929713788,0.0650379254138564
dynamic_bucket16_m0.5,11,8192,long-code,0.1077570655441972,0.9938458620406824,1.0,0.9998410843175852,0.9938458620406824,0.999681288453295,0.022396321493486
dynamic_bucket16_m0.5,11,8192,long-text,0.0775757575757576,0.99438156167979,0.9999384842519684,0.999779568569554,0.99438156167979,0.9996470708316472,0.0212987853600755
dynamic_bucket16_m0.5,11,16384,long-code,0.4346613304226547,0.9818797674704725,0.9999384842519684,0.9986722851049868,0.9818797674704725,0.9975729424915046,0.0517648907077188
dynamic_bucket16_m0.5,11,16384,long-text,0.3265702830761754,0.9870983534284776,0.9993848425196852,0.998774811351706,0.9870983534284776,0.9980499867905858,0.0368160794394917
dynamic_bucket16_m0.5,11,32768,long-code,0.5577596977176463,0.9617154178969816,0.996206528871391,0.9898037647637796,0.9617154178969816,0.9910428688134044,0.0776570385362659
dynamic_bucket16_m0.5,11,32768,long-text,0.4931924096128659,0.9656447363024936,0.9980930118110236,0.9925053313648294,0.9656447363024936,0.993307032609662,0.0717201131021225
dynamic_bucket16_m0.5,14,8192,long-code,0.1463297232250301,0.9881184895833334,0.9995898950131232,0.9986774114173228,0.9881184895833334,0.9987957979746274,0.034948123526237
dynamic_bucket16_m0.5,14,8192,long-text,0.0544416089439786,0.9951376927493438,1.0,0.9997026738845144,0.9951376927493438,0.9995912932829006,0.0160570565225267
dynamic_bucket16_m0.5,14,16384,long-code,0.3575418994413407,0.9823142224409448,0.998790190288714,0.9966781496062992,0.9823142224409448,0.9967417356980268,0.0434712466379536
dynamic_bucket16_m0.5,14,16384,long-text,0.2486945962355798,0.9817695517552494,0.9994258530183728,0.9966678969816272,0.9817695517552494,0.9967961678787226,0.0414661542667841
dynamic_bucket16_m0.5,14,32768,long-code,0.4339180930953756,0.9593444984416012,0.9951812664041996,0.9865024196194224,0.9593444984416012,0.990593300096998,0.076388125512992
dynamic_bucket16_m0.5,14,32768,long-text,0.4099685812768813,0.9442551980807088,0.9897268700787402,0.9771571522309712,0.9442551980807088,0.9863545652581204,0.0942107114922267
dynamic_bucket16_m0.5,17,8192,long-code,0.0695400217312568,0.988786191765092,0.999753937007874,0.9979392224409448,0.988786191765092,0.999074219788379,0.0268418602294049
dynamic_bucket16_m0.5,17,8192,long-text,0.0155642023346302,0.9972100045111548,0.999876968503937,0.9995898950131232,0.9972100045111548,0.999819374238468,0.0079257908845689
dynamic_bucket16_m0.5,17,16384,long-code,0.3000304414003044,0.9775172756725722,0.9976624015748032,0.993535720144357,0.9775172756725722,0.996516476518497,0.0476411749159112
dynamic_bucket16_m0.5,17,16384,long-text,0.1512818958724771,0.9898793778707348,0.9990772637795275,0.9971241387795275,0.9898793778707348,0.9981163072334912,0.0216437969798596
dynamic_bucket16_m0.5,17,32768,long-code,0.4515952431643298,0.9579616756889764,0.9949352034120736,0.9850721784776902,0.9579616756889764,0.9910940841184352,0.0752732381233012
dynamic_bucket16_m0.5,17,32768,long-text,0.3814157139382145,0.9611399893372704,0.9942790354330708,0.9847030839895012,0.9611399893372704,0.991203137528792,0.064892907167719
dynamic_bucket16_m0.5,21,8192,long-code,0.0465736810187992,0.9950351665026248,0.9999794947506562,0.9997231791338582,0.9950351665026248,0.999761350424934,0.0157516076978167
dynamic_bucket16_m0.5,21,8192,long-text,0.0310115081768624,0.997790559383202,0.9999589895013123,0.99951812664042,0.997790559383202,0.9997990663241292,0.0052211531834639
dynamic_bucket16_m0.5,21,16384,long-code,0.2016480853126514,0.9841942974901576,0.9994463582677166,0.9971138861548556,0.9841942974901576,0.998073715535091,0.0360602181583058
dynamic_bucket16_m0.5,21,16384,long-text,0.2065018872519176,0.981218473179134,0.998544127296588,0.9945404773622047,0.981218473179134,0.9960203483361264,0.0372850219938379
dynamic_bucket16_m0.5,21,32768,long-code,0.3827657756621506,0.9601083189796588,0.994853182414698,0.985835999015748,0.9601083189796588,0.991348435972892,0.0725442935060039
dynamic_bucket16_m0.5,21,32768,long-text,0.3331608268136016,0.9696535125492126,0.99780593832021,0.9902087434383202,0.9696535125492126,0.9937557460516588,0.0546249946167616
dynamic_bucket16_m0.5,25,8192,long-code,0.1545707040212535,0.9926014497211286,0.9999179790026248,0.9994771161417324,0.9926014497211286,0.9994044851564612,0.024178227598055
dynamic_bucket16_m0.5,25,8192,long-text,0.0312042905899561,0.9959668737696852,0.9999794947506562,0.9994566108923884,0.9959668737696852,0.9996748611691204,0.0115614025613048
dynamic_bucket16_m0.5,25,16384,long-code,0.4986911791562671,0.9860448962434384,0.9995898950131232,0.9978674540682416,0.9860448962434384,0.9973730805451524,0.035530108028316
dynamic_bucket16_m0.5,25,16384,long-text,0.3960924701171046,0.9913044927001312,0.9992002952755904,0.9978572014435696,0.9913044927001312,0.998251569147622,0.0246984717879251
dynamic_bucket16_m0.5,25,32768,long-code,0.4731941824377776,0.9572375840715224,0.9953248031496064,0.984257094816273,0.9572375840715224,0.990155557209955,0.0754440903605963
dynamic_bucket16_m0.5,25,32768,long-text,0.352858752931859,0.9721205503608924,0.9955093503937008,0.9889117864173228,0.9721205503608924,0.9931822075662884,0.0501644491065339
dynamic_bucket8_m-0.25,2,8192,long-code,0.2411571654308982,0.9652256602690288,0.9994873687664042,0.9933460465879264,0.9652256602690288,0.9977798978497896,0.0766952517514708
dynamic_bucket8_m-0.25,2,8192,long-text,0.2180313906801314,0.9647630105807088,0.9997949475065616,0.9936741305774278,0.9647630105807088,0.9982658384900026,0.0747579396989516
dynamic_bucket8_m-0.25,2,16384,long-code,0.6026365348399247,0.893184311433727,0.9940124671916012,0.9721128608923884,0.893184311433727,0.9874561693624074,0.2097454577420912
dynamic_bucket8_m-0.25,2,16384,long-text,0.5840126536074948,0.8871557681266404,0.9882504921259844,0.9576002706692912,0.8871557681266404,0.9798083589984318,0.2073458354668885
dynamic_bucket8_m-0.25,2,32768,long-code,0.7847146160399172,0.828010939550525,0.9740608595800524,0.9330298556430446,0.828010939550525,0.9631823521208636,0.2915985784119931
dynamic_bucket8_m-0.25,2,32768,long-text,0.7666189155414673,0.8229320456036745,0.9677452427821522,0.9213111056430446,0.8229320456036745,0.953466809935166,0.2902337073107494
dynamic_bucket8_m-0.25,5,8192,long-code,0.3663824604141291,0.968979402477034,0.9999589895013123,0.9985953904199476,0.968979402477034,0.9987450356453144,0.0971437706707182
dynamic_bucket8_m-0.25,5,8192,long-text,0.2405431619786615,0.9724870816929134,0.999753937007874,0.9972728018372704,0.9724870816929134,0.9984061226907,0.0785201522401213
dynamic_bucket8_m-0.25,5,16384,long-code,0.6648845686512759,0.9323083271817584,0.997293307086614,0.9893885334645668,0.9323083271817584,0.988776980030056,0.1687110677271294
dynamic_bucket8_m-0.25,5,16384,long-text,0.6008843661033376,0.931274093667979,0.9968832020997376,0.986589566929134,0.931274093667979,0.9857853099823846,0.1557422766304201
dynamic_bucket8_m-0.25,5,32768,long-code,0.7884410646387833,0.8536604433234908,0.9786950459317584,0.9490188238188976,0.8536604433234908,0.959937338480864,0.2628560916315246
dynamic_bucket8_m-0.25,5,32768,long-text,0.7583769952479591,0.8489596149114174,0.9794742454068242,0.9463685203412072,0.8489596149114174,0.9580055439989652,0.2690933865358428
dynamic_bucket8_m-0.25,8,8192,long-code,0.2808728513958308,0.9619678887795275,0.9999384842519684,0.997313812335958,0.9619678887795275,0.9984827451991148,0.1016139877331111
dynamic_bucket8_m-0.25,8,8192,long-text,0.1850156588773789,0.9680784530839897,0.9998564632545932,0.9964936023622047,0.9680784530839897,0.9979779242379216,0.0803068569795874
dynamic_bucket8_m-0.25,8,16384,long-code,0.7149535547325603,0.9393249671916012,0.9980930118110236,0.991685121391076,0.9393249671916012,0.9882828987418332,0.1547286266428042
dynamic_bucket8_m-0.25,8,16384,long-text,0.683370745616696,0.9318264538221784,0.9951402559055118,0.9855489255249344,0.9318264538221784,0.9835078618354668,0.1621405982361836
dynamic_bucket8_m-0.25,8,32768,long-code,0.7783047549556124,0.8136662360564304,0.9591125328083988,0.9173740977690288,0.8136662360564304,0.935595902760056,0.2954357635510825
dynamic_bucket8_m-0.25,8,32768,long-text,0.7545928160131615,0.8057678703248031,0.9503978018372704,0.908197998687664,0.8057678703248031,0.9355334131379012,0.302951149603704
dynamic_bucket8_m-0.25,11,8192,long-code,0.1942926533090467,0.9795703637631232,0.9999794947506562,0.9989644849081364,0.9795703637631232,0.9988075407957392,0.0616604402063907
dynamic_bucket8_m-0.25,11,8192,long-text,0.2099635479951397,0.9701417937992126,0.9998154527559056,0.9985133694225722,0.9701417937992126,0.9980649036247752,0.0883476112549565
dynamic_bucket8_m-0.25,11,16384,long-code,0.5612325680531027,0.9463915887467192,0.999282316272966,0.9942790354330708,0.9463915887467192,0.9912188808901212,0.133575256463958
dynamic_bucket8_m-0.25,11,16384,long-text,0.5150277388282631,0.9342089074803148,0.9961450131233596,0.9872508612204725,0.9342089074803148,0.9863111760206692,0.1413933062846035
dynamic_bucket8_m-0.25,11,32768,long-code,0.6984860460874324,0.8847092355643045,0.9823859908136484,0.9553959563648294,0.8847092355643045,0.966260539393853,0.2006164598453157
dynamic_bucket8_m-0.25,11,32768,long-text,0.696776554542405,0.8416302698490814,0.9760498687664042,0.9368335793963256,0.8416302698490814,0.9544790067899585,0.2610493574355358
dynamic_bucket8_m-0.25,14,8192,long-code,0.2404557023391104,0.972639589484908,0.9989542322834646,0.9961911499343832,0.972639589484908,0.997264003850538,0.0728009725461446
dynamic_bucket8_m-0.25,14,8192,long-text,0.1082910321489001,0.984110994914698,0.9999179790026248,0.998800442913386,0.984110994914698,0.998600549503496,0.0451980030320359
dynamic_bucket8_m-0.25,14,16384,long-code,0.4845254678699049,0.9414357262959318,0.9922695209973752,0.9822937171916012,0.9414357262959318,0.9862462053532888,0.1199443492975827
dynamic_bucket8_m-0.25,14,16384,long-text,0.3992731677771047,0.93895202796916,0.9969242125984252,0.9855489255249344,0.93895202796916,0.987166500242871,0.1217883950575117
dynamic_bucket8_m-0.25,14,32768,long-code,0.6198075283225728,0.8527646202427821,0.9725229658792652,0.9329427083333334,0.8527646202427821,0.9560452443738466,0.2306678149509053
dynamic_bucket8_m-0.25,14,32768,long-text,0.6063670982482864,0.8268754613681102,0.9653051181102362,0.9179123605643044,0.8268754613681102,0.9482544940676406,0.2641676075963839
dynamic_bucket8_m-0.25,17,8192,long-code,0.1872257435397367,0.959457277312992,0.9978469488188976,0.9898909120734908,0.959457277312992,0.9962978784001616,0.0846531147908969
dynamic_bucket8_m-0.25,17,8192,long-text,0.1233437725849192,0.9733623995242782,0.9974163385826772,0.9922387631233596,0.9733623995242782,0.9974636487104904,0.0561206220852005
dynamic_bucket8_m-0.25,17,16384,long-code,0.4592835857203673,0.9276292855971128,0.9897678805774278,0.9744350803805776,0.9276292855971128,0.9878347715021224,0.1324553656451901
dynamic_bucket8_m-0.25,17,16384,long-text,0.4007538452185543,0.9230450807906824,0.991326279527559,0.973373933727034,0.9230450807906824,0.983479933095896,0.1346878046562394
dynamic_bucket8_m-0.25,17,32768,long-code,0.6474692994484565,0.8584368848425197,0.9684014107611548,0.9307435203412072,0.8584368848425197,0.9627305827876949,0.2144391721746571
dynamic_bucket8_m-0.25,17,32768,long-text,0.6415600243753808,0.8103495119750657,0.9408423556430446,0.891839936023622,0.8103495119750657,0.939874360757768,0.2667725455576591
dynamic_bucket8_m-0.25,21,8192,long-code,0.1002772086296251,0.9835099347933072,0.9998974737532808,0.998159653871391,0.9835099347933072,0.9989745183765436,0.0408107265335144
dynamic_bucket8_m-0.25,21,8192,long-text,0.0774724609611426,0.9871124507874016,0.9992413057742782,0.9958066765091864,0.9871124507874016,0.9983413538237832,0.0248668702194428
dynamic_bucket8_m-0.25,21,16384,long-code,0.3185239135712552,0.9525777661581364,0.9968626968503936,0.9877019767060368,0.9525777661581364,0.9930348240780392,0.0931097713691069
dynamic_bucket8_m-0.25,21,16384,long-text,0.4189852700490998,0.9340307681266404,0.9899114173228346,0.9737635334645668,0.9340307681266404,0.983943509322468,0.1168966830012416
dynamic_bucket8_m-0.25,21,32768,long-code,0.5542815320809953,0.8785269028871391,0.9746965223097112,0.9435644274934384,0.8785269028871391,0.9684127165486124,0.1877502196753846
dynamic_bucket8_m-0.25,21,32768,long-text,0.5596928514839418,0.8735966719980315,0.9837188320209974,0.9458200049212598,0.8735966719980315,0.9682818679006396,0.1966284905944657
dynamic_bucket8_m-0.25,25,8192,long-code,0.2638855202522435,0.978256746227034,0.99973343175853,0.9978930856299212,0.978256746227034,0.9980872595503072,0.0604749062215127
dynamic_bucket8_m-0.25,25,8192,long-text,0.1091617933723196,0.9858859805610236,0.9998974737532808,0.9978623277559056,0.9858859805610236,0.9987346340796222,0.0380530350955097
dynamic_bucket8_m-0.25,25,16384,long-code,0.5826303331917217,0.9588369935203412,0.9979494750656168,0.9908802903543308,0.9588369935203412,0.9907370698081424,0.0890288783005648
dynamic_bucket8_m-0.25,25,16384,long-text,0.5420093828063121,0.9594444615321522,0.9930077099737532,0.9845903051181102,0.9594444615321522,0.9894024069836076,0.0938196898241746
dynamic_bucket8_m-0.25,25,32768,long-code,0.6510126389523374,0.8574910802165354,0.9716002296587928,0.9323480561023622,0.8574910802165354,0.9587877419308914,0.2191842512413708
dynamic_bucket8_m-0.25,25,32768,long-text,0.5928995886027731,0.8590289739173228,0.9676222112860892,0.9278779117454068,0.8590289739173228,0.959004544509765,0.2129156717203004
dynamic_bucket8_m-1,2,8192,long-code,0.3119668535218133,0.9367272084153544,0.9983390748031497,0.9848825049212598,0.9367272084153544,0.9957206459050328,0.1246934421635367
dynamic_bucket8_m-1,2,8192,long-text,0.2937552844546442,0.9443795111548556,0.9995898950131232,0.9888400180446194,0.9443795111548556,0.997166138135676,0.1141707968774679
dynamic_bucket8_m-1,2,16384,long-code,0.676056338028169,0.8465092376148294,0.9893577755905512,0.951915190288714,0.8465092376148294,0.9793450993975032,0.2787787908261496
dynamic_bucket8_m-1,2,16384,long-text,0.6254324734446131,0.8656137221128609,0.9853182414698164,0.9487932660761156,0.8656137221128609,0.975167758918988,0.2403561123001153
dynamic_bucket8_m-1,2,32768,long-code,0.8342063588744062,0.7679561905347769,0.9532070209973752,0.8942390501968503,0.7679561905347769,0.9423752953604542,0.3682282680464525
dynamic_bucket8_m-1,2,32768,long-text,0.8167641325536062,0.7797082615649606,0.9542322834645668,0.8924089566929134,0.7797082615649606,0.936851832979346,0.343883835607439
dynamic_bucket8_m-1,5,8192,long-code,0.423943153077201,0.949226439468504,0.9998359580052494,0.9968524442257218,0.949226439468504,0.9978428442495983,0.1488995969529406
dynamic_bucket8_m-1,5,8192,long-text,0.3106042222761466,0.9519856770833334,0.9994873687664042,0.9939663303805776,0.9519856770833334,0.99692738047981,0.1250494451312447
dynamic_bucket8_m-1,5,16384,long-code,0.711499908875524,0.893919937253937,0.994750656167979,0.9797613188976378,0.893919937253937,0.9798703328168836,0.2432360441704137
dynamic_bucket8_m-1,5,16384,long-text,0.6647230320699709,0.8873672285104987,0.9938689304461942,0.9745222276902888,0.8873672285104987,0.974129994156084,0.2351175285058397
dynamic_bucket8_m-1,5,32768,long-code,0.8404631322364412,0.7925637713254593,0.9625574146981628,0.9142572998687664,0.7925637713254593,0.9347975482863548,0.3454458077070584
dynamic_bucket8_m-1,5,32768,long-text,0.8114104595879557,0.7828096805282152,0.9613886154855644,0.9085568405511812,0.7828096805282152,0.9304139076309828,0.356487442362321
dynamic_bucket8_m-1,8,8192,long-code,0.3717778046714268,0.931905911663386,0.9998974737532808,0.994643003608924,0.931905911663386,0.9971903613967558,0.1693095061377235
dynamic_bucket8_m-1,8,8192,long-text,0.2570906877662812,0.9463569861384514,0.9996924212598424,0.9930333415354332,0.9463569861384514,0.9964574344745823,0.1260048670356274
dynamic_bucket8_m-1,8,16384,long-code,0.7476726498326742,0.9088349429954068,0.9962680446194224,0.9842827263779528,0.9088349429954068,0.9800180336946284,0.2125454818544017
dynamic_bucket8_m-1,8,16384,long-text,0.730008494114792,0.8972674192093176,0.9925360892388452,0.9776185203412072,0.8972674192093176,0.9737705036547926,0.2306161837235902
dynamic_bucket8_m-1,8,32768,long-code,0.8314975963001278,0.7348158628608924,0.924540682414698,0.8651831118766404,0.7348158628608924,0.8936712669331454,0.3909469778733926
dynamic_bucket8_m-1,8,32768,long-text,0.805534391856886,0.7504190760334646,0.9258530183727034,0.8708835711942258,0.7504190760334646,0.9082338782009746,0.3690443733706138
dynamic_bucket8_m-1,11,8192,long-code,0.292976749789182,0.949445589320866,0.9989542322834646,0.99341781496063,0.949445589320866,0.9960635868254508,0.1257402669037266
dynamic_bucket8_m-1,11,8192,long-text,0.2721419025634795,0.9476065247703412,0.9997949475065616,0.996811433727034,0.9476065247703412,0.9962873965210424,0.1389525883646068
dynamic_bucket8_m-1,11,16384,long-code,0.645600388915897,0.907953217273622,0.9963090551181102,0.98365218996063,0.907953217273622,0.9810063944769772,0.2040325089283876
dynamic_bucket8_m-1,11,16384,long-text,0.6034063260340632,0.8882540805446194,0.9939509514435696,0.9742710383858268,0.8882540805446194,0.973927092038012,0.2191416447815314
dynamic_bucket8_m-1,11,32768,long-code,0.7534234041904297,0.8276713213582677,0.9668430118110236,0.9239665354330708,0.8276713213582677,0.9433072676503796,0.2768136621938754
dynamic_bucket8_m-1,11,32768,long-text,0.7594012413289521,0.7769131397637795,0.9536376312335958,0.8948080708661418,0.7769131397637795,0.9258785704965312,0.337998195315531
dynamic_bucket8_m-1,14,8192,long-code,0.3232711966325917,0.9496826812664042,0.9981340223097112,0.99143905839895,0.9496826812664042,0.9945369444131876,0.1208877156161243
dynamic_bucket8_m-1,14,8192,long-text,0.1708530518141002,0.965804933562992,0.9998359580052494,0.9957400344488188,0.965804933562992,0.996585344296446,0.0829725023763854
dynamic_bucket8_m-1,14,16384,long-code,0.555205047318612,0.8981440186187664,0.9853797572178478,0.9629623933727034,0.8981440186187664,0.9731182898601942,0.1842849680008416
dynamic_bucket8_m-1,14,16384,long-text,0.4756335282651072,0.8930048905019685,0.991941437007874,0.9660176755249344,0.8930048905019685,0.9733239409356692,0.1900327334037597
dynamic_bucket8_m-1,14,32768,long-code,0.7033823484640911,0.758791625656168,0.936044127296588,0.8693559301181102,0.758791625656168,0.9146078975786406,0.3443644910460572
dynamic_bucket8_m-1,14,32768,long-text,0.6858047429145484,0.7387105786581365,0.925278871391076,0.8520597522965879,0.7387105786581365,0.906105306955842,0.3646052711371102
dynamic_bucket8_m-1,17,8192,long-code,0.2623899674424212,0.9386252255577427,0.9970062335958004,0.9850106627296588,0.9386252255577427,0.9945616371555116,0.1246195270433516
dynamic_bucket8_m-1,17,8192,long-text,0.2253247541580673,0.9408333845964568,0.991941437007874,0.9786078986220472,0.9408333845964568,0.9933245237529432,0.1094550857150388
dynamic_bucket8_m-1,17,16384,long-code,0.5379789242858013,0.878421813484252,0.9737122703412072,0.9465992043963256,0.878421813484252,0.9768789160950326,0.2026788644465136
dynamic_bucket8_m-1,17,16384,long-text,0.5142752785049005,0.85498687664042,0.9737122703412072,0.9369104740813649,0.85498687664042,0.9626847460882084,0.2254523664826739
dynamic_bucket8_m-1,17,32768,long-code,0.7200219518887772,0.7835260826771654,0.9296875,0.8755280101706037,0.7835260826771654,0.9332489108219444,0.3027540872831806
dynamic_bucket8_m-1,17,32768,long-text,0.7027191435002129,0.7314299335629921,0.8923064304461942,0.8275611056430446,0.7314299335629921,0.9027356150725692,0.3540504529778061
dynamic_bucket8_m-1,21,8192,long-code,0.1404193076548024,0.971557937582021,0.9994258530183728,0.9954683398950132,0.971557937582021,0.998076093796359,0.0628459968262643
dynamic_bucket8_m-1,21,8192,long-text,0.1241061689492183,0.9731919496391076,0.995837434383202,0.9899370488845144,0.9731919496391076,0.995984901337808,0.0484905637347433
dynamic_bucket8_m-1,21,16384,long-code,0.4171539961013645,0.9177572896161418,0.9859744094488188,0.9690934629265092,0.9177572896161418,0.9853535136436844,0.1432699989878687
dynamic_bucket8_m-1,21,16384,long-text,0.4732981754258349,0.9086644931102362,0.9842109580052494,0.959348343175853,0.9086644931102362,0.9767484791779392,0.1529106642236527
dynamic_bucket8_m-1,21,32768,long-code,0.6219270722271302,0.8249838521161418,0.9569594816272966,0.9092078822178478,0.8249838521161418,0.9506513872642796,0.2528394662280893
dynamic_bucket8_m-1,21,32768,long-text,0.6393567447385253,0.8102700541338582,0.9664124015748032,0.905024811351706,0.8102700541338582,0.946323685731968,0.2758884590524159
dynamic_bucket8_m-1,25,8192,long-code,0.318872280957589,0.9649206446850394,0.999138779527559,0.9952171505905512,0.9649206446850394,0.9966040033315238,0.0894919038583309
dynamic_bucket8_m-1,25,8192,long-text,0.1625740897544454,0.9707364460301836,0.9992002952755904,0.993920193569554,0.9707364460301836,0.9969955762780156,0.0704538002084964
dynamic_bucket8_m-1,25,16384,long-code,0.6242760470645614,0.9309408833661418,0.9960629921259844,0.9833241059711286,0.9309408833661418,0.9832216977739312,0.1361369072974093
dynamic_bucket8_m-1,25,16384,long-text,0.6068563092633115,0.9403271612532808,0.9827140748031497,0.9727382709973752,0.9403271612532808,0.9819838443076788,0.1239861234799081
dynamic_bucket8_m-1,25,32768,long-code,0.7251020283852104,0.7894085260826772,0.9477321194225722,0.8887795275590551,0.7894085260826772,0.931681947371104,0.3034332599342031
dynamic_bucket8_m-1,25,32768,long-text,0.6794427206911237,0.7791366777395013,0.9293594160104988,0.866326279527559,0.7791366777395013,0.9257455350190332,0.3065783076035954
dynamic_bucket8_m-3,2,8192,long-code,0.3252662149080348,0.9307576177001312,0.9982365485564304,0.9831241797900262,0.9307576177001312,0.9952926067608374,0.1352707658053378
dynamic_bucket8_m-3,2,8192,long-text,0.2939328015470147,0.942639128116798,0.9995898950131232,0.9884555446194224,0.942639128116798,0.997083854128502,0.117482872222961
dynamic_bucket8_m-3,2,16384,long-code,0.676056338028169,0.8451661437828084,0.9885785761154856,0.9507105068897638,0.8451661437828084,0.9789286295184282,0.2803018247995504
dynamic_bucket8_m-3,2,16384,long-text,0.6254324734446131,0.8655829642388452,0.9853182414698164,0.9487932660761156,0.8655829642388452,0.9751633595752244,0.2404298373004007
dynamic_bucket8_m-3,2,32768,long-code,0.8384109188398733,0.7648598978838582,0.9519972112860892,0.8922500410104987,0.7648598978838582,0.9412408566968168,0.3720915340774179
dynamic_bucket8_m-3,2,32768,long-text,0.8185887870390108,0.7760365403543307,0.9530839895013123,0.8900047162073491,0.7760365403543307,0.9354257635901934,0.348038029761466
dynamic_bucket8_m-3,5,8192,long-code,0.4878993223620522,0.921385437171916,0.999630905511811,0.9922336368110236,0.921385437171916,0.996301168098802,0.2075212323608995
dynamic_bucket8_m-3,5,8192,long-text,0.3407550822846079,0.937125779199475,0.9992002952755904,0.9907572588582676,0.937125779199475,0.995591696709178,0.1545478183244994
dynamic_bucket8_m-3,5,16384,long-code,0.7317399501307547,0.8763161806922573,0.9927206364829396,0.973368807414698,0.8763161806922573,0.9749707644032304,0.2716423435412189
dynamic_bucket8_m-3,5,16384,long-text,0.6763026843192033,0.8807132750984252,0.9930077099737532,0.9717642716535432,0.8807132750984252,0.971837338812368,0.2445750899314422
dynamic_bucket8_m-3,5,32768,long-code,0.85008377760853,0.7773680999835958,0.958497375328084,0.9062807578740156,0.7773680999835958,0.9280231413674518,0.3656573938533534
dynamic_bucket8_m-3,5,32768,long-text,0.8171872619229011,0.7750535699639107,0.9584768700787402,0.9038457595144356,0.7750535699639107,0.926761418755313,0.3673214934216585
dynamic_bucket8_m-3,8,8192,long-code,0.4107532090094453,0.91307952960958,0.99973343175853,0.9913365321522308,0.91307952960958,0.9960307838484276,0.2043603631362673
dynamic_bucket8_m-3,8,8192,long-text,0.287378640776699,0.9332592581200788,0.9995488845144356,0.990347153871391,0.9332592581200788,0.9954557963940198,0.1514366690751072
dynamic_bucket8_m-3,8,16384,long-code,0.7504708670028556,0.9060526369750656,0.996206528871391,0.9837803477690288,0.9060526369750656,0.9793665308128852,0.218105784077919
dynamic_bucket8_m-3,8,16384,long-text,0.7318734793187348,0.8927729248687664,0.9921054790026248,0.9764651000656168,0.8927729248687664,0.9723700569228656,0.23929674512237
dynamic_bucket8_m-3,8,32768,long-code,0.840181535743657,0.7248797879757218,0.9200090223097112,0.8583446112204725,0.7248797879757218,0.8874640460972549,0.4031517313400415
dynamic_bucket8_m-3,8,32768,long-text,0.8055589418505424,0.7497757238353019,0.925791502624672,0.870488845144357,0.7497757238353019,0.9078794733187788,0.3698577189500449
dynamic_bucket8_m-3,11,8192,long-code,0.4079374624173181,0.9107752522145668,0.9981750328083988,0.9870919455380578,0.9107752522145668,0.9924538901304456,0.207260814617757
dynamic_bucket8_m-3,11,8192,long-text,0.2933301169943312,0.940919250328084,0.9997949475065616,0.9965243602362204,0.940919250328084,0.9958149230638236,0.1544821691618612
dynamic_bucket8_m-3,11,16384,long-code,0.6662608060392061,0.8763802595964567,0.9937253937007874,0.9730971128608924,0.8763802595964567,0.9719017056975848,0.2533798730036176
dynamic_bucket8_m-3,11,16384,long-text,0.6156843643448612,0.8744578924704725,0.9912852690288714,0.9691754839238844,0.8744578924704725,0.9693389392586638,0.2402712543318191
dynamic_bucket8_m-3,11,32768,long-code,0.7885130201995619,0.7789623831200787,0.9482242454068242,0.8899790846456693,0.7789623831200787,0.9193345061836976,0.3332721861841042
dynamic_bucket8_m-3,11,32768,long-text,0.7675636186533544,0.7704732098917323,0.951669127296588,0.8900047162073491,0.7704732098917323,0.9224163211517868,0.3449310547226691
dynamic_bucket8_m-3,14,8192,long-code,0.411051866214251,0.9175022555774278,0.9964320866141732,0.9829447588582676,0.9175022555774278,0.990278627784575,0.1836304322785331
dynamic_bucket8_m-3,14,8192,long-text,0.2089480048367593,0.9503260334645668,0.9993643372703412,0.9920849737532808,0.9503260334645668,0.994340520570332,0.1096420637009171
dynamic_bucket8_m-3,14,16384,long-code,0.613703950961947,0.8528376701935696,0.9701853674540682,0.9359979904855644,0.8528376701935696,0.9552754454504726,0.2449542129643615
dynamic_bucket8_m-3,14,16384,long-text,0.5245901639344263,0.849846466945538,0.97682906824147,0.9347317913385826,0.849846466945538,0.9539894199541272,0.2408597331767747
dynamic_bucket8_m-3,14,32768,long-code,0.755552850970608,0.6938015194389764,0.9019849081364828,0.8177032070209974,0.6938015194389764,0.8790938569018492,0.4175077017168161
dynamic_bucket8_m-3,14,32768,long-text,0.7020965382740127,0.7223435449475065,0.9183275918635172,0.8394080134514436,0.7223435449475065,0.8972855825661424,0.3824121357237024
dynamic_bucket8_m-3,17,8192,long-code,0.3488372093023255,0.9073021756069554,0.9915108267716536,0.9717591453412072,0.9073021756069554,0.9907068937943349,0.173994072593864
dynamic_bucket8_m-3,17,8192,long-text,0.2719106579266812,0.928345687746063,0.9895628280839897,0.9727587762467192,0.928345687746063,0.9918266061319634,0.130905508107165
dynamic_bucket8_m-3,17,16384,long-code,0.5916915029499422,0.841802001312336,0.962659940944882,0.9241767142388452,0.841802001312336,0.9687803467146184,0.2504861544269528
dynamic_bucket8_m-3,17,16384,long-text,0.5254196059352956,0.8328040415846457,0.9652846128608924,0.9205729166666666,0.8328040415846457,0.9535525176606422,0.2506722752963341
dynamic_bucket8_m-3,17,32768,long-code,0.761394754457494,0.7316119176509186,0.895136154855643,0.8328053231627297,0.7316119176509186,0.9093281284777848,0.3600084069023743
dynamic_bucket8_m-3,17,32768,long-text,0.7228006088280061,0.7103941108923885,0.8770505249343832,0.8085424868766404,0.7103941108923885,0.8920759667144836,0.3755970650587075
dynamic_bucket8_m-3,21,8192,long-code,0.2232379119557372,0.9549320250984252,0.9986466535433072,0.9914236794619422,0.9549320250984252,0.9967279471649786,0.0935294494273127
dynamic_bucket8_m-3,21,8192,long-text,0.1386782231852654,0.9668276328740156,0.9952017716535432,0.9864716617454068,0.9668276328740156,0.9949355943273136,0.0575938445609753
dynamic_bucket8_m-3,21,16384,long-code,0.4875373270766043,0.8802595964566929,0.9736097440944882,0.9474399196194224,0.8802595964566929,0.9770657408031777,0.1949114204530813
dynamic_bucket8_m-3,21,16384,long-text,0.4978123480797277,0.8943402948654856,0.9791461614173228,0.9498031496062992,0.8943402948654856,0.9720317409223166,0.1714699125618578
dynamic_bucket8_m-3,21,32768,long-code,0.6644542548333079,0.7777384760498688,0.935285433070866,0.8741336532152231,0.7777384760498688,0.9312914554740996,0.3047290543247433
dynamic_bucket8_m-3,21,32768,long-text,0.6544923301680059,0.792224153133202,0.9612450787401576,0.89281906167979,0.792224153133202,0.9396801691497542,0.2968746631110314
dynamic_bucket8_m-3,25,8192,long-code,0.378835467504228,0.9477846641240156,0.9975803805774278,0.9900857119422573,0.9477846641240156,0.9943784255827012,0.121474214546835
dynamic_bucket8_m-3,25,8192,long-text,0.2180048661800486,0.9551665538877953,0.9961655183727034,0.9867792404855644,0.9551665538877953,0.9945912986425038,0.1000089764731204
dynamic_bucket8_m-3,25,16384,long-code,0.6373960041294711,0.9176470739009186,0.9938279199475064,0.9778543307086616,0.9176470739009186,0.9787636260473236,0.1574491079037805
dynamic_bucket8_m-3,25,16384,long-text,0.614487117160914,0.9371949844160103,0.9795972769028872,0.96973937828084,0.9371949844160103,0.9803711954227112,0.1280613298943858
dynamic_bucket8_m-3,25,32768,long-code,0.7426222019186843,0.7668694123195539,0.9392839566929134,0.8736620324803149,0.7668694123195539,0.9216091412834682,0.3302526473515971
dynamic_bucket8_m-3,25,32768,long-text,0.6977069947318737,0.767344877788714,0.9178149606299212,0.8538693405511811,0.767344877788714,0.9192224416401076,0.317326249943646
dynamic_bucket8_m-4,2,8192,long-code,0.3252662149080348,0.9307576177001312,0.9982365485564304,0.9831241797900262,0.9307576177001312,0.9952926067608374,0.1352707658053378
dynamic_bucket8_m-4,2,8192,long-text,0.2939328015470147,0.942639128116798,0.9995898950131232,0.9884555446194224,0.942639128116798,0.997083854128502,0.117482872222961
dynamic_bucket8_m-4,2,16384,long-code,0.676056338028169,0.8451661437828084,0.9885785761154856,0.9507105068897638,0.8451661437828084,0.9789286295184282,0.2803018247995504
dynamic_bucket8_m-4,2,16384,long-text,0.6254324734446131,0.8655829642388452,0.9853182414698164,0.9487932660761156,0.8655829642388452,0.9751633595752244,0.2404298373004007
dynamic_bucket8_m-4,2,32768,long-code,0.8384109188398733,0.7648598978838582,0.9519972112860892,0.8922500410104987,0.7648598978838582,0.9412408566968168,0.3720915340774179
dynamic_bucket8_m-4,2,32768,long-text,0.8185887870390108,0.7760365403543307,0.9530839895013123,0.8900047162073491,0.7760365403543307,0.9354257635901934,0.348038029761466
dynamic_bucket8_m-4,5,8192,long-code,0.4878993223620522,0.9207036376312336,0.9996104002624672,0.9920234580052494,0.9207036376312336,0.996265999903599,0.2090137176001646
dynamic_bucket8_m-4,5,8192,long-text,0.3407550822846079,0.9369463582677166,0.9992002952755904,0.990736753608924,0.9369463582677166,0.9955784560829948,0.1548778452874791
dynamic_bucket8_m-4,5,16384,long-code,0.7317399501307547,0.8763161806922573,0.9927206364829396,0.973368807414698,0.8763161806922573,0.9749707644032304,0.2716423435412189
dynamic_bucket8_m-4,5,16384,long-text,0.6763026843192033,0.8807132750984252,0.9930077099737532,0.9717642716535432,0.8807132750984252,0.971837338812368,0.2445750899314422
dynamic_bucket8_m-4,5,32768,long-code,0.85008377760853,0.7773680999835958,0.958497375328084,0.9062807578740156,0.7773680999835958,0.9280231413674518,0.3656573938533534
dynamic_bucket8_m-4,5,32768,long-text,0.8171872619229011,0.7750535699639107,0.9584768700787402,0.9038457595144356,0.7750535699639107,0.926761418755313,0.3673214934216585
dynamic_bucket8_m-4,8,8192,long-code,0.4107532090094453,0.91307952960958,0.99973343175853,0.9913365321522308,0.91307952960958,0.9960307838484276,0.2043603631362673
dynamic_bucket8_m-4,8,8192,long-text,0.287378640776699,0.9332592581200788,0.9995488845144356,0.990347153871391,0.9332592581200788,0.9954557963940198,0.1514366690751072
dynamic_bucket8_m-4,8,16384,long-code,0.7504708670028556,0.9060526369750656,0.996206528871391,0.9837803477690288,0.9060526369750656,0.9793665308128852,0.218105784077919
dynamic_bucket8_m-4,8,16384,long-text,0.7318734793187348,0.8927729248687664,0.9921054790026248,0.9764651000656168,0.8927729248687664,0.9723700569228656,0.23929674512237
dynamic_bucket8_m-4,8,32768,long-code,0.840181535743657,0.7248797879757218,0.9200090223097112,0.8583446112204725,0.7248797879757218,0.8874640460972549,0.4031517313400415
dynamic_bucket8_m-4,8,32768,long-text,0.8055589418505424,0.7497757238353019,0.925791502624672,0.870488845144357,0.7497757238353019,0.9078794733187788,0.3698577189500449
dynamic_bucket8_m-4,11,8192,long-code,0.4092664092664092,0.9101767552493438,0.9981135170603674,0.9869022719816272,0.9101767552493438,0.9923683854949537,0.2084225227037665
dynamic_bucket8_m-4,11,8192,long-text,0.2933301169943312,0.940919250328084,0.9997949475065616,0.9965243602362204,0.940919250328084,0.9958149230638236,0.1544821691618612
dynamic_bucket8_m-4,11,16384,long-code,0.6662608060392061,0.8761277887139107,0.9937253937007874,0.973025344488189,0.8761277887139107,0.9718382767161252,0.2536653145609671
dynamic_bucket8_m-4,11,16384,long-text,0.6156843643448612,0.8744578924704725,0.9912852690288714,0.9691754839238844,0.8744578924704725,0.9693389392586638,0.2402712543318191
dynamic_bucket8_m-4,11,32768,long-code,0.7885130201995619,0.7789623831200787,0.9482242454068242,0.8899790846456693,0.7789623831200787,0.9193345061836976,0.3332721861841042
dynamic_bucket8_m-4,11,32768,long-text,0.7675636186533544,0.7704732098917323,0.951669127296588,0.8900047162073491,0.7704732098917323,0.9224163211517868,0.3449310547226691
dynamic_bucket8_m-4,14,8192,long-code,0.4114008489993935,0.9163578063484252,0.996350065616798,0.9827243274278216,0.9163578063484252,0.9901282005083524,0.1860699459756817
dynamic_bucket8_m-4,14,8192,long-text,0.2089480048367593,0.9503260334645668,0.9993643372703412,0.9920849737532808,0.9503260334645668,0.994340520570332,0.1096420637009171
dynamic_bucket8_m-4,14,16384,long-code,0.613703950961947,0.8528376701935696,0.9701853674540682,0.9359979904855644,0.8528376701935696,0.9552754454504726,0.2449542129643615
dynamic_bucket8_m-4,14,16384,long-text,0.5245901639344263,0.849846466945538,0.97682906824147,0.9347317913385826,0.849846466945538,0.9539894199541272,0.2408597331767747
dynamic_bucket8_m-4,14,32768,long-code,0.755552850970608,0.6937963931266404,0.9019849081364828,0.8177032070209974,0.6937963931266404,0.8790918262431877,0.4175144838147904
dynamic_bucket8_m-4,14,32768,long-text,0.7020965382740127,0.7223435449475065,0.9183275918635172,0.8394080134514436,0.7223435449475065,0.8972855825661424,0.3824121357237024
dynamic_bucket8_m-4,17,8192,long-code,0.3488372093023255,0.9069112942913384,0.9914903215223098,0.9716258612204725,0.9069112942913384,0.9906533240221028,0.1746566675682688
dynamic_bucket8_m-4,17,8192,long-text,0.2719106579266812,0.928345687746063,0.9895628280839897,0.9727587762467192,0.928345687746063,0.9918266061319634,0.130905508107165
dynamic_bucket8_m-4,17,16384,long-code,0.5916915029499422,0.841802001312336,0.962659940944882,0.9241767142388452,0.841802001312336,0.9687803467146184,0.2504861544269528
dynamic_bucket8_m-4,17,16384,long-text,0.5254196059352956,0.8328040415846457,0.9652846128608924,0.9205729166666666,0.8328040415846457,0.9535525176606422,0.2506722752963341
dynamic_bucket8_m-4,17,32768,long-code,0.761394754457494,0.7316119176509186,0.895136154855643,0.8328053231627297,0.7316119176509186,0.9093281284777848,0.3600084069023743
dynamic_bucket8_m-4,17,32768,long-text,0.7228006088280061,0.7103941108923885,0.8770505249343832,0.8085424868766404,0.7103941108923885,0.8920759667144836,0.3755970650587075
dynamic_bucket8_m-4,21,8192,long-code,0.2236953115583946,0.9535568918143044,0.9986056430446194,0.9910545849737532,0.9535568918143044,0.996611048171906,0.0956147218115954
dynamic_bucket8_m-4,21,8192,long-text,0.1386782231852654,0.9668276328740156,0.9952017716535432,0.9864716617454068,0.9668276328740156,0.9949355943273136,0.0575938445609753
dynamic_bucket8_m-4,21,16384,long-code,0.4875373270766043,0.8802595964566929,0.9736097440944882,0.9474399196194224,0.8802595964566929,0.9770657408031777,0.1949114204530813
dynamic_bucket8_m-4,21,16384,long-text,0.4978123480797277,0.8943402948654856,0.9791461614173228,0.9498031496062992,0.8943402948654856,0.9720317409223166,0.1714699125618578
dynamic_bucket8_m-4,21,32768,long-code,0.6644542548333079,0.7777384760498688,0.935285433070866,0.8741336532152231,0.7777384760498688,0.9312914554740996,0.3047290543247433
dynamic_bucket8_m-4,21,32768,long-text,0.6544923301680059,0.792224153133202,0.9612450787401576,0.89281906167979,0.792224153133202,0.9396801691497542,0.2968746631110314
dynamic_bucket8_m-4,25,8192,long-code,0.3798449612403101,0.946772217437664,0.9975803805774278,0.9899165436351706,0.946772217437664,0.9942899191592128,0.1237202347579402
dynamic_bucket8_m-4,25,8192,long-text,0.2180048661800486,0.9551665538877953,0.9961655183727034,0.9867792404855644,0.9551665538877953,0.9945912986425038,0.1000089764731204
dynamic_bucket8_m-4,25,16384,long-code,0.6373960041294711,0.9176470739009186,0.9938279199475064,0.9778543307086616,0.9176470739009186,0.9787636260473236,0.1574491079037805
dynamic_bucket8_m-4,25,16384,long-text,0.614487117160914,0.9371949844160103,0.9795972769028872,0.96973937828084,0.9371949844160103,0.9803711954227112,0.1280613298943858
dynamic_bucket8_m-4,25,32768,long-code,0.7426222019186843,0.7668694123195539,0.9392839566929134,0.8736620324803149,0.7668694123195539,0.9216091412834682,0.3302526473515971
dynamic_bucket8_m-4,25,32768,long-text,0.6977069947318737,0.767344877788714,0.9178149606299212,0.8538693405511811,0.767344877788714,0.9192224416401076,0.317326249943646
dynamic_bucket8_m0,2,8192,long-code,0.2005544172592503,0.9811326074475064,0.9998974737532808,0.997554749015748,0.9811326074475064,0.9989583290636256,0.0465708057988826
dynamic_bucket8_m0,2,8192,long-text,0.186069049061175,0.9779184096128608,0.999876968503937,0.9965243602362204,0.9779184096128608,0.9989815523235892,0.0500644009984856
dynamic_bucket8_m0,2,16384,long-code,0.5529998783010831,0.9183237471292652,0.9969242125984252,0.9820835383858268,0.9183237471292652,0.991393645656082,0.1697377122684973
dynamic_bucket8_m0,2,16384,long-text,0.5367365542388332,0.914325223507218,0.9943405511811024,0.972651123687664,0.914325223507218,0.9863180494482364,0.168845850780448
dynamic_bucket8_m0,2,32768,long-code,0.7492094380929215,0.8660379244586615,0.9819143700787402,0.9517562746062992,0.8660379244586615,0.9731860555616236,0.2385996679951822
dynamic_bucket8_m0,2,32768,long-text,0.7237259205071933,0.8643193282480315,0.9812582020997376,0.9471015830052494,0.8643193282480315,0.9679608481899304,0.2355510537961127
dynamic_bucket8_m0,5,8192,long-code,0.3241678726483358,0.975582092765748,0.9999794947506562,0.9990003690944882,0.975582092765748,0.9990194200042009,0.0785840660640718
dynamic_bucket8_m0,5,8192,long-text,0.2165297245045916,0.9773955257545932,0.999774442257218,0.9979699803149606,0.9773955257545932,0.998763137070989,0.0671740037533618
dynamic_bucket8_m0,5,16384,long-code,0.6232122208021422,0.9485446399278216,0.9979084645669292,0.9920542158792652,0.9485446399278216,0.99178669084292,0.1324981287050393
dynamic_bucket8_m0,5,16384,long-text,0.5592572364827963,0.948713808234908,0.9976008858267716,0.9902548802493438,0.948713808234908,0.989773099271568,0.1200114966046842
dynamic_bucket8_m0,5,32768,long-code,0.75365141187926,0.8908992577099738,0.9881274606299212,0.9661304543963256,0.8908992577099738,0.9728955813750186,0.2065424680902081
dynamic_bucket8_m0,5,32768,long-text,0.7274943621624916,0.880603059383202,0.9858923884514436,0.9605889107611548,0.880603059383202,0.9689714524480448,0.2209924762380272
dynamic_bucket8_m0,8,8192,long-code,0.2491181121518063,0.9717347953576116,0.9999794947506562,0.998169906496063,0.9717347953576116,0.9989188257309,0.0787229272178557
dynamic_bucket8_m0,8,8192,long-text,0.1471264367816092,0.9793883796751968,0.999876968503937,0.9982262959317584,0.9793883796751968,0.998765919928327,0.0552796410884227
dynamic_bucket8_m0,8,16384,long-code,0.6978982637831253,0.952165098015092,0.9986261482939632,0.9934844570209974,0.952165098015092,0.9909316927967292,0.1237520582562025
dynamic_bucket8_m0,8,16384,long-text,0.6468188736681888,0.953008376394357,0.9969857283464568,0.990598343175853,0.953008376394357,0.9893165971303268,0.117987027835377
dynamic_bucket8_m0,8,32768,long-code,0.7353407290015848,0.8609833804954068,0.9738353018372704,0.942985154199475,0.8609833804954068,0.9557854002035432,0.2299765737990851
dynamic_bucket8_m0,8,32768,long-text,0.7077316761104002,0.8625238373523622,0.9701238517060368,0.9415754183070866,0.8625238373523622,0.9593597180859176,0.2283770512470307
dynamic_bucket8_m0,11,8192,long-code,0.1635832521908471,0.9853220862040682,1.0,0.9994258530183728,0.9853220862040682,0.9991797964356672,0.0470911565430383
dynamic_bucket8_m0,11,8192,long-text,0.1712895377128953,0.9779837700951444,0.999876968503937,0.9990003690944882,0.9779837700951444,0.9986188990914178,0.0682387446247752
dynamic_bucket8_m0,11,16384,long-code,0.5271317829457365,0.9588574987696852,0.9996514107611548,0.996088623687664,0.9588574987696852,0.9936552983378714,0.1069948805769275
dynamic_bucket8_m0,11,16384,long-text,0.4840500152485514,0.9487804502952756,0.9966166338582676,0.9898960383858268,0.9487804502952756,0.9895076194944924,0.1142241811388133
dynamic_bucket8_m0,11,32768,long-code,0.6663419386264005,0.91087906003937,0.9880044291338582,0.9686936105643044,0.91087906003937,0.9756566484459638,0.1629439891663985
dynamic_bucket8_m0,11,32768,long-text,0.6557497026804501,0.8837518967355643,0.988394028871391,0.961675688976378,0.8837518967355643,0.9705034720162904,0.2057022619436567
dynamic_bucket8_m0,14,8192,long-code,0.2087460739309011,0.9785463828740156,0.9991592847769027,0.9972317913385826,0.9785463828740156,0.9978164945465434,0.0593083127252276
dynamic_bucket8_m0,14,8192,long-text,0.0933284724753918,0.9879916133530184,0.9999794947506562,0.9993489583333334,0.9879916133530184,0.9990306764499868,0.0360057977258922
dynamic_bucket8_m0,14,16384,long-code,0.4482338611449452,0.9544155491305776,0.995119750656168,0.9874764189632546,0.9544155491305776,0.9898066251996862,0.0967660832684767
dynamic_bucket8_m0,14,16384,long-text,0.3624185593375144,0.9540092888779528,0.9983185695538058,0.990726500984252,0.9540092888779528,0.9911515781097684,0.0965520958980102
dynamic_bucket8_m0,14,32768,long-code,0.569895096364967,0.8902905081200787,0.982303969816273,0.9537145259186351,0.8902905081200787,0.969511629389224,0.1795922543945286
dynamic_bucket8_m0,14,32768,long-text,0.559761077588834,0.8633671157316273,0.973876312335958,0.9386277887139108,0.8633671157316273,0.9614338443630556,0.2152448382553671
dynamic_bucket8_m0,17,8192,long-code,0.1466650584971656,0.9694189837598424,0.997785433070866,0.99122375328084,0.9694189837598424,0.9969566799183368,0.0635362937788279
dynamic_bucket8_m0,17,8192,long-text,0.0847274040197376,0.9820079252788714,0.998523622047244,0.9952991715879264,0.9820079252788714,0.9983819544856768,0.0396797834402757
dynamic_bucket8_m0,17,16384,long-code,0.4171031794372031,0.9438066457513123,0.9921259842519684,0.9814017388451444,0.9438066457513123,0.9908133773442284,0.1070698425268408
dynamic_bucket8_m0,17,16384,long-text,0.3472535511796623,0.9453560736548556,0.9940329724409448,0.981945127952756,0.9453560736548556,0.988727944910847,0.0988244397728105
dynamic_bucket8_m0,17,32768,long-code,0.6056659465051881,0.8916156598589239,0.9794127296587928,0.950669496391076,0.8916156598589239,0.973329011550603,0.171782255272068
dynamic_bucket8_m0,17,32768,long-text,0.5925745439039991,0.8576243643372703,0.9624548884514436,0.9253711450131232,0.8576243643372703,0.9584995295399724,0.2095957276165441
dynamic_bucket8_m0,21,8192,long-code,0.0772200772200771,0.9883017552493438,0.9999794947506562,0.99901062171916,0.9883017552493438,0.9993267687008688,0.0316090543326608
dynamic_bucket8_m0,21,8192,long-text,0.0623401923779374,0.9924002419619422,0.9996104002624672,0.9974778543307088,0.9924002419619422,0.9990266353024344,0.0152901157242313
dynamic_bucket8_m0,21,16384,long-code,0.2810441571114905,0.9626881356627296,0.9980930118110236,0.9915108267716536,0.9626881356627296,0.99479825834934,0.0767930915404159
dynamic_bucket8_m0,21,16384,long-text,0.3826723611958511,0.949232847358924,0.9929461942257218,0.9812376968503936,0.949232847358924,0.9880822275178452,0.0932983557241002
dynamic_bucket8_m0,21,32768,long-code,0.5100687473383221,0.905154250738189,0.9825705380577427,0.9595072588582676,0.905154250738189,0.976666212009013,0.1539633661261247
dynamic_bucket8_m0,21,32768,long-text,0.5016622441821454,0.90891311925853,0.9904035433070866,0.9648796341863516,0.90891311925853,0.9788394817128856,0.1496383598131077
dynamic_bucket8_m0,25,8192,long-code,0.2416859544402485,0.9834830216535432,0.9998154527559056,0.9984569799868768,0.9834830216535432,0.9985791891808016,0.0482498813198354
dynamic_bucket8_m0,25,8192,long-text,0.0852816474863719,0.9906278194717848,0.9999589895013123,0.9988773375984252,0.9906278194717848,0.9992290712080222,0.0269465295563443
dynamic_bucket8_m0,25,16384,long-code,0.5578446909667195,0.9702981463254592,0.9986876640419948,0.9942790354330708,0.9702981463254592,0.9937544618779204,0.068657051029268
dynamic_bucket8_m0,25,16384,long-text,0.5067917402692331,0.9697906414041996,0.9969037073490814,0.9900293225065616,0.9697906414041996,0.9927964681234428,0.0738635943336816
dynamic_bucket8_m0,25,32768,long-code,0.6132132862878696,0.8899995898950132,0.982919127296588,0.9524534530839897,0.8899995898950132,0.9706977263070627,0.1760220054681688
dynamic_bucket8_m0,25,32768,long-text,0.5341455985379227,0.8982503895997376,0.980704560367454,0.9534325787401576,0.8982503895997376,0.9726163050520056,0.1628925912936267
dynamic_bucket8_m0.5,2,8192,long-code,0.124969489870637,0.9928616100721784,0.9999794947506562,0.999282316272966,0.9928616100721784,0.9996400571698578,0.0212721753441658
dynamic_bucket8_m0.5,2,8192,long-text,0.1080820265379975,0.9933319492290026,0.9999794947506562,0.999138779527559,0.9933319492290026,0.9997117405538588,0.0172235767881824
dynamic_bucket8_m0.5,2,16384,long-code,0.3773630782323263,0.9690960260826772,0.9994053477690288,0.9951863927165354,0.9690960260826772,0.9973891300003016,0.0743421917306106
dynamic_bucket8_m0.5,2,16384,long-text,0.3622862012295331,0.9683950028707348,0.9976213910761156,0.9915877214566928,0.9683950028707348,0.995533179590071,0.0721129984369746
dynamic_bucket8_m0.5,2,32768,long-code,0.5936920222634509,0.9519882402395012,0.9961245078740156,0.9883017552493438,0.9519882402395012,0.9928133685572028,0.100712113927154
dynamic_bucket8_m0.5,2,32768,long-text,0.5576577399993907,0.9508873646653544,0.9958784448818898,0.986328125,0.9508873646653544,0.9909387842727336,0.1000837035888036
dynamic_bucket8_m0.5,5,8192,long-code,0.2390649475840462,0.98854141035105,1.0,0.9995540108267716,0.98854141035105,0.9995292944056744,0.0406378481808572
dynamic_bucket8_m0.5,5,8192,long-text,0.1472154963680387,0.9894385150098424,0.9999589895013123,0.9993438320209974,0.9894385150098424,0.9994772340640656,0.0344808670726193
dynamic_bucket8_m0.5,5,16384,long-code,0.5136186770428015,0.9817772412237532,0.9993848425196852,0.9974112122703412,0.9817772412237532,0.997378771642902,0.0506192748997404
dynamic_bucket8_m0.5,5,16384,long-text,0.4382764680928428,0.9848363681102362,0.9991797900262468,0.9974060859580052,0.9848363681102362,0.997270908457724,0.0414267001574492
dynamic_bucket8_m0.5,5,32768,long-code,0.6215483910250555,0.9656754941765092,0.9983595800524936,0.9932999097769027,0.9656754941765092,0.9935815564867388,0.0761032322620313
dynamic_bucket8_m0.5,5,32768,long-text,0.5663716814159292,0.9569351316437008,0.9965551181102362,0.9882402395013123,0.9569351316437008,0.9906682542147855,0.088894076796513
dynamic_bucket8_m0.5,8,8192,long-code,0.1628498727735369,0.9882197342519684,1.0,0.999528379265092,0.9882197342519684,0.999525313970574,0.038049237106756
dynamic_bucket8_m0.5,8,8192,long-text,0.0620079932178757,0.9956567318733596,0.9999794947506562,0.9996975475721784,0.9956567318733596,0.9997784600708556,0.0148422870249568
dynamic_bucket8_m0.5,8,16384,long-code,0.6295081967213114,0.9791820456036744,0.9994463582677166,0.9971805282152232,0.9791820456036744,0.9962813938735744,0.0582305684179413
dynamic_bucket8_m0.5,8,16384,long-text,0.5334955886826893,0.9875981688812336,0.998790190288714,0.9971754019028872,0.9875981688812336,0.9970603306593014,0.0341092953744936
dynamic_bucket8_m0.5,8,32768,long-code,0.5584166844009364,0.9628457697670604,0.9946891404199476,0.987553313648294,0.9628457697670604,0.9902611133632504,0.0681417082660242
dynamic_bucket8_m0.5,8,32768,long-text,0.5097896144959261,0.9656921546916012,0.9956323818897638,0.9888246391076116,0.9656921546916012,0.9921089425974992,0.0645786842204259
dynamic_bucket8_m0.5,11,8192,long-code,0.1077570655441972,0.9938573962434384,1.0,0.9998410843175852,0.9938573962434384,0.9996818399485028,0.0223888224308689
dynamic_bucket8_m0.5,11,8192,long-text,0.0775757575757576,0.994395659038714,0.9999384842519684,0.999779568569554,0.994395659038714,0.9996473420181112,0.0212522099423648
dynamic_bucket8_m0.5,11,16384,long-code,0.4345295829291949,0.9819015542979004,0.9999384842519684,0.9986722851049868,0.9819015542979004,0.9975749436886644,0.0516814048726819
dynamic_bucket8_m0.5,11,16384,long-text,0.3265702830761754,0.9871162955216536,0.9993848425196852,0.998785063976378,0.9871162955216536,0.9980572590686292,0.0367940021484058
dynamic_bucket8_m0.5,11,32768,long-code,0.5564540645710464,0.9618909940944882,0.9962270341207348,0.989860154199475,0.9618909940944882,0.991080292204332,0.0772702375669918
dynamic_bucket8_m0.5,11,32768,long-text,0.4931924096128659,0.9660074229002624,0.9981135170603674,0.992556594488189,0.9660074229002624,0.9933784305996785,0.070956421105649
dynamic_bucket8_m0.5,14,8192,long-code,0.1463297232250301,0.9881248974737532,0.9995898950131232,0.9986774114173228,0.9881248974737532,0.9987960813142558,0.034924237995873
dynamic_bucket8_m0.5,14,8192,long-text,0.0544416089439786,0.9951389743274278,1.0,0.9997026738845144,0.9951389743274278,0.9995912956379304,0.0160505758511292
dynamic_bucket8_m0.5,14,16384,long-code,0.3575418994413407,0.9823885539698164,0.998790190288714,0.996698654855643,0.9823885539698164,0.9967564202226218,0.0432669728179214
dynamic_bucket8_m0.5,14,16384,long-text,0.2486945962355798,0.9818477280183728,0.9994258530183728,0.9966730232939632,0.9818477280183728,0.9968075388954584,0.0412934837788366
dynamic_bucket8_m0.5,14,32768,long-code,0.4334217992129587,0.959467529937664,0.9951402559055118,0.9865331774934384,0.959467529937664,0.9906114744033828,0.0762294909650062
dynamic_bucket8_m0.5,14,32768,long-text,0.4080287962906472,0.9447627030019684,0.9899114173228346,0.9774134678477692,0.9447627030019684,0.9865318352113802,0.0934487732038544
dynamic_bucket8_m0.5,17,8192,long-code,0.0695400217312568,0.988786191765092,0.999753937007874,0.9979392224409448,0.988786191765092,0.999074219788379,0.0268418602294049
dynamic_bucket8_m0.5,17,8192,long-text,0.0155642023346302,0.9972151308234908,0.999876968503937,0.9995898950131232,0.9972151308234908,0.9998196019161696,0.0079072655322538
dynamic_bucket8_m0.5,17,16384,long-code,0.3000304414003044,0.9776172387631232,0.997682906824147,0.9935818569553806,0.9776172387631232,0.9965403749756108,0.0474573329013382
dynamic_bucket8_m0.5,17,16384,long-text,0.1512635597842555,0.9899011646981628,0.9990772637795275,0.9971292650918636,0.9899011646981628,0.9981205678413896,0.0216022509840167
dynamic_bucket8_m0.5,17,32768,long-code,0.4498402555910543,0.9580808624507874,0.9949352034120736,0.98512344160105,0.9580808624507874,0.9911203194823792,0.0750731402021436
dynamic_bucket8_m0.5,17,32768,long-text,0.3814041168779835,0.961427062828084,0.9943200459317584,0.984877378608924,0.961427062828084,0.991282792414991,0.0644210446358221
dynamic_bucket8_m0.5,21,8192,long-code,0.0465736810187992,0.9950364480807088,0.9999794947506562,0.9997231791338582,0.9950364480807088,0.9997613507469164,0.0157478311914627
dynamic_bucket8_m0.5,21,8192,long-text,0.0310115081768624,0.99780593832021,0.9999589895013123,0.99951812664042,0.99780593832021,0.9998006146136588,0.0051903549092146
dynamic_bucket8_m0.5,21,16384,long-code,0.2016480853126514,0.9842186474737532,0.9994463582677166,0.9971138861548556,0.9842186474737532,0.9980757543172584,0.0360003846690838
dynamic_bucket8_m0.5,21,16384,long-text,0.2028031687995125,0.9812928047080052,0.998544127296588,0.9945609826115486,0.9812928047080052,0.996033617519924,0.0371003218093548
dynamic_bucket8_m0.5,21,32768,long-code,0.3822525597269625,0.9601698347276902,0.994853182414698,0.985851377952756,0.9601698347276902,0.9913603663497688,0.0724322220037563
dynamic_bucket8_m0.5,21,32768,long-text,0.333130403019603,0.9696970862040682,0.99780593832021,0.990224122375328,0.9696970862040682,0.9937635830033932,0.0545258437878022
dynamic_bucket8_m0.5,25,8192,long-code,0.1545707040212535,0.9926040128772966,0.9999179790026248,0.9994771161417324,0.9926040128772966,0.9994045273855862,0.0241652662552598
dynamic_bucket8_m0.5,25,8192,long-text,0.031185284443903,0.995980971128609,0.9999794947506562,0.9994566108923884,0.995980971128609,0.9996753809739304,0.0114977995148393
dynamic_bucket8_m0.5,25,16384,long-code,0.4990253411306042,0.986084625164042,0.9995898950131232,0.9978777066929134,0.986084625164042,0.9973817745722168,0.0354056664814002
dynamic_bucket8_m0.5,25,16384,long-text,0.3960203834020869,0.9913173084809712,0.9992002952755904,0.9978623277559056,0.9913173084809712,0.9982539761187672,0.024659764030123
dynamic_bucket8_m0.5,25,32768,long-code,0.4731222049831158,0.957505433891076,0.995365813648294,0.984369873687664,0.957505433891076,0.9902253129257088,0.0750055040582843
dynamic_bucket8_m0.5,25,32768,long-text,0.352858752931859,0.9723230396981628,0.995591371391076,0.9890553231627296,0.9723230396981628,0.993245869737004,0.0498568994238697
dynamic_previous_max_m-0.25,2,8192,long-code,0.2395267415187734,0.9659830729166666,0.9994053477690288,0.9934690780839897,0.9659830729166666,0.9977794865484096,0.0753003036077036
dynamic_previous_max_m-0.25,2,8192,long-text,0.2250242483026188,0.9630367249015748,0.9997949475065616,0.9932691519028872,0.9630367249015748,0.9981783638619408,0.0784071369539133
dynamic_previous_max_m-0.25,2,16384,long-code,0.6034430318145872,0.8926806512467191,0.9940329724409448,0.9720257135826772,0.8926806512467191,0.9874199430044792,0.211327780138287
dynamic_previous_max_m-0.25,2,16384,long-text,0.5837995621503285,0.8866738947670604,0.9882299868766404,0.9573388287401576,0.8866738947670604,0.9797053072317208,0.2079730566763444
dynamic_previous_max_m-0.25,2,32768,long-code,0.7878843282445074,0.8257028174212598,0.9730971128608924,0.9315893618766404,0.8257028174212598,0.9624825481452508,0.2949273432440364
dynamic_previous_max_m-0.25,2,32768,long-text,0.7676570871894788,0.8222810039370079,0.9682988845144356,0.9214187582020996,0.8222810039370079,0.9534319706790032,0.2911651133953746
dynamic_previous_max_m-0.25,5,8192,long-code,0.3663824604141291,0.9689037893700788,0.9999589895013123,0.9985953904199476,0.9689037893700788,0.9987436054525424,0.0973427537365059
dynamic_previous_max_m-0.25,5,8192,long-text,0.2398162697933035,0.973148375984252,0.999753937007874,0.9974676017060368,0.973148375984252,0.9984598678289904,0.07729598308549
dynamic_previous_max_m-0.25,5,16384,long-code,0.6652887537993921,0.931757248605643,0.9971702755905512,0.9891886072834646,0.931757248605643,0.9886319099914636,0.1696232501794261
dynamic_previous_max_m-0.25,5,16384,long-text,0.6015402340670668,0.9298861446030184,0.9968626968503936,0.9863793881233596,0.9298861446030184,0.9854885734418278,0.1584665513172139
dynamic_previous_max_m-0.25,5,32768,long-code,0.7920260919925626,0.850334748195538,0.9785925196850394,0.9480858349737532,0.850334748195538,0.9589510537510246,0.2683126105617359
dynamic_previous_max_m-0.25,5,32768,long-text,0.7608364323599341,0.8479663918963255,0.9791666666666666,0.9460148047900262,0.8479663918963255,0.9576696322687572,0.2708591035962062
dynamic_previous_max_m-0.25,8,8192,long-code,0.2848207842193889,0.9618397309711286,0.9999384842519684,0.99729843339895,0.9618397309711286,0.9984782509332868,0.1019666856657084
dynamic_previous_max_m-0.25,8,8192,long-text,0.1850602409638554,0.9678157295767716,0.9998564632545932,0.9964423392388452,0.9678157295767716,0.9979545305020184,0.0808446080184906
dynamic_previous_max_m-0.25,8,16384,long-code,0.7149101505585236,0.9391711778215224,0.9980930118110236,0.991685121391076,0.9391711778215224,0.9882671374838224,0.1551636139301859
dynamic_previous_max_m-0.25,8,16384,long-text,0.6854082998661312,0.930671751968504,0.9950172244094488,0.9852054625984252,0.930671751968504,0.983145818662963,0.1643400197918185
dynamic_previous_max_m-0.25,8,32768,long-code,0.7839839107779505,0.8087782972440944,0.9574926181102362,0.914918594160105,0.8087782972440944,0.9333851314091238,0.3020283571005837
dynamic_previous_max_m-0.25,8,32768,long-text,0.7564965727341965,0.8024626804461942,0.9491879921259844,0.9063371473097112,0.8024626804461942,0.9340457128668824,0.3073257287739272
dynamic_previous_max_m-0.25,11,8192,long-code,0.1942926533090467,0.979476808562992,0.9999794947506562,0.9989491059711286,0.979476808562992,0.9988003878302484,0.0618550476376076
dynamic_previous_max_m-0.25,11,8192,long-text,0.2099635479951397,0.9696471046587928,0.9998154527559056,0.9984826115485564,0.9696471046587928,0.9980272079070908,0.0894559585413374
dynamic_previous_max_m-0.25,11,16384,long-code,0.5635855702660026,0.9462083230807088,0.9992002952755904,0.9940996145013123,0.9462083230807088,0.9911172386125394,0.1339825386258071
dynamic_previous_max_m-0.25,11,16384,long-text,0.5176356117732912,0.9334463685203412,0.9961450131233596,0.987056061351706,0.9334463685203412,0.986109431007923,0.1424192726413925
dynamic_previous_max_m-0.25,11,32768,long-code,0.69995430312262,0.8843606463254593,0.982652559055118,0.9554318405511812,0.8843606463254593,0.9661928358862338,0.2014133642427659
dynamic_previous_max_m-0.25,11,32768,long-text,0.6996985108262022,0.8383340510170604,0.9759063320209974,0.9355878854986877,0.8383340510170604,0.9533757848227454,0.265214727404684
dynamic_previous_max_m-0.25,14,8192,long-code,0.2404557023391104,0.9718386031824148,0.9989132217847768,0.995863065944882,0.9718386031824148,0.997146977759786,0.0742779896163186
dynamic_previous_max_m-0.25,14,8192,long-text,0.1082910321489001,0.9840968975557742,0.9999179790026248,0.99879531660105,0.9840968975557742,0.9985980101121787,0.0452292719227902
dynamic_previous_max_m-0.25,14,16384,long-code,0.4846722403974313,0.940662934711286,0.9921875,0.9820989173228346,0.940662934711286,0.986066362210317,0.1212836155176954
dynamic_previous_max_m-0.25,14,16384,long-text,0.3994667313052963,0.9386918676181102,0.9969242125984252,0.985472030839895,0.9386918676181102,0.987107884780904,0.1222138428413887
dynamic_previous_max_m-0.25,14,32768,long-code,0.6201663771825578,0.8510037319553806,0.9719898293963256,0.9320763615485564,0.8510037319553806,0.9553604965294376,0.2328934503580664
dynamic_previous_max_m-0.25,14,32768,long-text,0.6063670982482864,0.8254106176181102,0.9647514763779528,0.9171998031496064,0.8254106176181102,0.9476858159342554,0.2658864292963255
dynamic_previous_max_m-0.25,17,8192,long-code,0.1872257435397367,0.9592932353182416,0.9978469488188976,0.9898806594488188,0.9592932353182416,0.9962915112148016,0.0849718867659574
dynamic_previous_max_m-0.25,17,8192,long-text,0.1233437725849192,0.9733444574311024,0.9974163385826772,0.9922387631233596,0.9733444574311024,0.9974632453051748,0.0561593150372793
dynamic_previous_max_m-0.25,17,16384,long-code,0.4634012777608761,0.9265976152395012,0.9895423228346456,0.9739275754593176,0.9265976152395012,0.9876382687813746,0.1340692710458026
dynamic_previous_max_m-0.25,17,16384,long-text,0.4037365037001091,0.9223914759678478,0.9912442585301836,0.9731073654855644,0.9223914759678478,0.9833154523475628,0.1356074464807594
dynamic_previous_max_m-0.25,17,32768,long-code,0.64789931294461,0.8572091330380578,0.968032316272966,0.9300207103018372,0.8572091330380578,0.962315248495962,0.2160929013859407
dynamic_previous_max_m-0.25,17,32768,long-text,0.6428049671292915,0.8087488209481627,0.9401246719160103,0.8905429790026247,0.8087488209481627,0.9391509114590044,0.268399641825005
dynamic_previous_max_m-0.25,21,8192,long-code,0.1002772086296251,0.9834202243274278,0.9998974737532808,0.9981545275590552,0.9834202243274278,0.99896957555065,0.0410307204438516
dynamic_previous_max_m-0.25,21,8192,long-text,0.0774724609611426,0.9871098876312336,0.9992413057742782,0.9958066765091864,0.9871098876312336,0.9983411333134125,0.0248772239548117
dynamic_previous_max_m-0.25,21,16384,long-code,0.3185239135712552,0.9521215243602362,0.9967601706036744,0.9874559137139108,0.9521215243602362,0.992945767899975,0.0938144063601596
dynamic_previous_max_m-0.25,21,16384,long-text,0.4188075618031992,0.9340448654855644,0.9899114173228346,0.9737942913385826,0.9340448654855644,0.9839494120830464,0.1169188243401528
dynamic_previous_max_m-0.25,21,32768,long-code,0.554575858923685,0.8780680979330708,0.9746760170603674,0.9434362696850394,0.8780680979330708,0.9682983265504084,0.1883738929995541
dynamic_previous_max_m-0.25,21,32768,long-text,0.5616258874432494,0.8735659141240157,0.9835958005249344,0.9456559629265092,0.8735659141240157,0.9682492280674322,0.1965492828208188
dynamic_previous_max_m-0.25,25,8192,long-code,0.2638535224930277,0.9782106094160103,0.99973343175853,0.9978982119422573,0.9782106094160103,0.998081565264611,0.0605954296912704
dynamic_previous_max_m-0.25,25,8192,long-text,0.1155234657039711,0.9858654753116798,0.9998974737532808,0.9978572014435696,0.9858654753116798,0.9987335308112318,0.0380563017641092
dynamic_previous_max_m-0.25,25,16384,long-code,0.5826656955571741,0.9582782254757218,0.9978674540682416,0.9906701115485564,0.9582782254757218,0.9905659657593444,0.0897631710056494
dynamic_previous_max_m-0.25,25,16384,long-text,0.5432937181663837,0.9592650406003936,0.9930077099737532,0.9845544209317584,0.9592650406003936,0.9893715429860024,0.0941353360793626
dynamic_previous_max_m-0.25,25,32768,long-code,0.6522069783713078,0.8559736917650919,0.9707390091863516,0.931169004265092,0.8559736917650919,0.9581143411304682,0.2210374302951649
dynamic_previous_max_m-0.25,25,32768,long-text,0.5968002437909492,0.858148529773622,0.9676837270341208,0.9278369012467192,0.858148529773622,0.9588528775702612,0.2140765320942834
dynamic_previous_max_m-1,2,8192,long-code,0.3119668535218133,0.937266752788714,0.9983390748031497,0.9850157890419948,0.937266752788714,0.995758212656786,0.1238304146918816
dynamic_previous_max_m-1,2,8192,long-text,0.2937552844546442,0.944344908546588,0.9995898950131232,0.9888400180446194,0.944344908546588,0.997165221668763,0.1142458709486166
dynamic_previous_max_m-1,2,16384,long-code,0.676056338028169,0.8454878198818898,0.9885785761154856,0.9508694225721784,0.8454878198818898,0.979003008518642,0.2798800643033959
dynamic_previous_max_m-1,2,16384,long-text,0.6254324734446131,0.8656137221128609,0.9853182414698164,0.9487932660761156,0.8656137221128609,0.975167758918988,0.2403561123001153
dynamic_previous_max_m-1,2,32768,long-code,0.8342063588744062,0.7667425360892388,0.9524893372703412,0.8932650508530183,0.7667425360892388,0.9418990436625456,0.3694756265088549
dynamic_previous_max_m-1,2,32768,long-text,0.8161178404041634,0.7803823716371391,0.9543963254593176,0.8929215879265092,0.7803823716371391,0.9371784955352956,0.3428512858209755
dynamic_previous_max_m-1,5,8192,long-code,0.4242497288176449,0.9486689530019684,0.9998359580052494,0.9967806758530184,0.9486689530019684,0.997822037648862,0.1501772201550396
dynamic_previous_max_m-1,5,8192,long-text,0.3106419123892732,0.9514422879757218,0.9994873687664042,0.9938689304461942,0.9514422879757218,0.9968888278887572,0.1261398617692166
dynamic_previous_max_m-1,5,16384,long-code,0.7131027764247443,0.89330093503937,0.994750656167979,0.9796690452755904,0.89330093503937,0.979737763808892,0.2448180393044811
dynamic_previous_max_m-1,5,16384,long-text,0.6645212216892343,0.8874261811023622,0.9938689304461942,0.9745017224409448,0.8874261811023622,0.9741363028770312,0.2349147258140727
dynamic_previous_max_m-1,5,32768,long-code,0.8404119188349278,0.792602218667979,0.9626189304461942,0.914431594488189,0.792602218667979,0.9348249494490032,0.3457320024872644
dynamic_previous_max_m-1,5,32768,long-text,0.8126427331689048,0.7809052554954068,0.960199311023622,0.9069112942913384,0.7809052554954068,0.9293723518075192,0.358868640122567
dynamic_previous_max_m-1,8,8192,long-code,0.371867812613485,0.931415067257218,0.9998974737532808,0.994514845800525,0.931415067257218,0.9971525499907,0.170016059782896
dynamic_previous_max_m-1,8,8192,long-text,0.2570906877662812,0.9463159756397638,0.9996924212598424,0.9930077099737532,0.9463159756397638,0.9964549925702828,0.1261264132480296
dynamic_previous_max_m-1,8,16384,long-code,0.7479457057641974,0.907722533218504,0.9962270341207348,0.984005905511811,0.907722533218504,0.9797405665880236,0.2144932125034686
dynamic_previous_max_m-1,8,16384,long-text,0.7304073332119225,0.8957846333661418,0.9925360892388452,0.9773365731627296,0.8957846333661418,0.9733690768902032,0.2335311183470993
dynamic_previous_max_m-1,8,32768,long-code,0.8353413654618473,0.7305635867782152,0.9222235892388452,0.8617279773622047,0.7305635867782152,0.8908867182583937,0.3959012739057889
dynamic_previous_max_m-1,8,32768,long-text,0.8055589418505424,0.7497859764599738,0.925791502624672,0.8704939714566929,0.7497859764599738,0.9078854208295272,0.3698415047606023
dynamic_previous_max_m-1,11,8192,long-code,0.2936843376403816,0.9489022002132546,0.9989542322834646,0.99339218339895,0.9489022002132546,0.9960289459186326,0.1269174825633261
dynamic_previous_max_m-1,11,8192,long-text,0.2721419025634795,0.9478372088254592,0.9997949475065616,0.996821686351706,0.9478372088254592,0.9963085784846633,0.1383238344463728
dynamic_previous_max_m-1,11,16384,long-code,0.6457573547289084,0.9066677944553806,0.9961860236220472,0.9831139271653544,0.9066677944553806,0.9805755442649694,0.2057304971092629
dynamic_previous_max_m-1,11,16384,long-text,0.6034063260340632,0.8870340182086615,0.9939509514435696,0.9739788385826772,0.8870340182086615,0.9735850610496226,0.2213652396191462
dynamic_previous_max_m-1,11,32768,long-code,0.7514715300863094,0.8276649134678478,0.9669045275590552,0.923946030183727,0.8276649134678478,0.9432707431505748,0.2764596093323496
dynamic_previous_max_m-1,11,32768,long-text,0.7576384662203286,0.7760070640583989,0.9535351049868768,0.8943467027559056,0.7760070640583989,0.925551655957732,0.3388998999890473
dynamic_previous_max_m-1,14,8192,long-code,0.3232711966325917,0.9497249733431758,0.9981340223097112,0.99143905839895,0.9497249733431758,0.9945427800341468,0.1207673744602732
dynamic_previous_max_m-1,14,8192,long-text,0.1708530518141002,0.9656485810367454,0.9998359580052494,0.9957144028871392,0.9656485810367454,0.9965678529504604,0.083443883725743
dynamic_previous_max_m-1,14,16384,long-code,0.555205047318612,0.8971085035269029,0.9850516732283464,0.9624805200131232,0.8971085035269029,0.9726762534389422,0.1861699652550099
dynamic_previous_max_m-1,14,16384,long-text,0.4750547578486249,0.8931471456692913,0.992064468503937,0.9660945702099738,0.8931471456692913,0.9733667199514696,0.1897765987635291
dynamic_previous_max_m-1,14,32768,long-code,0.7072576716999512,0.7560349511975065,0.9350803805774278,0.8673669209317585,0.7560349511975065,0.9132082818377394,0.3473955903050538
dynamic_previous_max_m-1,14,32768,long-text,0.6876483837584464,0.7372444533300525,0.9249302821522308,0.8514240895669292,0.7372444533300525,0.9054388880521522,0.3665878234829279
dynamic_previous_max_m-1,17,8192,long-code,0.2623899674424212,0.9376409735892388,0.9969857283464568,0.9847082103018372,0.9376409735892388,0.9944532903203924,0.1260882959009317
dynamic_previous_max_m-1,17,8192,long-text,0.2253247541580673,0.9407680241141732,0.991941437007874,0.9785873933727034,0.9407680241141732,0.9933200670310112,0.1095512904631033
dynamic_previous_max_m-1,17,16384,long-code,0.5376841592597101,0.8783180056594488,0.9736507545931758,0.9464659202755904,0.8783180056594488,0.976870546803286,0.2028353135124582
dynamic_previous_max_m-1,17,16384,long-text,0.5142752785049005,0.8550432660761155,0.9738147965879264,0.936997621391076,0.8550432660761155,0.962725184737098,0.2253554686588606
dynamic_previous_max_m-1,17,32768,long-code,0.7204137511408579,0.7828058357939632,0.9296054790026248,0.875117905183727,0.7828058357939632,0.9330025100189252,0.3038045125349146
dynamic_previous_max_m-1,17,32768,long-text,0.7031682746446724,0.7292691929133859,0.890132874015748,0.8254080544619422,0.7292691929133859,0.9014494295444284,0.3560024986962141
dynamic_previous_max_m-1,21,8192,long-code,0.1404535479151426,0.9713387877296588,0.9994258530183728,0.9953914452099738,0.9713387877296588,0.9980434087231882,0.0631409037404635
dynamic_previous_max_m-1,21,8192,long-text,0.131289972245686,0.9727549315124672,0.9957554133858268,0.9895628280839897,0.9727549315124672,0.9958589171670378,0.048972980313883
dynamic_previous_max_m-1,21,16384,long-code,0.4171539961013645,0.917712434383202,0.9859744094488188,0.9690934629265092,0.917712434383202,0.985352840103342,0.1433440233637467
dynamic_previous_max_m-1,21,16384,long-text,0.4733555622916034,0.9070317626312336,0.983636811023622,0.9581539124015748,0.9070317626312336,0.9761954448785488,0.1549866177083963
dynamic_previous_max_m-1,21,32768,long-code,0.6206202543225688,0.8245519603018373,0.956918471128609,0.9090489665354332,0.8245519603018373,0.950507377229419,0.2533765003074364
dynamic_previous_max_m-1,21,32768,long-text,0.639337272339648,0.8101303621227034,0.9663508858267716,0.9048915272309712,0.8101303621227034,0.9462545276026438,0.2760356746206495
dynamic_previous_max_m-1,25,8192,long-code,0.3192214111922141,0.9642465346128608,0.999138779527559,0.9951812664041996,0.9642465346128608,0.9965235251251868,0.0905984033793341
dynamic_previous_max_m-1,25,8192,long-text,0.1625740897544454,0.9703186515748032,0.9992002952755904,0.9938330462598424,0.9703186515748032,0.9969480288036016,0.0710886001712382
dynamic_previous_max_m-1,25,16384,long-code,0.6227952803795158,0.930780686105643,0.9960629921259844,0.9832523375984252,0.930780686105643,0.9831694359843768,0.1363374119850146
dynamic_previous_max_m-1,25,16384,long-text,0.6068563092633115,0.9403271612532808,0.9827140748031497,0.9727382709973752,0.9403271612532808,0.9819838443076788,0.1239861234799081
dynamic_previous_max_m-1,25,32768,long-code,0.7252345558669429,0.7862891650262467,0.9467273622047244,0.8868827919947506,0.7862891650262467,0.930395517481551,0.3071815723286516
dynamic_previous_max_m-1,25,32768,long-text,0.6794427206911237,0.7795762590223098,0.9295234580052494,0.8664185531496063,0.7795762590223098,0.9259660228290882,0.3058827829606655
dynamic_previous_max_m-3,2,8192,long-code,0.3252662149080348,0.9307576177001312,0.9982365485564304,0.9831241797900262,0.9307576177001312,0.9952926067608374,0.1352707658053378
dynamic_previous_max_m-3,2,8192,long-text,0.2939328015470147,0.942639128116798,0.9995898950131232,0.9884555446194224,0.942639128116798,0.997083854128502,0.117482872222961
dynamic_previous_max_m-3,2,16384,long-code,0.676056338028169,0.8451661437828084,0.9885785761154856,0.9507105068897638,0.8451661437828084,0.9789286295184282,0.2803018247995504
dynamic_previous_max_m-3,2,16384,long-text,0.6254324734446131,0.8655829642388452,0.9853182414698164,0.9487932660761156,0.8655829642388452,0.9751633595752244,0.2404298373004007
dynamic_previous_max_m-3,2,32768,long-code,0.8384109188398733,0.7648598978838582,0.9519972112860892,0.8922500410104987,0.7648598978838582,0.9412408566968168,0.3720915340774179
dynamic_previous_max_m-3,2,32768,long-text,0.8185887870390108,0.7760365403543307,0.9530839895013123,0.8900047162073491,0.7760365403543307,0.9354257635901934,0.348038029761466
dynamic_previous_max_m-3,5,8192,long-code,0.4878993223620522,0.9207613086450132,0.9996104002624672,0.9920234580052494,0.9207613086450132,0.996267847624531,0.2088311408634958
dynamic_previous_max_m-3,5,8192,long-text,0.3407550822846079,0.9371206528871392,0.9992002952755904,0.9907572588582676,0.9371206528871392,0.995591666704999,0.1545618540031946
dynamic_previous_max_m-3,5,16384,long-code,0.7317399501307547,0.8763161806922573,0.9927206364829396,0.973368807414698,0.8763161806922573,0.9749707644032304,0.2716423435412189
dynamic_previous_max_m-3,5,16384,long-text,0.6763026843192033,0.8807132750984252,0.9930077099737532,0.9717642716535432,0.8807132750984252,0.971837338812368,0.2445750899314422
dynamic_previous_max_m-3,5,32768,long-code,0.85008377760853,0.7773680999835958,0.958497375328084,0.9062807578740156,0.7773680999835958,0.9280231413674518,0.3656573938533534
dynamic_previous_max_m-3,5,32768,long-text,0.8171872619229011,0.7750535699639107,0.9584768700787402,0.9038457595144356,0.7750535699639107,0.926761418755313,0.3673214934216585
dynamic_previous_max_m-3,8,8192,long-code,0.4107532090094453,0.91307952960958,0.99973343175853,0.9913365321522308,0.91307952960958,0.9960307838484276,0.2043603631362673
dynamic_previous_max_m-3,8,8192,long-text,0.287378640776699,0.9332592581200788,0.9995488845144356,0.990347153871391,0.9332592581200788,0.9954557963940198,0.1514366690751072
dynamic_previous_max_m-3,8,16384,long-code,0.7504708670028556,0.9060526369750656,0.996206528871391,0.9837803477690288,0.9060526369750656,0.9793665308128852,0.218105784077919
dynamic_previous_max_m-3,8,16384,long-text,0.7318734793187348,0.8927729248687664,0.9921054790026248,0.9764651000656168,0.8927729248687664,0.9723700569228656,0.23929674512237
dynamic_previous_max_m-3,8,32768,long-code,0.840181535743657,0.7248797879757218,0.9200090223097112,0.8583446112204725,0.7248797879757218,0.8874640460972549,0.4031517313400415
dynamic_previous_max_m-3,8,32768,long-text,0.8055589418505424,0.7497757238353019,0.925791502624672,0.870488845144357,0.7497757238353019,0.9078794733187788,0.3698577189500449
dynamic_previous_max_m-3,11,8192,long-code,0.4079374624173181,0.9107752522145668,0.9981750328083988,0.9870919455380578,0.9107752522145668,0.9924538901304456,0.207260814617757
dynamic_previous_max_m-3,11,8192,long-text,0.2933301169943312,0.940919250328084,0.9997949475065616,0.9965243602362204,0.940919250328084,0.9958149230638236,0.1544821691618612
dynamic_previous_max_m-3,11,16384,long-code,0.6662608060392061,0.876707062007874,0.9937458989501312,0.9733175442913384,0.876707062007874,0.9720315191754374,0.2531377113063421
dynamic_previous_max_m-3,11,16384,long-text,0.6156843643448612,0.8744578924704725,0.9912852690288714,0.9691754839238844,0.8744578924704725,0.9693389392586638,0.2402712543318191
dynamic_previous_max_m-3,11,32768,long-code,0.7885130201995619,0.7789623831200787,0.9482242454068242,0.8899790846456693,0.7789623831200787,0.9193345061836976,0.3332721861841042
dynamic_previous_max_m-3,11,32768,long-text,0.7675636186533544,0.7704732098917323,0.951669127296588,0.8900047162073491,0.7704732098917323,0.9224163211517868,0.3449310547226691
dynamic_previous_max_m-3,14,8192,long-code,0.4100580270793037,0.9174163898458004,0.9964320866141732,0.9829293799212598,0.9174163898458004,0.990265823462406,0.183734592843773
dynamic_previous_max_m-3,14,8192,long-text,0.2089480048367593,0.9503260334645668,0.9993643372703412,0.9920849737532808,0.9503260334645668,0.994340520570332,0.1096420637009171
dynamic_previous_max_m-3,14,16384,long-code,0.613703950961947,0.8529607016896326,0.970205872703412,0.936049253608924,0.8529607016896326,0.955324017578278,0.2447108122157219
dynamic_previous_max_m-3,14,16384,long-text,0.5245901639344263,0.849846466945538,0.97682906824147,0.9347317913385826,0.849846466945538,0.9539894199541272,0.2408597331767747
dynamic_previous_max_m-3,14,32768,long-code,0.755552850970608,0.6937963931266404,0.9019849081364828,0.8177032070209974,0.6937963931266404,0.8790918262431877,0.4175144838147904
dynamic_previous_max_m-3,14,32768,long-text,0.7020965382740127,0.7223435449475065,0.9183275918635172,0.8394080134514436,0.7223435449475065,0.8972855825661424,0.3824121357237024
dynamic_previous_max_m-3,17,8192,long-code,0.3488372093023255,0.907234251968504,0.9915108267716536,0.9717591453412072,0.907234251968504,0.9907047091089588,0.1741457892042041
dynamic_previous_max_m-3,17,8192,long-text,0.2719106579266812,0.928345687746063,0.9895628280839897,0.9727587762467192,0.928345687746063,0.9918266061319634,0.130905508107165
dynamic_previous_max_m-3,17,16384,long-code,0.5916915029499422,0.841802001312336,0.962659940944882,0.9241767142388452,0.841802001312336,0.9687803467146184,0.2504861544269528
dynamic_previous_max_m-3,17,16384,long-text,0.5254196059352956,0.8328040415846457,0.9652846128608924,0.9205729166666666,0.8328040415846457,0.9535525176606422,0.2506722752963341
dynamic_previous_max_m-3,17,32768,long-code,0.761394754457494,0.7316119176509186,0.895136154855643,0.8328053231627297,0.7316119176509186,0.9093281284777848,0.3600084069023743
dynamic_previous_max_m-3,17,32768,long-text,0.7228006088280061,0.7103941108923885,0.8770505249343832,0.8085424868766404,0.7103941108923885,0.8920759667144836,0.3755970650587075
dynamic_previous_max_m-3,21,8192,long-code,0.2233991333654309,0.9538324311023622,0.9986056430446194,0.9910750902230973,0.9538324311023622,0.9966246431907692,0.0951222829145158
dynamic_previous_max_m-3,21,8192,long-text,0.1386782231852654,0.9668276328740156,0.9952017716535432,0.9864716617454068,0.9668276328740156,0.9949355943273136,0.0575938445609753
dynamic_previous_max_m-3,21,16384,long-code,0.4875373270766043,0.8802595964566929,0.9736097440944882,0.9474399196194224,0.8802595964566929,0.9770657408031777,0.1949114204530813
dynamic_previous_max_m-3,21,16384,long-text,0.4978123480797277,0.8943402948654856,0.9791461614173228,0.9498031496062992,0.8943402948654856,0.9720317409223166,0.1714699125618578
dynamic_previous_max_m-3,21,32768,long-code,0.6644542548333079,0.7777384760498688,0.935285433070866,0.8741336532152231,0.7777384760498688,0.9312914554740996,0.3047290543247433
dynamic_previous_max_m-3,21,32768,long-text,0.6544923301680059,0.792224153133202,0.9612450787401576,0.89281906167979,0.792224153133202,0.9396801691497542,0.2968746631110314
dynamic_previous_max_m-3,25,8192,long-code,0.378835467504228,0.9477846641240156,0.9975803805774278,0.9900857119422573,0.9477846641240156,0.9943784255827012,0.121474214546835
dynamic_previous_max_m-3,25,8192,long-text,0.2180048661800486,0.9551665538877953,0.9961655183727034,0.9867792404855644,0.9551665538877953,0.9945912986425038,0.1000089764731204
dynamic_previous_max_m-3,25,16384,long-code,0.6373960041294711,0.9176470739009186,0.9938279199475064,0.9778543307086616,0.9176470739009186,0.9787636260473236,0.1574491079037805
dynamic_previous_max_m-3,25,16384,long-text,0.614487117160914,0.9371949844160103,0.9795972769028872,0.96973937828084,0.9371949844160103,0.9803711954227112,0.1280613298943858
dynamic_previous_max_m-3,25,32768,long-code,0.7426222019186843,0.7668694123195539,0.9392839566929134,0.8736620324803149,0.7668694123195539,0.9216091412834682,0.3302526473515971
dynamic_previous_max_m-3,25,32768,long-text,0.6977069947318737,0.767344877788714,0.9178149606299212,0.8538693405511811,0.767344877788714,0.9192224416401076,0.317326249943646
dynamic_previous_max_m-4,2,8192,long-code,0.3252662149080348,0.9307576177001312,0.9982365485564304,0.9831241797900262,0.9307576177001312,0.9952926067608374,0.1352707658053378
dynamic_previous_max_m-4,2,8192,long-text,0.2939328015470147,0.942639128116798,0.9995898950131232,0.9884555446194224,0.942639128116798,0.997083854128502,0.117482872222961
dynamic_previous_max_m-4,2,16384,long-code,0.676056338028169,0.8451661437828084,0.9885785761154856,0.9507105068897638,0.8451661437828084,0.9789286295184282,0.2803018247995504
dynamic_previous_max_m-4,2,16384,long-text,0.6254324734446131,0.8655829642388452,0.9853182414698164,0.9487932660761156,0.8655829642388452,0.9751633595752244,0.2404298373004007
dynamic_previous_max_m-4,2,32768,long-code,0.8384109188398733,0.7648598978838582,0.9519972112860892,0.8922500410104987,0.7648598978838582,0.9412408566968168,0.3720915340774179
dynamic_previous_max_m-4,2,32768,long-text,0.8185887870390108,0.7760365403543307,0.9530839895013123,0.8900047162073491,0.7760365403543307,0.9354257635901934,0.348038029761466
dynamic_previous_max_m-4,5,8192,long-code,0.4878993223620522,0.9207036376312336,0.9996104002624672,0.9920234580052494,0.9207036376312336,0.996265999903599,0.2090137176001646
dynamic_previous_max_m-4,5,8192,long-text,0.3407550822846079,0.9369463582677166,0.9992002952755904,0.990736753608924,0.9369463582677166,0.9955784560829948,0.1548778452874791
dynamic_previous_max_m-4,5,16384,long-code,0.7317399501307547,0.8763161806922573,0.9927206364829396,0.973368807414698,0.8763161806922573,0.9749707644032304,0.2716423435412189
dynamic_previous_max_m-4,5,16384,long-text,0.6763026843192033,0.8807132750984252,0.9930077099737532,0.9717642716535432,0.8807132750984252,0.971837338812368,0.2445750899314422
dynamic_previous_max_m-4,5,32768,long-code,0.85008377760853,0.7773680999835958,0.958497375328084,0.9062807578740156,0.7773680999835958,0.9280231413674518,0.3656573938533534
dynamic_previous_max_m-4,5,32768,long-text,0.8171872619229011,0.7750535699639107,0.9584768700787402,0.9038457595144356,0.7750535699639107,0.926761418755313,0.3673214934216585
dynamic_previous_max_m-4,8,8192,long-code,0.4107532090094453,0.91307952960958,0.99973343175853,0.9913365321522308,0.91307952960958,0.9960307838484276,0.2043603631362673
dynamic_previous_max_m-4,8,8192,long-text,0.287378640776699,0.9332592581200788,0.9995488845144356,0.990347153871391,0.9332592581200788,0.9954557963940198,0.1514366690751072
dynamic_previous_max_m-4,8,16384,long-code,0.7504708670028556,0.9060526369750656,0.996206528871391,0.9837803477690288,0.9060526369750656,0.9793665308128852,0.218105784077919
dynamic_previous_max_m-4,8,16384,long-text,0.7318734793187348,0.8927729248687664,0.9921054790026248,0.9764651000656168,0.8927729248687664,0.9723700569228656,0.23929674512237
dynamic_previous_max_m-4,8,32768,long-code,0.840181535743657,0.7248797879757218,0.9200090223097112,0.8583446112204725,0.7248797879757218,0.8874640460972549,0.4031517313400415
dynamic_previous_max_m-4,8,32768,long-text,0.8055589418505424,0.7497757238353019,0.925791502624672,0.870488845144357,0.7497757238353019,0.9078794733187788,0.3698577189500449
dynamic_previous_max_m-4,11,8192,long-code,0.4092664092664092,0.9101767552493438,0.9981135170603674,0.9869022719816272,0.9101767552493438,0.9923683854949537,0.2084225227037665
dynamic_previous_max_m-4,11,8192,long-text,0.2933301169943312,0.940919250328084,0.9997949475065616,0.9965243602362204,0.940919250328084,0.9958149230638236,0.1544821691618612
dynamic_previous_max_m-4,11,16384,long-code,0.6662608060392061,0.8761277887139107,0.9937253937007874,0.973025344488189,0.8761277887139107,0.9718382767161252,0.2536653145609671
dynamic_previous_max_m-4,11,16384,long-text,0.6156843643448612,0.8744578924704725,0.9912852690288714,0.9691754839238844,0.8744578924704725,0.9693389392586638,0.2402712543318191
dynamic_previous_max_m-4,11,32768,long-code,0.7885130201995619,0.7789623831200787,0.9482242454068242,0.8899790846456693,0.7789623831200787,0.9193345061836976,0.3332721861841042
dynamic_previous_max_m-4,11,32768,long-text,0.7675636186533544,0.7704732098917323,0.951669127296588,0.8900047162073491,0.7704732098917323,0.9224163211517868,0.3449310547226691
dynamic_previous_max_m-4,14,8192,long-code,0.4114008489993935,0.9163578063484252,0.996350065616798,0.9827243274278216,0.9163578063484252,0.9901282005083524,0.1860699459756817
dynamic_previous_max_m-4,14,8192,long-text,0.2089480048367593,0.9503260334645668,0.9993643372703412,0.9920849737532808,0.9503260334645668,0.994340520570332,0.1096420637009171
dynamic_previous_max_m-4,14,16384,long-code,0.613703950961947,0.8528376701935696,0.9701853674540682,0.9359979904855644,0.8528376701935696,0.9552754454504726,0.2449542129643615
dynamic_previous_max_m-4,14,16384,long-text,0.5245901639344263,0.849846466945538,0.97682906824147,0.9347317913385826,0.849846466945538,0.9539894199541272,0.2408597331767747
dynamic_previous_max_m-4,14,32768,long-code,0.755552850970608,0.6937963931266404,0.9019849081364828,0.8177032070209974,0.6937963931266404,0.8790918262431877,0.4175144838147904
dynamic_previous_max_m-4,14,32768,long-text,0.7020965382740127,0.7223435449475065,0.9183275918635172,0.8394080134514436,0.7223435449475065,0.8972855825661424,0.3824121357237024
dynamic_previous_max_m-4,17,8192,long-code,0.3488372093023255,0.9069112942913384,0.9914903215223098,0.9716258612204725,0.9069112942913384,0.9906533240221028,0.1746566675682688
dynamic_previous_max_m-4,17,8192,long-text,0.2719106579266812,0.928345687746063,0.9895628280839897,0.9727587762467192,0.928345687746063,0.9918266061319634,0.130905508107165
dynamic_previous_max_m-4,17,16384,long-code,0.5916915029499422,0.841802001312336,0.962659940944882,0.9241767142388452,0.841802001312336,0.9687803467146184,0.2504861544269528
dynamic_previous_max_m-4,17,16384,long-text,0.5254196059352956,0.8328040415846457,0.9652846128608924,0.9205729166666666,0.8328040415846457,0.9535525176606422,0.2506722752963341
dynamic_previous_max_m-4,17,32768,long-code,0.761394754457494,0.7316119176509186,0.895136154855643,0.8328053231627297,0.7316119176509186,0.9093281284777848,0.3600084069023743
dynamic_previous_max_m-4,17,32768,long-text,0.7228006088280061,0.7103941108923885,0.8770505249343832,0.8085424868766404,0.7103941108923885,0.8920759667144836,0.3755970650587075
dynamic_previous_max_m-4,21,8192,long-code,0.2236953115583946,0.9535568918143044,0.9986056430446194,0.9910545849737532,0.9535568918143044,0.996611048171906,0.0956147218115954
dynamic_previous_max_m-4,21,8192,long-text,0.1386782231852654,0.9668276328740156,0.9952017716535432,0.9864716617454068,0.9668276328740156,0.9949355943273136,0.0575938445609753
dynamic_previous_max_m-4,21,16384,long-code,0.4875373270766043,0.8802595964566929,0.9736097440944882,0.9474399196194224,0.8802595964566929,0.9770657408031777,0.1949114204530813
dynamic_previous_max_m-4,21,16384,long-text,0.4978123480797277,0.8943402948654856,0.9791461614173228,0.9498031496062992,0.8943402948654856,0.9720317409223166,0.1714699125618578
dynamic_previous_max_m-4,21,32768,long-code,0.6644542548333079,0.7777384760498688,0.935285433070866,0.8741336532152231,0.7777384760498688,0.9312914554740996,0.3047290543247433
dynamic_previous_max_m-4,21,32768,long-text,0.6544923301680059,0.792224153133202,0.9612450787401576,0.89281906167979,0.792224153133202,0.9396801691497542,0.2968746631110314
dynamic_previous_max_m-4,25,8192,long-code,0.3798449612403101,0.946772217437664,0.9975803805774278,0.9899165436351706,0.946772217437664,0.9942899191592128,0.1237202347579402
dynamic_previous_max_m-4,25,8192,long-text,0.2180048661800486,0.9551665538877953,0.9961655183727034,0.9867792404855644,0.9551665538877953,0.9945912986425038,0.1000089764731204
dynamic_previous_max_m-4,25,16384,long-code,0.6373960041294711,0.9176470739009186,0.9938279199475064,0.9778543307086616,0.9176470739009186,0.9787636260473236,0.1574491079037805
dynamic_previous_max_m-4,25,16384,long-text,0.614487117160914,0.9371949844160103,0.9795972769028872,0.96973937828084,0.9371949844160103,0.9803711954227112,0.1280613298943858
dynamic_previous_max_m-4,25,32768,long-code,0.7426222019186843,0.7668694123195539,0.9392839566929134,0.8736620324803149,0.7668694123195539,0.9216091412834682,0.3302526473515971
dynamic_previous_max_m-4,25,32768,long-text,0.6977069947318737,0.767344877788714,0.9178149606299212,0.8538693405511811,0.767344877788714,0.9192224416401076,0.317326249943646
dynamic_previous_max_m0,2,8192,long-code,0.2007964281404609,0.9808724470964568,0.9998974737532808,0.9975342437664042,0.9808724470964568,0.9989478680643944,0.0471442577447036
dynamic_previous_max_m0,2,8192,long-text,0.1868385841138548,0.9778492043963256,0.999876968503937,0.9965192339238844,0.9778492043963256,0.9989812849522652,0.0501797458549217
dynamic_previous_max_m0,2,16384,long-code,0.556724861609587,0.917748318569554,0.9969037073490814,0.981924622703412,0.917748318569554,0.991313331479478,0.1705467263386408
dynamic_previous_max_m0,2,16384,long-text,0.5410533998297045,0.9130167322834646,0.9941970144356956,0.9722000082020996,0.9130167322834646,0.9860799445352284,0.1712116943529061
dynamic_previous_max_m0,2,32768,long-code,0.7493596780095133,0.8638092601706037,0.9815247703412072,0.9507720226377953,0.8638092601706037,0.9726816422291016,0.2422482047268183
dynamic_previous_max_m0,2,32768,long-text,0.7237259205071933,0.864018157398294,0.9814222440944882,0.947260498687664,0.864018157398294,0.9679598659840568,0.2357327858512484
dynamic_previous_max_m0,5,8192,long-code,0.3258576797187538,0.97535781660105,0.9999794947506562,0.9989849901574804,0.97535781660105,0.999012348355814,0.0793105221715033
dynamic_previous_max_m0,5,8192,long-text,0.2177399756986634,0.9770879470144356,0.999774442257218,0.9979187171916012,0.9770879470144356,0.9987455018503352,0.0678843193561386
dynamic_previous_max_m0,5,16384,long-code,0.6238196771245812,0.9479563955872704,0.9979084645669292,0.9919875738188976,0.9479563955872704,0.9916793606321612,0.1339216664315503
dynamic_previous_max_m0,5,16384,long-text,0.5594269758407187,0.9485420767716536,0.9976008858267716,0.990244627624672,0.9485420767716536,0.9897411562574836,0.1203971348514895
dynamic_previous_max_m0,5,32768,long-code,0.7569474004256613,0.88793624917979,0.9873892716535432,0.964720718503937,0.88793624917979,0.9719012681310012,0.2107872810578638
dynamic_previous_max_m0,5,32768,long-text,0.7279583954259299,0.8783731135170604,0.9852977362204725,0.9595995324803148,0.8783731135170604,0.9681771605227232,0.2242842984408646
dynamic_previous_max_m0,8,8192,long-code,0.2492393817695022,0.9716297059547244,0.9999794947506562,0.998164780183727,0.9716297059547244,0.9989153243904356,0.07903863986731
dynamic_previous_max_m0,8,8192,long-text,0.1471442400774443,0.9791948613845144,0.999876968503937,0.9982006643700788,0.9791948613845144,0.998755168047286,0.0556120751570585
dynamic_previous_max_m0,8,16384,long-code,0.6993261700965216,0.9508386646981628,0.9984826115485564,0.9933562992125984,0.9508386646981628,0.990684585110807,0.1269595776583558
dynamic_previous_max_m0,8,16384,long-text,0.6502798734485276,0.952368868930446,0.9969857283464568,0.9905727116141732,0.952368868930446,0.98921040827922,0.1195914811658372
dynamic_previous_max_m0,8,32768,long-code,0.737111517367459,0.857054062089895,0.9727895341207348,0.941411376312336,0.857054062089895,0.9542821630601532,0.2357308143894532
dynamic_previous_max_m0,8,32768,long-text,0.7141814643639017,0.8576922879757218,0.9690370734908136,0.9390020095144356,0.8576922879757218,0.9575551493575476,0.2346577918861411
dynamic_previous_max_m0,11,8192,long-code,0.1636031649421789,0.9853054256889764,1.0,0.9994258530183728,0.9853054256889764,0.999177846544916,0.0471222873194418
dynamic_previous_max_m0,11,8192,long-text,0.1785107931118118,0.9775147125164042,0.9998564632545932,0.9989542322834646,0.9775147125164042,0.998586858450145,0.0693794872917362
dynamic_previous_max_m0,11,16384,long-code,0.5286043969391474,0.958487122703412,0.999630905511811,0.9960476131889764,0.958487122703412,0.993587837447513,0.1078111848201946
dynamic_previous_max_m0,11,16384,long-text,0.4840500152485514,0.9485202899442258,0.9966166338582676,0.9898088910761156,0.9485202899442258,0.98944212356297,0.1147570067024657
dynamic_previous_max_m0,11,32768,long-code,0.6673577657174218,0.90988968175853,0.98779937664042,0.96826812664042,0.90988968175853,0.975321533383972,0.1644818199038163
dynamic_previous_max_m0,11,32768,long-text,0.6564202453054144,0.8828445394520997,0.987553313648294,0.9610348999343832,0.8828445394520997,0.9701028401884316,0.2072325422990379
dynamic_previous_max_m0,14,8192,long-code,0.2085445329471397,0.9781901041666666,0.9991592847769027,0.9971446440288714,0.9781901041666666,0.9977707666284962,0.060124755703557
dynamic_previous_max_m0,14,8192,long-text,0.0933284724753918,0.9879506028543308,0.9999794947506562,0.9993489583333334,0.9879506028543308,0.999028504533555,0.036153441227801
dynamic_previous_max_m0,14,16384,long-code,0.448425028940474,0.9539939099409448,0.9950992454068242,0.9873636400918636,0.9539939099409448,0.9897150127186928,0.0975199131276415
dynamic_previous_max_m0,14,16384,long-text,0.3643631518381685,0.9537606627296588,0.9983185695538058,0.9906803641732284,0.9537606627296588,0.9910978747294245,0.0970098700402066
dynamic_previous_max_m0,14,32768,long-code,0.5722453696663727,0.8887436433727034,0.9817708333333334,0.9529763369422573,0.8887436433727034,0.9689583566941647,0.1819723293261788
dynamic_previous_max_m0,14,32768,long-text,0.5614035087719298,0.8623341637959318,0.9734457020997376,0.9380485154199476,0.8623341637959318,0.96107134444646,0.2166683902542448
dynamic_previous_max_m0,17,8192,long-code,0.1466650584971656,0.9693484969652232,0.997785433070866,0.99122375328084,0.9693484969652232,0.9969546455670246,0.063733706645209
dynamic_previous_max_m0,17,8192,long-text,0.0847274040197376,0.9819002727198164,0.998523622047244,0.9952427821522308,0.9819002727198164,0.9983701915972738,0.0399970799132475
dynamic_previous_max_m0,17,16384,long-code,0.419774079922264,0.9432773540026248,0.99192093175853,0.9811608021653544,0.9432773540026248,0.9907158652099,0.1078933171027714
dynamic_previous_max_m0,17,16384,long-text,0.3472747225948055,0.9449741633858268,0.9939509514435696,0.9817503280839897,0.9449741633858268,0.988627280185368,0.0995105121682518
dynamic_previous_max_m0,17,32768,long-code,0.606293216363581,0.8907903235728346,0.979248687664042,0.9502388861548556,0.8907903235728346,0.9730996570119784,0.1729468523412836
dynamic_previous_max_m0,17,32768,long-text,0.5939087838865731,0.856678559711286,0.9620652887139108,0.9247201033464568,0.856678559711286,0.9581751200513672,0.2108192308981381
dynamic_previous_max_m0,21,8192,long-code,0.0772200772200771,0.988291502624672,0.9999794947506562,0.99901062171916,0.988291502624672,0.9993266157468674,0.0316310511612053
dynamic_previous_max_m0,21,8192,long-text,0.0623401923779374,0.9923835814468503,0.9996104002624672,0.9974727280183728,0.9923835814468503,0.999024854297388,0.0153394281922669
dynamic_previous_max_m0,21,16384,long-code,0.2810441571114905,0.962635590961286,0.9980930118110236,0.9915108267716536,0.962635590961286,0.994793249862254,0.0768882917498924
dynamic_previous_max_m0,21,16384,long-text,0.3826723611958511,0.949094436925853,0.9929461942257218,0.981196686351706,0.949094436925853,0.9880457850370536,0.0935448070743475
dynamic_previous_max_m0,21,32768,long-code,0.5104103250943626,0.904419906496063,0.9823449803149606,0.9590100065616798,0.904419906496063,0.9764244908229298,0.1547848565874285
dynamic_previous_max_m0,21,32768,long-text,0.5031538531858488,0.907832748933727,0.98999343832021,0.9640235400262468,0.907832748933727,0.9784571793742004,0.1509623409053779
dynamic_previous_max_m0,25,8192,long-code,0.2416859544402485,0.983397155921916,0.9998154527559056,0.9984467273622047,0.983397155921916,0.998567915776759,0.0485055848797584
dynamic_previous_max_m0,25,8192,long-text,0.0852919796462321,0.990598343175853,0.9999384842519684,0.9988670849737532,0.990598343175853,0.999224351761525,0.0270023486218194
dynamic_previous_max_m0,25,16384,long-code,0.5578786955196586,0.970209717437664,0.9986876640419948,0.9942739091207348,0.970209717437664,0.9937421437565488,0.0688270793557687
dynamic_previous_max_m0,25,16384,long-text,0.5078442061905627,0.9695561126148294,0.9968832020997376,0.989988312007874,0.9695561126148294,0.9927472621235688,0.0743768895824067
dynamic_previous_max_m0,25,32768,long-code,0.6152348503285471,0.8873723548228346,0.982201443569554,0.9509668225065616,0.8873723548228346,0.9697945252096052,0.1795672381966933
dynamic_previous_max_m0,25,32768,long-text,0.5363727790814616,0.896608688074147,0.9804379921259844,0.9525969898293964,0.896608688074147,0.9721723297572852,0.1652107600484523
dynamic_previous_max_m0.5,2,8192,long-code,0.1247107538667641,0.9928282890419948,0.9999794947506562,0.999287442585302,0.9928282890419948,0.999638680275984,0.0213760881270528
dynamic_previous_max_m0.5,2,8192,long-text,0.1080820265379975,0.9933755228838582,0.9999794947506562,0.999138779527559,0.9933755228838582,0.99971610365992,0.0172074468702257
dynamic_previous_max_m0.5,2,16384,long-code,0.3783289658114449,0.9691690760334646,0.9994463582677166,0.9953145505249344,0.9691690760334646,0.9974232090286692,0.0744703023977795
dynamic_previous_max_m0.5,2,16384,long-text,0.3650706960373809,0.96826171875,0.9976213910761156,0.9915569635826772,0.96826171875,0.995516267459271,0.0724174408230264
dynamic_previous_max_m0.5,2,32768,long-code,0.5959104186952289,0.9513474511975064,0.996083497375328,0.9881377132545932,0.9513474511975064,0.9927164555643232,0.1021360680084561
dynamic_previous_max_m0.5,2,32768,long-text,0.5588584294276935,0.95041702550853,0.9958784448818898,0.9862409776902888,0.95041702550853,0.9908576439474086,0.1010683824853984
dynamic_previous_max_m0.5,5,8192,long-code,0.2390649475840462,0.988538847194882,1.0,0.9995540108267716,0.988538847194882,0.9995292747090906,0.0406573624701956
dynamic_previous_max_m0.5,5,8192,long-text,0.1472868217054264,0.9894039124015748,0.9999589895013123,0.9993284530839897,0.9894039124015748,0.9994755710510757,0.0346144141203656
dynamic_previous_max_m0.5,5,16384,long-code,0.5138061063131005,0.9815978202919948,0.9993848425196852,0.9973958333333334,0.9815978202919948,0.9973530353146256,0.0512539557011796
dynamic_previous_max_m0.5,5,16384,long-text,0.4385156439485811,0.9847992023458004,0.9991797900262468,0.9974060859580052,0.9847992023458004,0.997265072487572,0.0414951695072402
dynamic_previous_max_m0.5,5,32768,long-code,0.6216430180865964,0.9653563812335958,0.9983595800524936,0.9932230150918636,0.9653563812335958,0.9935091776103546,0.0768875287424094
dynamic_previous_max_m0.5,5,32768,long-text,0.5670269447404476,0.9564955503608924,0.9964936023622047,0.9881274606299212,0.9564955503608924,0.990549138535068,0.0897465330924725
dynamic_previous_max_m0.5,8,8192,long-code,0.1634439985406786,0.9878647371227034,1.0,0.99951812664042,0.9878647371227034,0.9995125097891476,0.0389245013204026
dynamic_previous_max_m0.5,8,8192,long-text,0.0620230163537249,0.9955772740321522,0.9999794947506562,0.9996975475721784,0.9955772740321522,0.9997736060572252,0.0150226479810485
dynamic_previous_max_m0.5,8,16384,long-code,0.6295081967213114,0.9788565247703412,0.9994463582677166,0.9971651492782152,0.9788565247703412,0.9962277100190072,0.0591250268126856
dynamic_previous_max_m0.5,8,16384,long-text,0.534178140611673,0.9874584768700788,0.998790190288714,0.9971548966535432,0.9874584768700788,0.9970337800031636,0.0345261386328918
dynamic_previous_max_m0.5,8,32768,long-code,0.5597781367141073,0.9623600516732284,0.9946891404199476,0.9874302821522308,0.9623600516732284,0.9901418724831138,0.0689301737957368
dynamic_previous_max_m0.5,8,32768,long-text,0.512,0.965064181430446,0.9955503608923884,0.988517060367454,0.965064181430446,0.9919464321078224,0.0656906461646261
dynamic_previous_max_m0.5,11,8192,long-code,0.1077570655441972,0.9938394541502624,1.0,0.9998410843175852,0.9938394541502624,0.9996808915549972,0.0224161217294798
dynamic_previous_max_m0.5,11,8192,long-text,0.0775945683802133,0.994373872211286,0.9999384842519684,0.999779568569554,0.994373872211286,0.9996465707850564,0.02133553363497
dynamic_previous_max_m0.5,11,16384,long-code,0.4347931578308868,0.981677278133202,0.9999384842519684,0.9986722851049868,0.981677278133202,0.9975503158183444,0.0522142844111561
dynamic_previous_max_m0.5,11,16384,long-text,0.3265702830761754,0.987077848179134,0.9993848425196852,0.998764558727034,0.987077848179134,0.9980437194672814,0.0368526072298544
dynamic_previous_max_m0.5,11,32768,long-code,0.5577596977176463,0.9614898601541996,0.9961860236220472,0.9897268700787402,0.9614898601541996,0.9909844607460484,0.078146107445839
dynamic_previous_max_m0.5,11,32768,long-text,0.4931924096128659,0.965453781167979,0.9980930118110236,0.9924694471784776,0.965453781167979,0.9932695694366386,0.0720508509526054
dynamic_previous_max_m0.5,14,8192,long-code,0.1463297232250301,0.9881159264271654,0.9995898950131232,0.9986774114173228,0.9881159264271654,0.9987956440907744,0.034948123526237
dynamic_previous_max_m0.5,14,8192,long-text,0.0544416089439786,0.9951376927493438,1.0,0.9997026738845144,0.9951376927493438,0.9995912932829006,0.0160570565225267
dynamic_previous_max_m0.5,14,16384,long-code,0.3575418994413407,0.982307814550525,0.998790190288714,0.9966781496062992,0.982307814550525,0.9967410026400716,0.0434904143809388
dynamic_previous_max_m0.5,14,16384,long-text,0.2486945962355798,0.9817387938812336,0.9994258530183728,0.9966576443569554,0.9817387938812336,0.9967898633182284,0.0415446704031063
dynamic_previous_max_m0.5,14,32768,long-code,0.4349098000975134,0.9591907090715224,0.9951402559055118,0.9864562828083988,0.9591907090715224,0.9905530108360456,0.0766189386065703
dynamic_previous_max_m0.5,14,32768,long-text,0.4111432485918709,0.943733595800525,0.989624343832021,0.9769623523622047,0.943733595800525,0.986213038602671,0.09511871107849
dynamic_previous_max_m0.5,17,8192,long-code,0.0695400217312568,0.988764404937664,0.999753937007874,0.9979392224409448,0.988764404937664,0.9990740358454128,0.0269195990060337
dynamic_previous_max_m0.5,17,8192,long-text,0.0155642023346302,0.9972087229330708,0.999876968503937,0.9995898950131232,0.9972087229330708,0.999819370571017,0.0079257908845689
dynamic_previous_max_m0.5,17,16384,long-code,0.3000304414003044,0.9774929256889764,0.9976624015748032,0.9935100885826772,0.9774929256889764,0.9965108529254711,0.0476832462667275
dynamic_previous_max_m0.5,17,16384,long-text,0.1512818958724771,0.9897909489829396,0.9990772637795275,0.9970985072178478,0.9897909489829396,0.9980989837082536,0.0218193233077655
dynamic_previous_max_m0.5,17,32768,long-code,0.4515952431643298,0.9579232283464568,0.9949352034120736,0.9850516732283464,0.9579232283464568,0.9910818161443014,0.0753549130510349
dynamic_previous_max_m0.5,17,32768,long-text,0.3815781468637829,0.9610695025426508,0.9942790354330708,0.9846825787401576,0.9610695025426508,0.991190358159517,0.065027404464376
dynamic_previous_max_m0.5,21,8192,long-code,0.0465793304221251,0.9949544270833334,0.9999794947506562,0.9997129265091864,0.9949544270833334,0.9997518230679696,0.0159102185380026
dynamic_previous_max_m0.5,21,8192,long-text,0.0310115081768624,0.997790559383202,0.9999589895013123,0.99951812664042,0.997790559383202,0.9997990663241292,0.0052211531834639
dynamic_previous_max_m0.5,21,16384,long-code,0.2016480853126514,0.9841942974901576,0.9994463582677166,0.9971138861548556,0.9841942974901576,0.998073715535091,0.0360602181583058
dynamic_previous_max_m0.5,21,16384,long-text,0.2065144596651446,0.981212065288714,0.998544127296588,0.9945353510498688,0.981212065288714,0.99601818368925,0.0372969122050826
dynamic_previous_max_m0.5,21,32768,long-code,0.3836650234313188,0.95996734539042,0.994853182414698,0.9857796095800524,0.95996734539042,0.9913176660087936,0.072770557344711
dynamic_previous_max_m0.5,21,32768,long-text,0.3333333333333333,0.9693203022473752,0.9977444225721784,0.989998564632546,0.9693203022473752,0.9936629364233036,0.0551448829609009
dynamic_previous_max_m0.5,25,8192,long-code,0.1548886737657309,0.992561720800525,0.9999179790026248,0.9994668635170604,0.992561720800525,0.9993993155193996,0.0243210255670703
dynamic_previous_max_m0.5,25,8192,long-text,0.0312042905899561,0.9959643106135172,0.9999794947506562,0.9994566108923884,0.9959643106135172,0.999674777953518,0.0115820692693049
dynamic_previous_max_m0.5,25,16384,long-code,0.4986911791562671,0.9860436146653544,0.9995898950131232,0.9978674540682416,0.9860436146653544,0.99737294238922,0.0355331706559893
dynamic_previous_max_m0.5,25,16384,long-text,0.396164583080471,0.9912968032316272,0.9992002952755904,0.9978572014435696,0.9912968032316272,0.9982509784422768,0.0247355524178922
dynamic_previous_max_m0.5,25,32768,long-code,0.4735111435878699,0.9569517921587928,0.9952427821522308,0.9840981791338582,0.9569517921587928,0.9900705350626466,0.075865237099257
dynamic_previous_max_m0.5,25,32768,long-text,0.3529555149299208,0.971929595226378,0.9955093503937008,0.9888246391076116,0.971929595226378,0.9931353064725976,0.0504558432987178
ema_bucket8_age8_m-1,2,8192,long-code,0.1239709443099273,0.9911314796587928,0.9999794947506562,0.9993797162073492,0.9911314796587928,0.9995760578492996,0.0257380475902678
ema_bucket8_age8_m-1,2,8192,long-text,0.0926640926640927,0.9923297551673228,0.9999589895013123,0.999266937335958,0.9923297551673228,0.9997231360262616,0.0217378827926294
ema_bucket8_age8_m-1,2,16384,long-code,0.3621319055731321,0.9676401533792652,0.9996514107611548,0.996585875984252,0.9676401533792652,0.9973511995755084,0.0838011225349831
ema_bucket8_age8_m-1,2,16384,long-text,0.3353030764544623,0.9731906680610236,0.99973343175853,0.9970523704068242,0.9731906680610236,0.997238652560088,0.0706926416801305
ema_bucket8_age8_m-1,2,32768,long-code,0.5667163679517999,0.941164031742126,0.998523622047244,0.9888041338582676,0.941164031742126,0.9917874151521416,0.1296085734960138
ema_bucket8_age8_m-1,2,32768,long-text,0.5580487804878049,0.940671905757874,0.9978674540682416,0.987907029199475,0.940671905757874,0.9901202618130616,0.1270586544073151
ema_bucket8_age8_m-1,5,8192,long-code,0.217819375227908,0.9892783177493438,1.0,0.9997846948818898,0.9892783177493438,0.9995976530280668,0.0420377413674656
ema_bucket8_age8_m-1,5,8192,long-text,0.1317191283292977,0.9888746206528872,0.9999384842519684,0.9991336532152232,0.9888746206528872,0.9994187166619314,0.0370829145321066
ema_bucket8_age8_m-1,5,16384,long-code,0.5191510124420591,0.9729727997867454,0.9996104002624672,0.9976265173884514,0.9729727997867454,0.996492624667888,0.0825107330274507
ema_bucket8_age8_m-1,5,16384,long-text,0.4537081919534658,0.970478848835302,0.999015748031496,0.9959348343175852,0.970478848835302,0.9949672800207404,0.0805579031202897
ema_bucket8_age8_m-1,5,32768,long-code,0.6271263808161651,0.9412780921916012,0.997190780839895,0.98828125,0.9412780921916012,0.9885393146201824,0.1320814232126807
ema_bucket8_age8_m-1,5,32768,long-text,0.5933154427909246,0.9262016076115486,0.9932127624671916,0.9794691190944882,0.9262016076115486,0.9830860445605044,0.1517275096142682
ema_bucket8_age8_m-1,8,8192,long-code,0.1475370055811696,0.9876302083333334,1.0,0.999502747703412,0.9876302083333334,0.9995469578595416,0.0418521131936526
ema_bucket8_age8_m-1,8,8192,long-text,0.0926640926640927,0.989262938812336,0.9999794947506562,0.9991695374015748,0.989262938812336,0.9994379398472428,0.0327965478785642
ema_bucket8_age8_m-1,8,16384,long-code,0.5794846864365581,0.9786437828083988,0.9998154527559056,0.9982314222440944,0.9786437828083988,0.9967338636091234,0.0670541220025074
ema_bucket8_age8_m-1,8,16384,long-text,0.5487715884213087,0.9693497785433072,0.9982160433070866,0.9944276984908136,0.9693497785433072,0.9934718228225604,0.0847217667702095
ema_bucket8_age8_m-1,8,32768,long-code,0.6052975701730378,0.921875,0.9893167650918636,0.9743991961942258,0.921875,0.9790146833012788,0.1474839227899126
ema_bucket8_age8_m-1,8,32768,long-text,0.5973852234721799,0.9150608493274278,0.9879224081364828,0.971795029527559,0.9150608493274278,0.9787814731803508,0.1589194405086429
ema_bucket8_age8_m-1,11,8192,long-code,0.1160541586073501,0.9906662668143044,1.0,0.999625779199475,0.9906662668143044,0.9994646026130004,0.0326153343041151
ema_bucket8_age8_m-1,11,8192,long-text,0.1081733671375105,0.9905868089730973,1.0,0.999764189632546,0.9905868089730973,0.9994860745907758,0.0354300657486825
ema_bucket8_age8_m-1,11,16384,long-code,0.4203612479474549,0.976827786663386,0.9998359580052494,0.9987440534776902,0.976827786663386,0.9969053048143748,0.071157227028777
ema_bucket8_age8_m-1,11,16384,long-text,0.35661074435225,0.973622559875328,0.9995898950131232,0.9971702755905512,0.973622559875328,0.9957485218476104,0.0706592868411314
ema_bucket8_age8_m-1,11,32768,long-code,0.5505292377146691,0.9504042097276902,0.997293307086614,0.9887426181102362,0.9504042097276902,0.9891948954569512,0.1089404165230255
ema_bucket8_age8_m-1,11,32768,long-text,0.5323583180987204,0.93701812664042,0.9963090551181102,0.9852464730971128,0.93701812664042,0.9868422562930966,0.130815187987517
ema_bucket8_age8_m-1,14,8192,long-code,0.1167031363967906,0.9901728592519684,0.9999179790026248,0.999395095144357,0.9901728592519684,0.9992365144731622,0.0325374129372035
ema_bucket8_age8_m-1,14,8192,long-text,0.0545012165450121,0.9944725537237532,1.0,0.9997283054461942,0.9944725537237532,0.999559032763503,0.0192993306720712
ema_bucket8_age8_m-1,14,16384,long-code,0.3337982897689369,0.9788398642552494,0.9990567585301836,0.9961603920603674,0.9788398642552494,0.9962457188635604,0.0536809816209929
ema_bucket8_age8_m-1,14,16384,long-text,0.2681564245810056,0.974007033300525,0.9990772637795275,0.9950326033464568,0.974007033300525,0.9952394117077942,0.0605812808387848
ema_bucket8_age8_m-1,14,32768,long-code,0.4439846650033469,0.93285171628937,0.993397309711286,0.976926468175853,0.93285171628937,0.9838275860274774,0.1237960360931587
ema_bucket8_age8_m-1,14,32768,long-text,0.4307860993512624,0.9232462885498688,0.9896653543307088,0.9714105561023622,0.9232462885498688,0.9814559420143152,0.1380452613993152
ema_bucket8_age8_m-1,17,8192,long-code,0.0769415724933878,0.9883427657480316,0.9998154527559056,0.9984364747375328,0.9883427657480316,0.9991641931189952,0.0313928903378796
ema_bucket8_age8_m-1,17,8192,long-text,0.062241672744955,0.990003690944882,0.9996514107611548,0.998298064304462,0.990003690944882,0.9992016002321836,0.0257804841146097
ema_bucket8_age8_m-1,17,16384,long-code,0.3100962994367391,0.9695919968011812,0.99657562335958,0.9918030265748032,0.9695919968011812,0.9952573411840788,0.0664334472960159
ema_bucket8_age8_m-1,17,16384,long-text,0.2684988143734419,0.9618333230807088,0.997293307086614,0.9895935859580052,0.9618333230807088,0.9928642019911628,0.0768386580765557
ema_bucket8_age8_m-1,17,32768,long-code,0.4715912551001766,0.933106750328084,0.9898293963254592,0.9734251968503936,0.933106750328084,0.9843969192673152,0.1192134259431486
ema_bucket8_age8_m-1,17,32768,long-text,0.4542187024063356,0.9105509760498688,0.9813812335958004,0.9590202591863516,0.9105509760498688,0.9766696022439204,0.1472769582607472
ema_bucket8_age8_m-1,21,8192,long-code,0.0461704941685704,0.994860871883202,1.0,0.9996514107611548,0.994860871883202,0.9997281999950748,0.0159454090135446
ema_bucket8_age8_m-1,21,8192,long-text,0.0463152816306838,0.995855376476378,0.999774442257218,0.9989286007217848,0.995855376476378,0.9995037930337072,0.0097048786197893
ema_bucket8_age8_m-1,21,16384,long-code,0.1945525291828793,0.979975342437664,0.9986671587926508,0.995601624015748,0.979975342437664,0.997352810355515,0.0468479880750188
ema_bucket8_age8_m-1,21,16384,long-text,0.2716303886497302,0.96901656824147,0.997826443569554,0.9906547326115486,0.96901656824147,0.9935299170813244,0.0627872012580513
ema_bucket8_age8_m-1,21,32768,long-code,0.3922070794841306,0.94216109949147,0.9913057742782152,0.9789308562992126,0.94216109949147,0.9872719226941028,0.1069807206431492
ema_bucket8_age8_m-1,21,32768,long-text,0.4145102928208715,0.9300078945209974,0.9933562992125984,0.974358185695538,0.9300078945209974,0.9843274583086462,0.1226922438057204
ema_bucket8_age8_m-1,25,8192,long-code,0.1545147271849348,0.9930384678477692,0.9999384842519684,0.9995898950131232,0.9930384678477692,0.9994526325313516,0.0241708115615229
ema_bucket8_age8_m-1,25,8192,long-text,0.0617984308992154,0.9935895464238844,1.0,0.9993848425196852,0.9935895464238844,0.9995264998893596,0.0200747400437103
ema_bucket8_age8_m-1,25,16384,long-code,0.4473076455573113,0.9844288262795275,0.9997129265091864,0.9981083907480316,0.9844288262795275,0.997285983814998,0.0415785896947567
ema_bucket8_age8_m-1,25,16384,long-text,0.4169000365274564,0.981945127952756,0.9987286745406824,0.9959143290682416,0.981945127952756,0.9963284942769208,0.0508038901853615
ema_bucket8_age8_m-1,25,32768,long-code,0.4725841393830287,0.940170808727034,0.9949146981627296,0.98073531824147,0.940170808727034,0.9865256321987452,0.1096276968702253
ema_bucket8_age8_m-1,25,32768,long-text,0.4389976220962136,0.9319264169127296,0.990485564304462,0.972912565616798,0.9319264169127296,0.9834224141253493,0.1205471678543679
ema_bucket8_age8_m-3,2,8192,long-code,0.1710814094775212,0.9828806799540682,0.9996924212598424,0.9979904855643044,0.9828806799540682,0.9990568606532136,0.0451053185925778
ema_bucket8_age8_m-3,2,8192,long-text,0.1242416889104586,0.986448593339895,0.9999384842519684,0.998544127296588,0.986448593339895,0.9995066721998556,0.0354290047592235
ema_bucket8_age8_m-3,2,16384,long-code,0.4288760280231496,0.9489022002132546,0.9993643372703412,0.9933101624015748,0.9489022002132546,0.9954386841683344,0.1233305628952547
ema_bucket8_age8_m-3,2,16384,long-text,0.3902914989632882,0.9606286396817584,0.9994463582677166,0.9938535515091864,0.9606286396817584,0.995360387565884,0.0965762620946435
ema_bucket8_age8_m-3,2,32768,long-code,0.6498647128568389,0.9094654794127296,0.9957759186351706,0.9772237942913384,0.9094654794127296,0.9850789215296556,0.1846865534144623
ema_bucket8_age8_m-3,2,32768,long-text,0.6077613757418963,0.9190004203576116,0.9960219816272966,0.9793973507217848,0.9190004203576116,0.9849206031101628,0.1638688402346042
ema_bucket8_age8_m-3,5,8192,long-code,0.2848207842193889,0.979370437582021,1.0,0.9992310531496064,0.979370437582021,0.9992590438669016,0.0746131183820785
ema_bucket8_age8_m-3,5,8192,long-text,0.185866408518877,0.9786527538549868,0.9999179790026248,0.9978725803805776,0.9786527538549868,0.998860480396264,0.0660212897506676
ema_bucket8_age8_m-3,5,16384,long-code,0.5736585365853659,0.9603851398458004,0.9993643372703412,0.995970718503937,0.9603851398458004,0.994582347904894,0.1146254445452306
ema_bucket8_age8_m-3,5,16384,long-text,0.5031691857630425,0.9590343565452756,0.9985646325459318,0.9939714566929134,0.9590343565452756,0.9927039908257864,0.1066649514944093
ema_bucket8_age8_m-3,5,32768,long-code,0.6909423604757547,0.9230309834317584,0.9951402559055118,0.9827807168635172,0.9230309834317584,0.9840349358392227,0.1672172028134868
ema_bucket8_age8_m-3,5,32768,long-text,0.6386134081962711,0.9083556327919948,0.9910802165354332,0.97313812335958,0.9083556327919948,0.9781363724591532,0.1837548222796135
ema_bucket8_age8_m-3,8,8192,long-code,0.2018682518500546,0.9791000246062992,1.0,0.99903625328084,0.9791000246062992,0.9992798643006188,0.0652516536517173
ema_bucket8_age8_m-3,8,8192,long-text,0.1311001325460898,0.9817375123031497,0.9998564632545932,0.9981135170603674,0.9817375123031497,0.9989721951365188,0.0525398762050015
ema_bucket8_age8_m-3,8,16384,long-code,0.636019997561273,0.9709107406496064,0.9995898950131232,0.996954970472441,0.9709107406496064,0.9951684887312482,0.0867983145517408
ema_bucket8_age8_m-3,8,16384,long-text,0.5892323638802512,0.9623600516732284,0.997334317585302,0.99291031003937,0.9623600516732284,0.9917428746684018,0.1021731329696124
ema_bucket8_age8_m-3,8,32768,long-code,0.6589496771049104,0.9027000287073492,0.9841699475065616,0.965105191929134,0.9027000287073492,0.9721334799541872,0.1776113619949701
ema_bucket8_age8_m-3,8,32768,long-text,0.6294187498097007,0.9012697875656168,0.984867125984252,0.9647566026902888,0.9012697875656168,0.9738999739063016,0.1792871391216886
ema_bucket8_age8_m-3,11,8192,long-code,0.1785107931118118,0.9785681697014436,0.9999384842519684,0.9986620324803148,0.9785681697014436,0.9987046587651988,0.0669951964205537
ema_bucket8_age8_m-3,11,8192,long-text,0.1542540371173777,0.9830011482939632,0.9999589895013123,0.9994309793307088,0.9830011482939632,0.9990090494529926,0.0572470202033309
ema_bucket8_age8_m-3,11,16384,long-code,0.4757204654846768,0.9640799294619422,0.9996719160104988,0.9970985072178478,0.9640799294619422,0.9946430449122572,0.1010824832470854
ema_bucket8_age8_m-3,11,16384,long-text,0.4264857333252559,0.958716525180446,0.9991182742782152,0.9944482037401576,0.958716525180446,0.9927572802103304,0.1035141552059025
ema_bucket8_age8_m-3,11,32768,long-code,0.6027614374104666,0.9294145238681102,0.9941970144356956,0.9806276656824148,0.9294145238681102,0.9828937789962888,0.1441505076869596
ema_bucket8_age8_m-3,11,32768,long-text,0.5648720211827007,0.9191260150098424,0.994627624671916,0.9788385826771654,0.9191260150098424,0.9819030768128092,0.1608521442781347
ema_bucket8_age8_m-3,14,8192,long-code,0.1866115903292431,0.9798189899114174,0.9998564632545932,0.9984621062992126,0.9798189899114174,0.998453611950926,0.0611798257329711
ema_bucket8_age8_m-3,14,8192,long-text,0.0858431898548957,0.9877455503608924,0.9999589895013123,0.9990465059055118,0.9877455503608924,0.9989624124916784,0.0379636144024335
ema_bucket8_age8_m-3,14,16384,long-code,0.3993215410709959,0.9618038467847768,0.997785433070866,0.9912698900918636,0.9618038467847768,0.9924501002850028,0.0886321937391737
ema_bucket8_age8_m-3,14,16384,long-text,0.3299769501395123,0.9573567708333334,0.9981340223097112,0.990224122375328,0.9573567708333334,0.991448034718914,0.0916829057389866
ema_bucket8_age8_m-3,14,32768,long-code,0.511547027060008,0.8934739480807087,0.984498031496063,0.9571696604330708,0.8934739480807087,0.9712377687328804,0.1837211225807223
ema_bucket8_age8_m-3,14,32768,long-text,0.4798098314692347,0.8951925442913385,0.9833087270341208,0.9564827345800524,0.8951925442913385,0.9724277455042116,0.1781746503892165
ema_bucket8_age8_m-3,17,8192,long-code,0.1321190042501517,0.9766329867946194,0.9993438320209974,0.995832308070866,0.9766329867946194,0.9983355359097862,0.0573719695630756
ema_bucket8_age8_m-3,17,8192,long-text,0.0926193921852387,0.983025498277559,0.9989337270341208,0.9962475393700788,0.983025498277559,0.9985783836585644,0.0403831908445249
ema_bucket8_age8_m-3,17,16384,long-code,0.3666951115445569,0.9488637528707348,0.9939509514435696,0.9839136318897638,0.9488637528707348,0.992219555571084,0.1040537245720846
ema_bucket8_age8_m-3,17,16384,long-text,0.3077297626293366,0.9464261913549868,0.9949352034120736,0.9824936433727034,0.9464261913549868,0.9891441268626452,0.1006637479415324
ema_bucket8_age8_m-3,17,32768,long-code,0.5297948749163066,0.9046018905839897,0.9828576115485564,0.9584307332677166,0.9046018905839897,0.9771705891553027,0.1604028039588753
ema_bucket8_age8_m-3,17,32768,long-text,0.4907198928984361,0.8869045788221784,0.9720923556430446,0.943369627624672,0.8869045788221784,0.9686253097493092,0.1783777871371235
ema_bucket8_age8_m-3,21,8192,long-code,0.0702267739575713,0.990007535679134,0.9998974737532808,0.9991746637139108,0.990007535679134,0.9994342580833108,0.0281718215066114
ema_bucket8_age8_m-3,21,8192,long-text,0.0615606588914271,0.9927706180282152,0.9991797900262468,0.9974932332677166,0.9927706180282152,0.999009241774486,0.0151976727842307
ema_bucket8_age8_m-3,21,16384,long-code,0.2717786944916283,0.962906003937008,0.9969242125984252,0.9908187746062992,0.962906003937008,0.995036574806488,0.0795253390622111
ema_bucket8_age8_m-3,21,16384,long-text,0.3111705360398688,0.958612717355643,0.9959604658792652,0.985959030511811,0.958612717355643,0.9908900126863476,0.0804304922966784
ema_bucket8_age8_m-3,21,32768,long-code,0.4480837721834951,0.9177790764435696,0.9861999671916012,0.9667661171259844,0.9177790764435696,0.9810718559646916,0.1431685642872035
ema_bucket8_age8_m-3,21,32768,long-text,0.4519113708302897,0.9126361035925196,0.989624343832021,0.9649155183727034,0.9126361035925196,0.9793182094692988,0.1481315905905613
ema_bucket8_age8_m-3,25,8192,long-code,0.210372534696859,0.984376281578084,0.9996924212598424,0.9986466535433072,0.984376281578084,0.998728652781695,0.0478381957989311
ema_bucket8_age8_m-3,25,8192,long-text,0.0855614973262032,0.9871419270833334,0.999261811023622,0.9976008858267716,0.9871419270833334,0.9987686777964022,0.0358734662199508
ema_bucket8_age8_m-3,25,16384,long-code,0.504487024011642,0.9761472687007874,0.9991797900262468,0.99609375,0.9761472687007874,0.9953280036567008,0.0591470294819342
ema_bucket8_age8_m-3,25,16384,long-text,0.4772355259169445,0.9738301755249344,0.99438156167979,0.9906239747375328,0.9738301755249344,0.9933018943944364,0.0673982811956104
ema_bucket8_age8_m-3,25,32768,long-code,0.5352146940761464,0.9122208722933072,0.9883325131233596,0.9657306020341208,0.9122208722933072,0.9780989764925396,0.1523380282077308
ema_bucket8_age8_m-3,25,32768,long-text,0.4796490372897879,0.9092604269192912,0.9812376968503936,0.9573695866141732,0.9092604269192912,0.9753879967736682,0.1509504957413398
ema_bucket8_age8_m-4,2,8192,long-code,0.1715190644414667,0.9822924356135172,0.9996924212598424,0.9978879593175852,0.9822924356135172,0.9990225403472198,0.0463900168489457
ema_bucket8_age8_m-4,2,8192,long-text,0.1308006732387593,0.985955185777559,0.9999384842519684,0.9984569799868768,0.985955185777559,0.9994820751561247,0.036584049686347
ema_bucket8_age8_m-4,2,16384,long-code,0.4307804256867382,0.9473361117946194,0.9992413057742782,0.992684752296588,0.9473361117946194,0.9951845309841512,0.1263057855088129
ema_bucket8_age8_m-4,2,16384,long-text,0.3920189217053793,0.9599148006889764,0.9994258530183728,0.9935921095800524,0.9599148006889764,0.9952553096883918,0.0978213863913079
ema_bucket8_age8_m-4,2,32768,long-code,0.6527828522713433,0.9081659592355644,0.9955708661417324,0.9764907316272966,0.9081659592355644,0.9847542159911084,0.1862720535711459
ema_bucket8_age8_m-4,2,32768,long-text,0.6129632453866097,0.9171318795111548,0.9955708661417324,0.9780491305774278,0.9171318795111548,0.9843214536610186,0.1663923372362245
ema_bucket8_age8_m-4,5,8192,long-code,0.2924834636199639,0.9781260252624672,1.0,0.9991541584645668,0.9781260252624672,0.999215626508458,0.0784556032833054
ema_bucket8_age8_m-4,5,8192,long-text,0.1926086433128686,0.9776979781824148,0.999876968503937,0.9977751804461942,0.9776979781824148,0.9988004981307468,0.0684658325951703
ema_bucket8_age8_m-4,5,16384,long-code,0.5748968196164117,0.9598084297080052,0.9993643372703412,0.9958886975065616,0.9598084297080052,0.9944904711423088,0.1156420005308596
ema_bucket8_age8_m-4,5,16384,long-text,0.508830490987437,0.9585934936843832,0.998523622047244,0.993904814632546,0.9585934936843832,0.9926083680515227,0.1075176996817321
ema_bucket8_age8_m-4,5,32768,long-code,0.6941051028179741,0.9226747047244096,0.9951402559055118,0.9825807906824148,0.9226747047244096,0.9839188054759486,0.1675810969400442
ema_bucket8_age8_m-4,5,32768,long-text,0.6439613379272495,0.9083287196522308,0.9910392060367454,0.973127870734908,0.9083287196522308,0.9781283844056322,0.1838080517412531
ema_bucket8_age8_m-4,8,8192,long-code,0.2091756445950853,0.9780914226541996,1.0,0.9989439796587928,0.9780914226541996,0.9992561239034464,0.0683173797158829
ema_bucket8_age8_m-4,8,8192,long-text,0.131289972245686,0.9812338521161418,0.9998359580052494,0.998031496062992,0.9812338521161418,0.9989507239543672,0.0536577567577355
ema_bucket8_age8_m-4,8,16384,long-code,0.6352067222797296,0.9707736117946194,0.9995898950131232,0.9968832020997376,0.9707736117946194,0.9951204919067284,0.0870780955714866
ema_bucket8_age8_m-4,8,16384,long-text,0.593922484381634,0.962165251804462,0.997334317585302,0.992920562664042,0.962165251804462,0.9917153383391312,0.1026891973751769
ema_bucket8_age8_m-4,8,32768,long-code,0.660095816423057,0.9021566395997376,0.9839854002624672,0.9648898868110236,0.9021566395997376,0.9719348439002896,0.1784399975007836
ema_bucket8_age8_m-4,8,32768,long-text,0.630339990852264,0.9010339771981628,0.9847645997375328,0.96457718175853,0.9010339771981628,0.973796297822492,0.1795996302247115
ema_bucket8_age8_m-4,11,8192,long-code,0.1862043884107164,0.9772020074639108,0.9999384842519684,0.9986107693569554,0.9772020074639108,0.9986363137930258,0.0701756922003455
ema_bucket8_age8_m-4,11,8192,long-text,0.154179715731149,0.9827371432086616,0.9999589895013123,0.9994258530183728,0.9827371432086616,0.9989964210319686,0.0579763878718909
ema_bucket8_age8_m-4,11,16384,long-code,0.4816118460978273,0.9634314509514436,0.9996719160104988,0.9970164862204725,0.9634314509514436,0.9945322240310006,0.1025460885868705
ema_bucket8_age8_m-4,11,16384,long-text,0.4239440899422667,0.9585576094980316,0.9991182742782152,0.9945302247375328,0.9585576094980316,0.992747338479252,0.1037699510625991
ema_bucket8_age8_m-4,11,32768,long-code,0.6082612404045327,0.928461029773622,0.993909940944882,0.9800637713254592,0.928461029773622,0.9825664023758832,0.145453401567431
ema_bucket8_age8_m-4,11,32768,long-text,0.5722975850112537,0.9188184362696852,0.9945456036745408,0.9785412565616798,0.9188184362696852,0.98176504800626,0.1612147030319128
ema_bucket8_age8_m-4,14,8192,long-code,0.1950268161872257,0.978634811761811,0.9999384842519684,0.9984467273622047,0.978634811761811,0.9983826391860988,0.0646665575194284
ema_bucket8_age8_m-4,14,8192,long-text,0.092652913499819,0.9873303190616798,0.9999589895013123,0.9989542322834646,0.9873303190616798,0.9989021437963248,0.0387487238228277
ema_bucket8_age8_m-4,14,16384,long-code,0.4061508420795704,0.960326187253937,0.9977034120734908,0.9907418799212598,0.960326187253937,0.9921083922730228,0.0914599304537717
ema_bucket8_age8_m-4,14,16384,long-text,0.331363830176037,0.9564481319717848,0.9979904855643044,0.989865280511811,0.9564481319717848,0.9911893615716784,0.0931888055720294
ema_bucket8_age8_m-4,14,32768,long-code,0.5193410616229408,0.8907954498851706,0.9834317585301836,0.9553805774278216,0.8907954498851706,0.970125673018378,0.1871815810006659
ema_bucket8_age8_m-4,14,32768,long-text,0.4837549527583054,0.895023375984252,0.9833087270341208,0.956421218832021,0.895023375984252,0.9723803108774548,0.1784615087138918
ema_bucket8_age8_m-4,17,8192,long-code,0.1387116195063215,0.9751783956692912,0.9993438320209974,0.995606750328084,0.9751783956692912,0.9982613107656793,0.0601889353483219
ema_bucket8_age8_m-4,17,8192,long-text,0.0927536231884057,0.982684598507218,0.998790190288714,0.9960424868766404,0.982684598507218,0.9985284900982376,0.0410671813609563
ema_bucket8_age8_m-4,17,16384,long-code,0.3734273384793046,0.9484023847604988,0.9939919619422573,0.9839085055774278,0.9484023847604988,0.9922231805981098,0.104983508922605
ema_bucket8_age8_m-4,17,16384,long-text,0.3082550908425802,0.9462672756725722,0.9949352034120736,0.9824936433727034,0.9462672756725722,0.989130600511302,0.1009961816648818
ema_bucket8_age8_m-4,17,32768,long-code,0.5373570211730347,0.902835875984252,0.9825090223097112,0.9573542076771654,0.902835875984252,0.9767917134943788,0.1627953746630003
ema_bucket8_age8_m-4,17,32768,long-text,0.4922178988326848,0.8867379736712598,0.9719898293963256,0.943241469816273,0.8867379736712598,0.968558757850348,0.1785742873076625
ema_bucket8_age8_m-4,21,8192,long-code,0.0776133883094833,0.9892155204232284,0.999876968503937,0.9991080216535432,0.9892155204232284,0.9994028631498526,0.0299260459584416
ema_bucket8_age8_m-4,21,8192,long-text,0.0616273471352912,0.99266937335958,0.999138779527559,0.997441970144357,0.99266937335958,0.9989915618672112,0.0154171993588843
ema_bucket8_age8_m-4,21,16384,long-code,0.2755108227732977,0.9617474573490814,0.9969242125984252,0.9906496062992126,0.9617474573490814,0.994911043958054,0.0816042098112551
ema_bucket8_age8_m-4,21,16384,long-text,0.3149835946044477,0.9583423043799212,0.9959194553805776,0.985851377952756,0.9583423043799212,0.9908215783662386,0.0807264462836677
ema_bucket8_age8_m-4,21,32768,long-code,0.4539559803951414,0.9169729638287402,0.9861589566929134,0.9661714648950132,0.9169729638287402,0.9808383965437706,0.1440354225667993
ema_bucket8_age8_m-4,21,32768,long-text,0.4529314867915319,0.9125758694225722,0.9896038385826772,0.9648950131233596,0.9125758694225722,0.9793017080498168,0.1482242098050016
ema_bucket8_age8_m-4,25,8192,long-code,0.2237762237762237,0.9828537668143044,0.9996924212598424,0.9982621801181102,0.9828537668143044,0.9985767504553484,0.0511291038457099
ema_bucket8_age8_m-4,25,8192,long-text,0.0856864654333008,0.986815124671916,0.999261811023622,0.9974727280183728,0.986815124671916,0.9987342669279506,0.0366816633404743
ema_bucket8_age8_m-4,25,16384,long-code,0.5106590327689122,0.9754539349573492,0.999138779527559,0.9958886975065616,0.9754539349573492,0.9951591617417898,0.0606509207708706
ema_bucket8_age8_m-4,25,16384,long-text,0.4779018941233608,0.973516188894357,0.9941149934383202,0.9904035433070866,0.973516188894357,0.9931508160265828,0.0679236902390606
ema_bucket8_age8_m-4,25,32768,long-code,0.5403395409796092,0.909903779117454,0.9879019028871392,0.964115813648294,0.909903779117454,0.977337849761212,0.1555984108048406
ema_bucket8_age8_m-4,25,32768,long-text,0.4848337339134139,0.908432527477034,0.9803149606299212,0.956810818569554,0.908432527477034,0.9750298121540936,0.1520354589199182
full,2,8192,long-code,0.0,1.0,1.0,1.0,1.0,1.0,0.0
full,2,8192,long-text,0.0,1.0,1.0,1.0,1.0,1.0,0.0
full,2,16384,long-code,0.0,1.0,1.0,1.0,1.0,1.0,0.0
full,2,16384,long-text,0.0,1.0,1.0,1.0,1.0,1.0,0.0
full,2,32768,long-code,0.0,1.0,1.0,1.0,1.0,1.0,0.0
full,2,32768,long-text,0.0,1.0,1.0,1.0,1.0,1.0,0.0
full,5,8192,long-code,0.0,1.0,1.0,1.0,1.0,1.0,0.0
full,5,8192,long-text,0.0,1.0,1.0,1.0,1.0,1.0,0.0
full,5,16384,long-code,0.0,1.0,1.0,1.0,1.0,1.0,0.0
full,5,16384,long-text,0.0,1.0,1.0,1.0,1.0,1.0,0.0
full,5,32768,long-code,0.0,1.0,1.0,1.0,1.0,1.0,0.0
full,5,32768,long-text,0.0,1.0,1.0,1.0,1.0,1.0,0.0
full,8,8192,long-code,0.0,1.0,1.0,1.0,1.0,1.0,0.0
full,8,8192,long-text,0.0,1.0,1.0,1.0,1.0,1.0,0.0
full,8,16384,long-code,0.0,1.0,1.0,1.0,1.0,1.0,0.0
full,8,16384,long-text,0.0,1.0,1.0,1.0,1.0,1.0,0.0
full,8,32768,long-code,0.0,1.0,1.0,1.0,1.0,1.0,0.0
full,8,32768,long-text,0.0,1.0,1.0,1.0,1.0,1.0,0.0
full,11,8192,long-code,0.0,1.0,1.0,1.0,1.0,1.0,0.0
full,11,8192,long-text,0.0,1.0,1.0,1.0,1.0,1.0,0.0
full,11,16384,long-code,0.0,1.0,1.0,1.0,1.0,1.0,0.0
full,11,16384,long-text,0.0,1.0,1.0,1.0,1.0,1.0,0.0
full,11,32768,long-code,0.0,1.0,1.0,1.0,1.0,1.0,0.0
full,11,32768,long-text,0.0,1.0,1.0,1.0,1.0,1.0,0.0
full,14,8192,long-code,0.0,1.0,1.0,1.0,1.0,1.0,0.0
full,14,8192,long-text,0.0,1.0,1.0,1.0,1.0,1.0,0.0
full,14,16384,long-code,0.0,1.0,1.0,1.0,1.0,1.0,0.0
full,14,16384,long-text,0.0,1.0,1.0,1.0,1.0,1.0,0.0
full,14,32768,long-code,0.0,1.0,1.0,1.0,1.0,1.0,0.0
full,14,32768,long-text,0.0,1.0,1.0,1.0,1.0,1.0,0.0
full,17,8192,long-code,0.0,1.0,1.0,1.0,1.0,1.0,0.0
full,17,8192,long-text,0.0,1.0,1.0,1.0,1.0,1.0,0.0
full,17,16384,long-code,0.0,1.0,1.0,1.0,1.0,1.0,0.0
full,17,16384,long-text,0.0,1.0,1.0,1.0,1.0,1.0,0.0
full,17,32768,long-code,0.0,1.0,1.0,1.0,1.0,1.0,0.0
full,17,32768,long-text,0.0,1.0,1.0,1.0,1.0,1.0,0.0
full,21,8192,long-code,0.0,1.0,1.0,1.0,1.0,1.0,0.0
full,21,8192,long-text,0.0,1.0,1.0,1.0,1.0,1.0,0.0
full,21,16384,long-code,0.0,1.0,1.0,1.0,1.0,1.0,0.0
full,21,16384,long-text,0.0,1.0,1.0,1.0,1.0,1.0,0.0
full,21,32768,long-code,0.0,1.0,1.0,1.0,1.0,1.0,0.0
full,21,32768,long-text,0.0,1.0,1.0,1.0,1.0,1.0,0.0
full,25,8192,long-code,0.0,1.0,1.0,1.0,1.0,1.0,0.0
full,25,8192,long-text,0.0,1.0,1.0,1.0,1.0,1.0,0.0
full,25,16384,long-code,0.0,1.0,1.0,1.0,1.0,1.0,0.0
full,25,16384,long-text,0.0,1.0,1.0,1.0,1.0,1.0,0.0
full,25,32768,long-code,0.0,1.0,1.0,1.0,1.0,1.0,0.0
full,25,32768,long-text,0.0,1.0,1.0,1.0,1.0,1.0,0.0
static_m-1,2,8192,long-code,0.093113482056256,0.9955631766732284,1.0,0.999636031824147,0.9955631766732284,0.9997694556088016,0.0151611248142537
static_m-1,2,8192,long-text,0.0700389105058365,0.9958041133530184,1.0,0.999636031824147,0.9958041133530184,0.9998343464519552,0.0132578580816658
static_m-1,2,16384,long-code,0.2765504229809506,0.9845582656660103,0.9999179790026248,0.998410843175853,0.9845582656660103,0.9989060655802616,0.0448320879842079
static_m-1,2,16384,long-text,0.2886572804290851,0.984494186761811,0.9998359580052494,0.9977649278215224,0.984494186761811,0.9983465991556112,0.0432703508459524
static_m-1,2,32768,long-code,0.5148080438756856,0.9715489665354332,0.9988106955380578,0.9949915928477692,0.9715489665354332,0.9962338648513572,0.0686792298699439
static_m-1,2,32768,long-text,0.4878048780487805,0.9683706528871392,0.9988927165354332,0.993535720144357,0.9683706528871392,0.995011289522488,0.0748072334126582
static_m-1,5,8192,long-code,0.2874135210583809,0.9816285781660103,1.0,0.9993233267716536,0.9816285781660103,0.9992713470234598,0.0631109146507126
static_m-1,5,8192,long-text,0.1560024375380865,0.988019808070866,0.9999589895013123,0.9991900426509186,0.988019808070866,0.9993784474483808,0.0409275254250227
static_m-1,5,16384,long-code,0.5758054711246201,0.9661612122703412,0.9987286745406824,0.9946942667322834,0.9661612122703412,0.9947350385590692,0.0937528615430462
static_m-1,5,16384,long-text,0.486706819979315,0.9742812910104988,0.9986466535433072,0.9960681184383202,0.9742812910104988,0.9954539642535132,0.0717750780250152
static_m-1,5,32768,long-code,0.6671543525969276,0.95285843175853,0.9976008858267716,0.9904445538057742,0.95285843175853,0.9908697816575904,0.1097245757641609
static_m-1,5,32768,long-text,0.6211323739693937,0.9413280737368768,0.995119750656168,0.984385252624672,0.9413280737368768,0.9871256698550804,0.1266825286973529
static_m-1,8,8192,long-code,0.2077672237585668,0.9813735441272966,1.0,0.9989183480971128,0.9813735441272966,0.9992983520070432,0.0571942314936699
static_m-1,8,8192,long-text,0.0849011095031355,0.9912493848425196,0.9999179790026248,0.9993694635826772,0.9912493848425196,0.999483765715656,0.0291639563820613
static_m-1,8,16384,long-code,0.6478361013456176,0.9730355971128608,0.9993848425196852,0.9966781496062992,0.9730355971128608,0.9952203491176436,0.0772933734243368
static_m-1,8,16384,long-text,0.5990396888105513,0.9741902989665354,0.9986466535433072,0.9952632874015748,0.9741902989665354,0.9946326613268008,0.0740898062934461
static_m-1,8,32768,long-code,0.5872275567748819,0.9588792855971128,0.9957759186351706,0.9884247867454068,0.9588792855971128,0.990269175497191,0.0881856938576725
static_m-1,8,32768,long-text,0.5867446393762183,0.946034028461286,0.9906701115485564,0.9810121391076116,0.946034028461286,0.987168783896214,0.1075120154831359
static_m-1,11,8192,long-code,0.1479318734793187,0.9879647002132546,1.0,0.9995591371391076,0.9879647002132546,0.9993217678206874,0.0404402134280048
static_m-1,11,8192,long-text,0.1248323783981469,0.989523099163386,1.0,0.999769315944882,0.989523099163386,0.9994707125400316,0.039185267832879
static_m-1,11,16384,long-code,0.469361779501788,0.9734597994586616,0.9999589895013123,0.998062253937008,0.9734597994586616,0.9963873037676604,0.0764817671828239
static_m-1,11,16384,long-text,0.3605961468556888,0.9799227977362204,0.999876968503937,0.99879531660105,0.9799227977362204,0.9971390603057974,0.0592147209473315
static_m-1,11,32768,long-code,0.5898886658149297,0.9551703986220472,0.996104002624672,0.9889066601049868,0.9551703986220472,0.9900115951052386,0.0981763762852461
static_m-1,11,32768,long-text,0.521480040132559,0.9620563176673228,0.9991592847769027,0.9934639517716536,0.9620563176673228,0.993203983888124,0.0885657148099016
static_m-1,14,8192,long-code,0.1717282595438468,0.984000779199475,0.9994258530183728,0.9982365485564304,0.984000779199475,0.9984377508895916,0.0473755103792728
static_m-1,14,8192,long-text,0.077425598838616,0.991448029445538,0.9999589895013123,0.9995898950131232,0.991448029445538,0.9992930940141992,0.0282256219145607
static_m-1,14,16384,long-code,0.3899348077743252,0.975949905675853,0.9974778543307088,0.9948121719160103,0.975949905675853,0.9951878934095508,0.0597156296785592
static_m-1,14,16384,long-text,0.300597779675491,0.9741569779363516,0.999282316272966,0.9954273293963256,0.9741569779363516,0.99544736468294,0.0611934054667423
static_m-1,14,32768,long-code,0.4566410537870472,0.9517319246227034,0.9956938976377953,0.9852464730971128,0.9517319246227034,0.9892262421120636,0.0962710670242748
static_m-1,14,32768,long-text,0.4577689849338,0.9295580606135172,0.9883325131233596,0.9725537237532808,0.9295580606135172,0.9830295612298496,0.1245304265827583
static_m-1,17,8192,long-code,0.138811905048801,0.971068374753937,0.9982160433070866,0.9922233841863516,0.971068374753937,0.9971948348894132,0.0621002636684331
static_m-1,17,8192,long-text,0.0848090591495001,0.9814773519520996,0.998523622047244,0.9950274770341208,0.9814773519520996,0.9983056680769336,0.041168101894765
static_m-1,17,16384,long-code,0.4020738029887161,0.952891752788714,0.993643372703412,0.984631315616798,0.952891752788714,0.992394107471662,0.0926788583305155
static_m-1,17,16384,long-text,0.3199219702511582,0.9560303375164042,0.995488845144357,0.9867689878608924,0.9560303375164042,0.99146394962385,0.0846929133618004
static_m-1,17,32768,long-code,0.5597781367141073,0.9193413201279528,0.9877378608923884,0.9673607693569554,0.9193413201279528,0.9808082339403822,0.1374150946716985
static_m-1,17,32768,long-text,0.5380608608242712,0.8921103489993438,0.9778543307086616,0.9504952017716536,0.8921103489993438,0.9719173479044848,0.1706978659247041
static_m-1,21,8192,long-code,0.0847070147996631,0.9881018290682416,0.9999794947506562,0.99901062171916,0.9881018290682416,0.9993278903939956,0.0322195211703933
static_m-1,21,8192,long-text,0.0624314108035605,0.991704345062336,0.999630905511811,0.9973907070209974,0.991704345062336,0.9989957806883168,0.0168138178067578
static_m-1,21,16384,long-code,0.2769212017795113,0.9640068795111548,0.9980930118110236,0.9918594160104988,0.9640068795111548,0.9948215764775662,0.0754191576113694
static_m-1,21,16384,long-text,0.3459879730304318,0.9584371411581364,0.9959399606299212,0.9859077673884514,0.9584371411581364,0.9909914048763284,0.0812489371880058
static_m-1,21,32768,long-code,0.4638669793221062,0.9277664144520996,0.9868356299212598,0.9705083251312336,0.9277664144520996,0.982715450241706,0.1265723203699671
static_m-1,21,32768,long-text,0.4636551808109095,0.928828842683727,0.9927001312335958,0.9739942175196852,0.928828842683727,0.9843396723178708,0.1253650416478355
static_m-1,25,8192,long-code,0.1637227433304909,0.992414339320866,0.9999589895013123,0.9995642634514436,0.992414339320866,0.9993874657854634,0.0270182634714672
static_m-1,25,8192,long-text,0.0541193525006039,0.9947839771981628,1.0,0.999625779199475,0.9947839771981628,0.9996286964101504,0.0176588318325369
static_m-1,25,16384,long-code,0.4806783767413688,0.98854141035105,0.9996104002624672,0.9984518536745408,0.98854141035105,0.9979550526231052,0.03273835890871
static_m-1,25,16384,long-text,0.4341874129262826,0.9856847728018372,0.999528379265092,0.9977649278215224,0.9856847728018372,0.9975047352855236,0.0456529913136464
static_m-1,25,32768,long-code,0.4511030421383456,0.9637390296916012,0.9961245078740156,0.98656906167979,0.9637390296916012,0.9919146825540432,0.0710271734870672
static_m-1,25,32768,long-text,0.3919202997897816,0.9682335240321522,0.9970472440944882,0.9906701115485564,0.9682335240321522,0.9937052235428828,0.0670043714398494
static_m-1.5,2,8192,long-code,0.1619667389732465,0.987535371555118,0.9999384842519684,0.9986927903543308,0.987535371555118,0.9993308126401096,0.0345579177125661
static_m-1.5,2,8192,long-text,0.1239259348904756,0.9892052677985564,0.9999589895013123,0.9988824639107612,0.9892052677985564,0.999564804709426,0.0291594539496528
static_m-1.5,2,16384,long-code,0.4407874687633327,0.953135252624672,0.999138779527559,0.9923976788057742,0.953135252624672,0.9957729826579236,0.1101534312094296
static_m-1.5,2,16384,long-text,0.423712342079689,0.9554805405183728,0.9985646325459318,0.9900805856299212,0.9554805405183728,0.9941315629865576,0.1024155732465954
static_m-1.5,2,32768,long-code,0.6802083016109877,0.9210547900262468,0.9955093503937008,0.9808019603018372,0.9210547900262468,0.9872935838456964,0.1634458194399439
static_m-1.5,2,32768,long-text,0.6553100716135913,0.9173048925524936,0.993663877952756,0.9756397637795275,0.9173048925524936,0.9836814857590932,0.1630804295905412
static_m-1.5,5,8192,long-code,0.3617558628983764,0.967887497949475,0.9999794947506562,0.9987030429790026,0.967887497949475,0.9987198025610594,0.1014774715776756
static_m-1.5,5,8192,long-text,0.2160858555408176,0.9785925196850394,0.999876968503937,0.9981340223097112,0.9785925196850394,0.99879503447478,0.065436789134611
static_m-1.5,5,16384,long-code,0.6513205718439544,0.9370745160761156,0.9975393700787402,0.9903932906824148,0.9370745160761156,0.989602175645486,0.1587959884407444
static_m-1.5,5,16384,long-text,0.5654054712727716,0.949335373605643,0.9976418963254592,0.990244627624672,0.949335373605643,0.9899532838370272,0.1230100614680239
static_m-1.5,5,32768,long-code,0.7660118775696665,0.8921513594980315,0.9898293963254592,0.9697650098425196,0.8921513594980315,0.9743428305469314,0.2124263933607315
static_m-1.5,5,32768,long-text,0.7120865721688767,0.8929843852526247,0.9879019028871392,0.9665815698818898,0.8929843852526247,0.9730120306477784,0.2060654297631159
static_m-1.5,8,8192,long-code,0.265236470014627,0.9677183296423884,0.9999179790026248,0.9974829806430446,0.9677183296423884,0.9987343381182217,0.0890260331426105
static_m-1.5,8,8192,long-text,0.132408421565048,0.9811543942749344,0.999876968503937,0.9982057906824148,0.9811543942749344,0.9987883590355048,0.0529139154573166
static_m-1.5,8,16384,long-code,0.7016353725015143,0.9517895956364828,0.9989337270341208,0.993920193569554,0.9517895956364828,0.9911673850377876,0.1277371746412681
static_m-1.5,8,16384,long-text,0.6469764326167712,0.9532967314632546,0.9970062335958004,0.9903369012467192,0.9532967314632546,0.9893100442814372,0.1208341909747574
static_m-1.5,8,32768,long-code,0.7145166702254218,0.8880733780347769,0.9823654855643044,0.9585332595144356,0.8880733780347769,0.9671605929663064,0.1959827765992285
static_m-1.5,8,32768,long-text,0.6813495210786407,0.8932189140419947,0.9817503280839897,0.9599429954068242,0.8932189140419947,0.9713062215314648,0.1907460166711088
static_m-1.5,11,8192,long-code,0.2020398251578435,0.9767483288221784,0.9999384842519684,0.998656906167979,0.9767483288221784,0.9985367935388813,0.0679366576113549
static_m-1.5,11,8192,long-text,0.1948368241597662,0.9756692400754592,0.9998974737532808,0.9989644849081364,0.9756692400754592,0.9985002313252976,0.0755078567659886
static_m-1.5,11,16384,long-code,0.5369323363122378,0.9529532685367454,0.9994053477690288,0.99534530839895,0.9529532685367454,0.9925860302336652,0.1206523160693316
static_m-1.5,11,16384,long-text,0.4535433070866141,0.9565660371555118,0.9988927165354332,0.994868561351706,0.9565660371555118,0.9923905907825435,0.1062998369158597
static_m-1.5,11,32768,long-code,0.6663216536272032,0.9162988537565616,0.9900959645669292,0.9736866387795275,0.9162988537565616,0.9783777222781912,0.1595109608362023
static_m-1.5,11,32768,long-text,0.6312328767123287,0.9132666400098424,0.994750656167979,0.9776390255905512,0.9132666400098424,0.9806262717882231,0.1693564808121703
static_m-1.5,14,8192,long-code,0.2241004588263704,0.976189560777559,0.9993848425196852,0.9975291174540682,0.976189560777559,0.9978001274448411,0.0671075267962914
static_m-1.5,14,8192,long-text,0.1087378640776699,0.9853259309383202,0.9999384842519684,0.9990054954068242,0.9853259309383202,0.998718535241901,0.0434838735030688
static_m-1.5,14,16384,long-code,0.4527381387974143,0.9561918163549868,0.9958784448818898,0.9885683234908136,0.9561918163549868,0.99059732807102,0.0972697429729653
static_m-1.5,14,16384,long-text,0.3762196230531482,0.9527072055446194,0.998031496062992,0.9898242700131232,0.9527072055446194,0.9906268322720332,0.1001583284938235
static_m-1.5,14,32768,long-code,0.5669751583049196,0.8957090202591863,0.9845185367454068,0.9579693651574804,0.8957090202591863,0.971704376768222,0.1766513568932765
static_m-1.5,14,32768,long-text,0.5614035087719298,0.8647076464074803,0.973384186351706,0.939227567257218,0.8647076464074803,0.9618579225346208,0.2151790578185022
static_m-1.5,17,8192,long-code,0.2172384531458359,0.952761031824147,0.9976624015748032,0.9885683234908136,0.952761031824147,0.9958045682674482,0.0978744250963894
static_m-1.5,17,8192,long-text,0.1469131327775764,0.9660381807742782,0.9967806758530184,0.9901369750656168,0.9660381807742782,0.9966174668144672,0.0698507393730778
static_m-1.5,17,16384,long-code,0.471017578006204,0.921989060449475,0.986548556430446,0.9703032726377953,0.921989060449475,0.9866490049960196,0.1411083484489939
static_m-1.5,17,16384,long-text,0.4127776087617888,0.9185416154035432,0.990218996062992,0.9717181348425196,0.9185416154035432,0.9826377161987192,0.1430776291922955
static_m-1.5,17,32768,long-code,0.6382681139590745,0.8673758919783464,0.9715797244094488,0.9364388533464568,0.8673758919783464,0.9638938986899328,0.2053098646222469
static_m-1.5,17,32768,long-text,0.6377959954895925,0.8072967929790026,0.938955872703412,0.8895433480971129,0.8072967929790026,0.9388710300836512,0.2715991563132534
static_m-1.5,21,8192,long-code,0.1163213376953834,0.9792128034776902,0.9996514107611548,0.9972112860892388,0.9792128034776902,0.9986305318508544,0.048763839573556
static_m-1.5,21,8192,long-text,0.0847988436521319,0.986339659202756,0.9987286745406824,0.9950223507217848,0.986339659202756,0.9983001610700948,0.026425100250472
static_m-1.5,21,16384,long-code,0.3240407491002257,0.951426909038714,0.9952017716535432,0.9863998933727034,0.951426909038714,0.992257269659346,0.096057557707525
static_m-1.5,21,16384,long-text,0.4345822723414575,0.929672121062992,0.9895628280839897,0.9710875984251968,0.929672121062992,0.98307506909253,0.1236709913299906
static_m-1.5,21,32768,long-code,0.5501600365797896,0.8835186495242782,0.9768495734908136,0.947147719816273,0.8835186495242782,0.9701683684457768,0.1832424547833341
static_m-1.5,21,32768,long-text,0.5358175784698755,0.8811836142552494,0.982406496062992,0.947639845800525,0.8811836142552494,0.9702982173782876,0.1881834739330087
static_m-1.5,25,8192,long-code,0.2312695735967237,0.9857872990485564,0.999876968503937,0.9987286745406824,0.9857872990485564,0.9987685290088366,0.0437785143031957
static_m-1.5,25,8192,long-text,0.0933057951646215,0.988031342273622,0.9999384842519684,0.9983698326771654,0.988031342273622,0.9989603797578196,0.0333212720078954
static_m-1.5,25,16384,long-code,0.527643064985451,0.9782003567913384,0.99903625328084,0.996078371062992,0.9782003567913384,0.9956036309156,0.0548372397755748
static_m-1.5,25,16384,long-text,0.4963945949221353,0.9723525159940944,0.9987286745406824,0.99365875164042,0.9723525159940944,0.9942757474390128,0.0734453619426496
static_m-1.5,25,32768,long-code,0.5684389828446283,0.917476624015748,0.9871432086614174,0.9649103920603674,0.917476624015748,0.9788473606743636,0.1403290453746871
static_m-1.5,25,32768,long-text,0.4968944099378882,0.9275805856299212,0.9905675853018372,0.9722666502624672,0.9275805856299212,0.9829669981466664,0.1293990910161348
static_m-2,2,8192,long-code,0.2030258662762323,0.9734597994586616,0.999753937007874,0.9959245816929134,0.9734597994586616,0.998439373138548,0.0625181728238549
static_m-2,2,8192,long-text,0.1867023216239212,0.9756231032644356,0.9999179790026248,0.9961245078740156,0.9756231032644356,0.9988548041513696,0.0550339033582604
static_m-2,2,16384,long-code,0.5844748858447488,0.9063614972933072,0.996329560367454,0.9786130249343832,0.9063614972933072,0.989972162434602,0.1908183459425825
static_m-2,2,16384,long-text,0.5408889159117164,0.9108470205872704,0.99534530839895,0.9734405757874016,0.9108470205872704,0.986030736739222,0.1771885668668815
static_m-2,2,32768,long-code,0.7608622943841405,0.8512767080872703,0.9820374015748032,0.9473271407480316,0.8512767080872703,0.9695986799999844,0.2643044878407251
static_m-2,2,32768,long-text,0.7564504828342523,0.8425901718339895,0.973753280839895,0.9333118028215224,0.8425901718339895,0.9600699334965016,0.2653017196674816
static_m-2,5,8192,long-code,0.4125015201264745,0.950564406988189,0.9998359580052494,0.996837065288714,0.950564406988189,0.9978753911720828,0.1447388413077349
static_m-2,5,8192,long-text,0.2542434091729866,0.9681976398458004,0.99973343175853,0.996703781167979,0.9681976398458004,0.9980456332393784,0.0901384008369634
static_m-2,5,16384,long-code,0.703510263573424,0.9056130556922573,0.9961450131233596,0.983641937335958,0.9056130556922573,0.9830344127935282,0.2226482496202159
static_m-2,5,16384,long-text,0.61504774648744,0.9252609292979004,0.9955298556430446,0.98410843175853,0.9252609292979004,0.9840346765542975,0.1680916297691917
static_m-2,5,32768,long-code,0.8160185016128051,0.8307407008694225,0.9746350065616798,0.9382689468503936,0.8307407008694225,0.9518955140310572,0.2983077917313806
static_m-2,5,32768,long-text,0.7582153190193391,0.8544447691108924,0.9797613188976378,0.948613845144357,0.8544447691108924,0.9593934916317768,0.2623278142296747
static_m-2,8,8192,long-code,0.3345896656534954,0.9454611630577427,0.9998974737532808,0.9956682660761156,0.9454611630577427,0.9977831666356104,0.1397474724013882
static_m-2,8,8192,long-text,0.1924001924001923,0.9658920808727034,0.9997949475065616,0.9960014763779528,0.9658920808727034,0.9977532718139585,0.0855789562167448
static_m-2,8,16384,long-code,0.7281577026040399,0.9275664882709974,0.9969857283464568,0.9882299868766404,0.9275664882709974,0.9847430475519746,0.1757402034219462
static_m-2,8,16384,long-text,0.6843672155051947,0.9288390953083988,0.9950582349081364,0.9844518946850394,0.9288390953083988,0.9826072484057132,0.1710650380901003
static_m-2,8,32768,long-code,0.7804640695800261,0.8280878342355643,0.9659612860892388,0.9271448490813649,0.8280878342355643,0.9428943926330532,0.2773619843377181
static_m-2,8,32768,long-text,0.7436653992395437,0.8404832574639107,0.963377624671916,0.9291389845800524,0.8404832574639107,0.9501537871568274,0.2600069891071481
static_m-2,11,8192,long-code,0.2642380085003035,0.9604082082513123,0.9996104002624672,0.9961808973097112,0.9604082082513123,0.9971919395559437,0.1048539666243802
static_m-2,11,8192,long-text,0.2395845912329428,0.9610912893700788,0.9997949475065616,0.9981442749343832,0.9610912893700788,0.9973800641165966,0.1098911371298225
static_m-2,11,16384,long-code,0.5894328647600582,0.9324864665354332,0.998031496062992,0.9903266486220472,0.9324864665354332,0.9874889293859928,0.1600013997713971
static_m-2,11,16384,long-text,0.5191510124420591,0.925303221374672,0.995837434383202,0.9848056102362204,0.925303221374672,0.9839389311051948,0.157709993979861
static_m-2,11,32768,long-code,0.7164907571228113,0.871824249507874,0.9796998031496064,0.9496288549868768,0.871824249507874,0.961606434297909,0.2193614939563383
static_m-2,11,32768,long-text,0.6949961977186312,0.8595890235400262,0.985359251968504,0.9501363599081364,0.8595890235400262,0.9624144479788151,0.2402428372140583
static_m-2,14,8192,long-code,0.27708959711365,0.9642196214730973,0.9988312007874016,0.994883940288714,0.9642196214730973,0.9965105710834024,0.0929992166570512
static_m-2,14,8192,long-text,0.1476444876153472,0.974113404281496,0.9998974737532808,0.9976521489501312,0.974113404281496,0.9975639783487924,0.0668640385654077
static_m-2,14,16384,long-code,0.4997559785261103,0.9352495488845144,0.9930897309711286,0.9804123605643044,0.9352495488845144,0.9850057754513312,0.1311580664378361
static_m-2,14,16384,long-text,0.4369399573300823,0.9234128937007874,0.9955093503937008,0.979269192913386,0.9234128937007874,0.9827500637911888,0.1458258628772774
static_m-2,14,32768,long-code,0.6340110342304996,0.8406152600065617,0.97094406167979,0.927621596128609,0.8406152600065617,0.9518204691635428,0.2494837140738171
static_m-2,14,32768,long-text,0.6265734265734266,0.8062394910597113,0.9541912729658792,0.9007443405511812,0.8062394910597113,0.9381261245779916,0.2865192306227152
static_m-2,17,8192,long-code,0.2692631325880514,0.9375256315616798,0.9969242125984252,0.9846620734908136,0.9375256315616798,0.994506147454466,0.1260841139522808
static_m-2,17,8192,long-text,0.2020398251578435,0.9471361856135172,0.9926386154855644,0.9817503280839897,0.9471361856135172,0.9941879383632248,0.1000109634099396
static_m-2,17,16384,long-code,0.5175726620454821,0.8943851500984252,0.9780593832020996,0.955452345800525,0.8943851500984252,0.9806309531910142,0.1805112904400516
static_m-2,17,16384,long-text,0.4890829694323144,0.8673617946194225,0.975844816272966,0.9425135334645668,0.8673617946194225,0.9661243239666384,0.2088757578495298
static_m-2,17,32768,long-code,0.6842938954550993,0.8183670644685039,0.9459071522309712,0.9000112778871391,0.8183670644685039,0.9448538346048724,0.2616077443216507
static_m-2,17,32768,long-text,0.7031468744293627,0.7316362676345144,0.8916502624671916,0.8269613270997376,0.7316362676345144,0.9025035973743708,0.3535077784733931
static_m-2,21,8192,long-code,0.1404706743080112,0.973029189222441,0.9994873687664042,0.9956631397637796,0.973029189222441,0.9981758054119532,0.0600238932164392
static_m-2,21,8192,long-text,0.1083565122747611,0.9773788652395012,0.9981135170603674,0.992074721128609,0.9773788652395012,0.9970920352649838,0.0418144179122
static_m-2,21,16384,long-code,0.3706865016461407,0.9368617741141732,0.9922080052493438,0.979612655839895,0.9368617741141732,0.9892940543479694,0.117792988641808
static_m-2,21,16384,long-text,0.4790652385589095,0.9088029035433072,0.9837598425196852,0.9589331118766404,0.9088029035433072,0.9768664653843542,0.1523856899768684
static_m-2,21,32768,long-code,0.5924662748561162,0.8493351172900262,0.96751968503937,0.9268013861548556,0.8493351172900262,0.959547682765626,0.2256651435783604
static_m-2,21,32768,long-text,0.6200719029918957,0.8297167199803149,0.9700828412073492,0.9159592355643044,0.8297167199803149,0.95313514241344,0.2502193618036208
static_m-2,25,8192,long-code,0.2705640777871724,0.9762036581364828,0.9998154527559056,0.9974214648950132,0.9762036581364828,0.9978697189756848,0.0662801262450496
static_m-2,25,8192,long-text,0.1311791656619243,0.9806110051673228,0.999774442257218,0.9967140337926508,0.9806110051673228,0.9981883035442312,0.0501371479481236
static_m-2,25,16384,long-code,0.5658191573684531,0.9661983780347768,0.9983595800524936,0.9933306676509186,0.9661983780347768,0.992784859932732,0.0766980507273673
static_m-2,25,16384,long-text,0.5579467170639517,0.9574400734087928,0.9945661089238844,0.9862255987532808,0.9574400734087928,0.9895453827779298,0.0991475833454152
static_m-2,25,32768,long-code,0.645952126848605,0.8651972092355643,0.9748810695538058,0.9377819471784776,0.8651972092355643,0.961572677872032,0.2097872696595361
static_m-2,25,32768,long-text,0.5704377452620693,0.8796790415846457,0.9748195538057742,0.9423597440944882,0.8796790415846457,0.9667564567008866,0.190340193563158
static_m-3,2,8192,long-code,0.3020694662955343,0.9370386318897638,0.9983390748031497,0.984744094488189,0.9370386318897638,0.9956744027971997,0.124451213006391
static_m-3,2,8192,long-text,0.2864747157028793,0.9454086183562992,0.999630905511811,0.9891937335958004,0.9454086183562992,0.9972443295474436,0.1121600142288505
static_m-3,2,16384,long-code,0.6742175130921935,0.8475485974409449,0.9895423228346456,0.952391937335958,0.8475485974409449,0.97954941450416,0.2775190731904128
static_m-3,2,16384,long-text,0.6254324734446131,0.8655829642388452,0.9853182414698164,0.9487932660761156,0.8655829642388452,0.9751633595752244,0.2404298373004007
static_m-3,2,32768,long-code,0.8322319334896611,0.7688738004429134,0.9533095472440944,0.8951105232939632,0.7688738004429134,0.9425264771051144,0.3675613151824307
static_m-3,2,32768,long-text,0.8169880876214849,0.7795096169619422,0.9547449146981628,0.8925422408136483,0.7795096169619422,0.93691667766064,0.3435327857262318
static_m-3,5,8192,long-code,0.4778420038535645,0.9280509247867454,0.9996514107611548,0.9936997621391076,0.9280509247867454,0.9966745148865044,0.1942525306399378
static_m-3,5,8192,long-text,0.3110571081409478,0.9470503198818898,0.9993438320209974,0.99293594160105,0.9470503198818898,0.9963551201355694,0.1347702173044275
static_m-3,5,16384,long-code,0.7279362569186789,0.8785461265583989,0.9930077099737532,0.9740557332677166,0.8785461265583989,0.9755738720968594,0.2681708158806176
static_m-3,5,16384,long-text,0.6511514560740831,0.8970239193733596,0.994361056430446,0.9769982365485564,0.8970239193733596,0.9767238610557673,0.2185101933203217
static_m-3,5,32768,long-code,0.8461585328702858,0.7805464136318898,0.958763943569554,0.9074136729002624,0.7805464136318898,0.9291730042563556,0.3613207674714468
static_m-3,5,32768,long-text,0.7940737127701735,0.8103674540682415,0.9711696194225722,0.9267296177821522,0.8103674540682415,0.9428629713745852,0.3221386831945128
static_m-3,8,8192,long-code,0.3960684382963232,0.9214636134350394,0.99973343175853,0.9925668471128608,0.9214636134350394,0.9965194786837788,0.1881947304986065
static_m-3,8,8192,long-text,0.2564040305936628,0.9434478038877953,0.9996514107611548,0.992192626312336,0.9434478038877953,0.9962240093782478,0.1308537536298958
static_m-3,8,16384,long-code,0.7504708670028556,0.9060526369750656,0.996206528871391,0.9837803477690288,0.9060526369750656,0.9793665308128852,0.218105784077919
static_m-3,8,16384,long-text,0.7255881994392295,0.9015235400262468,0.9935818569553806,0.9785822670603674,0.9015235400262468,0.9750126020941688,0.2233004914810179
static_m-3,8,32768,long-code,0.8252652115595659,0.7384760498687664,0.925524934383202,0.8668953001968503,0.7384760498687664,0.8954069528764053,0.3861923151420455
static_m-3,8,32768,long-text,0.785646836638338,0.7710665805446194,0.9374384842519684,0.8856012139107612,0.7710665805446194,0.9188973384616644,0.3457908738252964
static_m-3,11,8192,long-code,0.3552552190177386,0.928484098179134,0.998544127296588,0.99071624835958,0.928484098179134,0.9941822956565816,0.1713824882707141
static_m-3,11,8192,long-text,0.2799513973268529,0.9443590059055118,0.9997949475065616,0.9968934547244096,0.9443590059055118,0.9960628077047008,0.147070241935523
static_m-3,11,16384,long-code,0.6624855385739512,0.8826471764271654,0.9947711614173228,0.9756705216535432,0.8826471764271654,0.9739852684487386,0.2442861378851856
static_m-3,11,16384,long-text,0.6118621361588114,0.8832367023458005,0.9936228674540682,0.972912565616798,0.8832367023458005,0.9724434623589308,0.2281150109113503
static_m-3,11,32768,long-code,0.7630896837739761,0.8189911929954068,0.9640132874015748,0.9171382874015748,0.8189911929954068,0.9387901549588016,0.2858397130163965
static_m-3,11,32768,long-text,0.7637371000639289,0.7771540764435696,0.955688156167979,0.8955718914041995,0.7771540764435696,0.9261430091982208,0.337901414668092
static_m-3,14,8192,long-code,0.3467790487658038,0.9425750492125984,0.9977034120734908,0.9897986384514436,0.9425750492125984,0.993828780346987,0.1349932460759975
static_m-3,14,8192,long-text,0.1861818181818182,0.9534864050196852,0.9993028215223098,0.9920029527559056,0.9534864050196852,0.9945917799969098,0.1026486674723158
static_m-3,14,16384,long-code,0.560890998721928,0.8907249630905512,0.9805200131233596,0.9563904609580052,0.8907249630905512,0.9695639227498608,0.1930538355703803
static_m-3,14,16384,long-text,0.5006974346534053,0.8779950479822834,0.9866305774278216,0.9570773868110236,0.8779950479822834,0.9673149055014718,0.2088928844599766
static_m-3,14,32768,long-code,0.7178080521776233,0.7424758550688977,0.9278830380577427,0.8563812335958005,0.7424758550688977,0.9064150684555592,0.3628198281405637
static_m-3,14,32768,long-text,0.6941473966425982,0.7275711019520997,0.920890748031496,0.8440627050524935,0.7275711019520997,0.9003588345934047,0.3770615060417898
static_m-3,17,8192,long-code,0.3413747120863135,0.9125720246883202,0.9920234580052494,0.9735072178477692,0.9125720246883202,0.9913956172427212,0.1654812890238269
static_m-3,17,8192,long-text,0.2415682454645075,0.9310536622375328,0.9897883858267716,0.9737276492782152,0.9310536622375328,0.9920840970346732,0.126271280835255
static_m-3,17,16384,long-code,0.5807198099993911,0.8472628055282152,0.9653051181102362,0.9282572588582676,0.8472628055282152,0.9702520528214084,0.2438068030885661
static_m-3,17,16384,long-text,0.5254196059352956,0.8328476152395013,0.9652846128608924,0.9205934219160103,0.8328476152395013,0.9535583238958664,0.2505900516390444
static_m-3,17,32768,long-code,0.7411696583671106,0.7533628608923885,0.9095103346456692,0.8504962270341208,0.7533628608923885,0.9174246815962088,0.3367226330963345
static_m-3,17,32768,long-text,0.7228006088280061,0.7104248687664042,0.8770505249343832,0.8085476131889764,0.7104248687664042,0.8920859894804961,0.375527148252063
static_m-3,21,8192,long-code,0.1941276389225915,0.9599007033300524,0.9990567585301836,0.992679625984252,0.9599007033300524,0.997122255125118,0.0841110000625841
static_m-3,21,8192,long-text,0.1386782231852654,0.9679015953083988,0.9952427821522308,0.986804872047244,0.9679015953083988,0.9951241906101792,0.0557462157157763
static_m-3,21,16384,long-code,0.4600670118793786,0.9019131397637796,0.9829806430446194,0.9620088992782152,0.9019131397637796,0.9820761011334112,0.1674444548954692
static_m-3,21,16384,long-text,0.4978123480797277,0.8943402948654856,0.9791461614173228,0.9498031496062992,0.8943402948654856,0.9720317409223166,0.1714699125618578
static_m-3,21,32768,long-code,0.6576211238832821,0.7817062417979003,0.9368438320209974,0.8770146407480315,0.7817062417979003,0.9328004203040008,0.2999985968968529
static_m-3,21,32768,long-text,0.6544923301680059,0.792242095226378,0.9612860892388452,0.8928651984908137,0.792242095226378,0.9396968822405232,0.2968731155182747
static_m-3,25,8192,long-code,0.3315263221298639,0.960185213664698,0.9988517060367454,0.9937869094488188,0.960185213664698,0.9958971596739704,0.0981908864712716
static_m-3,25,8192,long-text,0.1858439201451905,0.9652013102854332,0.9988722112860892,0.9922746473097112,0.9652013102854332,0.9963783530831434,0.0818744221284449
static_m-3,25,16384,long-code,0.6158718557768439,0.9346254203576116,0.9962475393700788,0.984118684383202,0.9346254203576116,0.9842122432825852,0.1302040347000459
static_m-3,25,16384,long-text,0.6139647844565878,0.938465028297244,0.9802534448818898,0.9708620406824148,0.938465028297244,0.9809210721906572,0.1263381930371693
static_m-3,25,32768,long-code,0.7220172576760069,0.7918973507217848,0.9508489173228346,0.8919117043963255,0.7918973507217848,0.9327737130715889,0.3013752916904966
static_m-3,25,32768,long-text,0.6795874281193903,0.7843334768700787,0.9326402559055118,0.8697762877296588,0.7843334768700787,0.9279387327469738,0.2997850232731447
static_m-4,2,8192,long-code,0.3252662149080348,0.9307678703248032,0.9982365485564304,0.9831241797900262,0.9307678703248032,0.995292820972273,0.1352512684795827
static_m-4,2,8192,long-text,0.2939328015470147,0.942639128116798,0.9995898950131232,0.9884555446194224,0.942639128116798,0.997083854128502,0.117482872222961
static_m-4,2,16384,long-code,0.676056338028169,0.8451661437828084,0.9885785761154856,0.9507105068897638,0.8451661437828084,0.9789286295184282,0.2803018247995504
static_m-4,2,16384,long-text,0.6254324734446131,0.8655829642388452,0.9853182414698164,0.9487932660761156,0.8655829642388452,0.9751633595752244,0.2404298373004007
static_m-4,2,32768,long-code,0.8384109188398733,0.7648598978838582,0.9519972112860892,0.8922500410104987,0.7648598978838582,0.9412408566968168,0.3720915340774179
static_m-4,2,32768,long-text,0.8185887870390108,0.7760365403543307,0.9530839895013123,0.8900047162073491,0.7760365403543307,0.9354257635901934,0.348038029761466
static_m-4,5,8192,long-code,0.4878402903811252,0.9204870509350394,0.9996104002624672,0.9920132053805776,0.9204870509350394,0.9962555529718684,0.209498972425033
static_m-4,5,8192,long-text,0.3345896656534954,0.9379024155183728,0.9992002952755904,0.9908290272309712,0.9379024155183728,0.995639057657932,0.1529338646556945
static_m-4,5,16384,long-code,0.7317399501307547,0.8763161806922573,0.9927206364829396,0.973368807414698,0.8763161806922573,0.9749707644032304,0.2716423435412189
static_m-4,5,16384,long-text,0.6740533300864483,0.8830752235072179,0.9935203412073492,0.9729330708661418,0.8830752235072179,0.9727424587542248,0.2413153964373927
static_m-4,5,32768,long-code,0.8516962056154456,0.7766516978346457,0.9580872703412072,0.9058962844488188,0.7766516978346457,0.9277368806477996,0.3668539565727589
static_m-4,5,32768,long-text,0.8153611703748858,0.7787047859251969,0.9593175853018372,0.9056604740813649,0.7787047859251969,0.9283909283987024,0.3617419832923639
static_m-4,8,8192,long-code,0.4107532090094453,0.91309234539042,0.99973343175853,0.9913365321522308,0.91309234539042,0.996030971129502,0.2043092176062476
static_m-4,8,8192,long-text,0.2873437689600776,0.9331439160925196,0.9995488845144356,0.9902856381233596,0.9331439160925196,0.9954399142677338,0.1517356873572659
static_m-4,8,16384,long-code,0.7504708670028556,0.9060526369750656,0.996206528871391,0.9837803477690288,0.9060526369750656,0.9793665308128852,0.218105784077919
static_m-4,8,16384,long-text,0.7307622228970543,0.8934226849573491,0.9921259842519684,0.976547121062992,0.8934226849573491,0.9725389611763876,0.2379203903621782
static_m-4,8,32768,long-code,0.840181535743657,0.7248797879757218,0.9200090223097112,0.8583446112204725,0.7248797879757218,0.8874640460972549,0.4031517313400415
static_m-4,8,32768,long-text,0.8066490090419216,0.7495552924048556,0.9249712926509186,0.8694071932414699,0.7495552924048556,0.9073715254809124,0.3696549089416208
static_m-4,11,8192,long-code,0.4017382906808305,0.9115570148458004,0.998277559055118,0.9874456610892388,0.9115570148458004,0.9925764292469922,0.2060988304369335
static_m-4,11,8192,long-text,0.2933301169943312,0.940919250328084,0.9997949475065616,0.9965243602362204,0.940919250328084,0.9958149230638236,0.154483558446248
static_m-4,11,16384,long-code,0.6662608060392061,0.876707062007874,0.9937458989501312,0.9733175442913384,0.876707062007874,0.972031711890074,0.2531434545709286
static_m-4,11,16384,long-text,0.6156843643448612,0.8744604556266404,0.9912852690288714,0.9691754839238844,0.8744604556266404,0.9693391237050284,0.2402594314853506
static_m-4,11,32768,long-code,0.7885609978703986,0.7788662647637795,0.9482242454068242,0.8899432004593176,0.7788662647637795,0.919296688279485,0.3334147782945962
static_m-4,11,32768,long-text,0.7675636186533544,0.7704168204560368,0.9516076115485564,0.8899534530839895,0.7704168204560368,0.92238327210216,0.3450325204147803
static_m-4,14,8192,long-code,0.4022724525565091,0.9200692564796588,0.99657562335958,0.9837342109580052,0.9200692564796588,0.9906800630310204,0.1783124983363711
static_m-4,14,8192,long-text,0.2089480048367593,0.9503260334645668,0.9993643372703412,0.9920849737532808,0.9503260334645668,0.994340520570332,0.1096420637009171
static_m-4,14,16384,long-code,0.6110435417173437,0.8547805425688977,0.9703699146981628,0.9368694635826772,0.8547805425688977,0.9559649750404698,0.2419831379098527
static_m-4,14,16384,long-text,0.5245901639344263,0.8516060736548556,0.977034120734908,0.9358595800524936,0.8516060736548556,0.954669225933818,0.2389462017488124
static_m-4,14,32768,long-code,0.7547537786445636,0.6966197096456693,0.9044455380577427,0.8206354576771654,0.6966197096456693,0.8810553211234918,0.4147664555883659
static_m-4,14,32768,long-text,0.7020751439802542,0.722894623523622,0.9183686023622047,0.83984375,0.722894623523622,0.8975698820056167,0.3819482482798685
static_m-4,17,8192,long-code,0.3488372093023255,0.9069112942913384,0.9914903215223098,0.9716258612204725,0.9069112942913384,0.9906533240221028,0.1746566675682688
static_m-4,17,8192,long-text,0.2719106579266812,0.928345687746063,0.9895628280839897,0.9727587762467192,0.928345687746063,0.9918266061319634,0.1309127585820711
static_m-4,17,16384,long-code,0.5940666140872414,0.8416956303313649,0.9625779199475064,0.9241049458661418,0.8416956303313649,0.9687574377390918,0.2506172669085649
static_m-4,17,16384,long-text,0.5254196059352956,0.8328027600065617,0.9652846128608924,0.9205729166666666,0.8328027600065617,0.9535525176606422,0.2506722752963341
static_m-4,17,32768,long-code,0.7482645232005846,0.7412314427493438,0.9027230971128608,0.841422654199475,0.7412314427493438,0.9133783154224262,0.3500224282617952
static_m-4,17,32768,long-text,0.7228006088280061,0.7104248687664042,0.8770505249343832,0.8085476131889764,0.7104248687664042,0.8920859894804961,0.375527148252063
static_m-4,21,8192,long-code,0.2236953115583946,0.9536491654363516,0.9986056430446194,0.9910545849737532,0.9536491654363516,0.9966148659223646,0.0954176313170992
static_m-4,21,8192,long-text,0.1386782231852654,0.9668237881397638,0.9952017716535432,0.9864716617454068,0.9668237881397638,0.9949355943273136,0.0575929255475128
static_m-4,21,16384,long-code,0.483165905631659,0.8823331897965879,0.9737942913385826,0.9481883612204725,0.8823331897965879,0.9774162241825662,0.1918539321885024
static_m-4,21,16384,long-text,0.4978123480797277,0.8943402948654856,0.9791461614173228,0.9498031496062992,0.8943402948654856,0.9720317409223166,0.1714699125618578
static_m-4,21,32768,long-code,0.6663013698630137,0.777715407644357,0.9352034120734908,0.8741028953412073,0.777715407644357,0.9312856903659792,0.3047313612333858
static_m-4,21,32768,long-text,0.6544923301680059,0.792242095226378,0.9612860892388452,0.8928651984908137,0.792242095226378,0.9396968822405232,0.2968731155182747
static_m-4,25,8192,long-code,0.3721831839108311,0.95094375410105,0.9979494750656168,0.9912442585301836,0.95094375410105,0.9947406207498668,0.1165847204702539
static_m-4,25,8192,long-text,0.2180048661800486,0.956778779117454,0.9979494750656168,0.9885529445538058,0.956778779117454,0.9950393768504906,0.0976237454203068
static_m-4,25,16384,long-code,0.6369705061293847,0.9191606176181102,0.9940329724409448,0.9783362040682416,0.9191606176181102,0.9792084976427768,0.1546831419887191
static_m-4,25,16384,long-text,0.614487117160914,0.9371949844160103,0.9795972769028872,0.96973937828084,0.9371949844160103,0.9803711954227112,0.1280613298943858
static_m-4,25,32768,long-code,0.7429163366034977,0.7656531947178478,0.9386482939632546,0.8726162647637795,0.7656531947178478,0.9209750241335828,0.3316390029459961
static_m-4,25,32768,long-text,0.6977069947318737,0.767344877788714,0.9178149606299212,0.8538693405511811,0.767344877788714,0.9192224416401076,0.317326249943646
static_m-4_refresh16,2,8192,long-code,0.201233522795985,0.979977905593832,0.9997949475065616,0.9977239173228346,0.979977905593832,0.998920539172216,0.050868419039293
static_m-4_refresh16,2,8192,long-text,0.1539386650631389,0.9845544209317584,0.9999589895013123,0.9983903379265092,0.9845544209317584,0.999425939844384,0.0398076909041944
static_m-4_refresh16,2,16384,long-code,0.5167557066537154,0.9399824167486877,0.9992002952755904,0.991577468832021,0.9399824167486877,0.9946513877832616,0.1407056956530338
static_m-4_refresh16,2,16384,long-text,0.46795028028272,0.9509847645997376,0.9988106955380578,0.990608595800525,0.9509847645997376,0.9936984792588972,0.1134134126498481
static_m-4_refresh16,2,32768,long-code,0.7407858665854401,0.8916105335465879,0.9940739829396326,0.9712567667322834,0.8916105335465879,0.9813955632467056,0.2108811108005051
static_m-4_refresh16,2,32768,long-text,0.7021393307734504,0.9031575520833334,0.9934998359580052,0.97238968175853,0.9031575520833334,0.9805003005814756,0.1858256514166026
static_m-4_refresh16,5,8192,long-code,0.3561577546576336,0.9722230766076116,1.0,0.9986056430446194,0.9722230766076116,0.9989639533774864,0.0939297056658403
static_m-4_refresh16,5,8192,long-text,0.2325581395348837,0.975216843011811,0.9998564632545932,0.9976470226377953,0.975216843011811,0.998649923354872,0.0741749391349623
static_m-4_refresh16,5,16384,long-code,0.6311944478266163,0.9527828186515748,0.9989952427821522,0.99440719324147,0.9527828186515748,0.9929888638603572,0.1307727149703155
static_m-4_refresh16,5,16384,long-text,0.5693048193505148,0.9520638533464568,0.9984621062992126,0.9923207841207348,0.9520638533464568,0.9911286761802632,0.1209521537304082
static_m-4_refresh16,5,32768,long-code,0.758330795004569,0.9087106299212598,0.9934998359580052,0.9784079724409448,0.9087106299212598,0.9799650805568806,0.1913713896053734
static_m-4_refresh16,5,32768,long-text,0.7255439751325654,0.8885257750984252,0.9876148293963256,0.9650385498687664,0.8885257750984252,0.9714946364831084,0.2132961097806608
static_m-4_refresh16,8,8192,long-code,0.2641738497025616,0.9727587762467192,1.0,0.99852874835958,0.9727587762467192,0.999022687284299,0.0800513443926561
static_m-4_refresh16,8,8192,long-text,0.146488374894591,0.979760037319554,0.9998359580052494,0.9978572014435696,0.979760037319554,0.9987641946295616,0.0575368686003988
static_m-4_refresh16,8,16384,long-code,0.6819288845591817,0.9660061413221784,0.9993438320209974,0.996211655183727,0.9660061413221784,0.9940361900909664,0.0973693043379573
static_m-4_refresh16,8,16384,long-text,0.6520710776881558,0.9580911150754592,0.9970267388451444,0.9917773950131232,0.9580911150754592,0.9905611696981478,0.1125677982879311
static_m-4_refresh16,8,32768,long-code,0.7337927669695676,0.8867059342191601,0.9832677165354332,0.9599942585301836,0.8867059342191601,0.9664810588460032,0.2042651546347444
static_m-4_refresh16,8,32768,long-text,0.7061477033740742,0.8805069410269029,0.9801509186351706,0.954821809383202,0.8805069410269029,0.9662655219734332,0.2096534515546028
static_m-4_refresh16,11,8192,long-code,0.2245342366319864,0.9745632381889764,0.9998974737532808,0.9984005905511812,0.9745632381889764,0.998502997820752,0.0765766310721991
static_m-4_refresh16,11,8192,long-text,0.1866115903292431,0.979730561023622,0.9999794947506562,0.9993233267716536,0.979730561023622,0.9988466728761486,0.0659254083361081
static_m-4_refresh16,11,16384,long-code,0.534960341671751,0.9560072691108924,0.999528379265092,0.9958118028215224,0.9560072691108924,0.9930268894257523,0.1184043469938146
static_m-4_refresh16,11,16384,long-text,0.4942535725144421,0.9503913939468503,0.9989337270341208,0.9928539206036744,0.9503913939468503,0.9909470736547208,0.1188624890855716
static_m-4_refresh16,11,32768,long-code,0.6840646791924236,0.9166538508858268,0.992679625984252,0.97557312171916,0.9166538508858268,0.9788695864646882,0.1639368808345081
static_m-4_refresh16,11,32768,long-text,0.6558096980786825,0.9089887323654856,0.9947916666666666,0.9766906578083988,0.9089887323654856,0.9791530041202796,0.1772026577667214
static_m-4_refresh16,14,8192,long-code,0.2491484184914841,0.9726857262959318,0.9996719160104988,0.997570127952756,0.9726857262959318,0.9977144397313528,0.078331364983489
static_m-4_refresh16,14,8192,long-text,0.1078608402552064,0.985589936023622,0.9999794947506562,0.9988824639107612,0.985589936023622,0.9987522604280806,0.0427904950389655
static_m-4_refresh16,14,16384,long-code,0.4724832214765101,0.951287217027559,0.9967601706036744,0.9875789452099738,0.951287217027559,0.9897079938176968,0.1063606229467763
static_m-4_refresh16,14,16384,long-text,0.3919476109628911,0.9487753239829396,0.9977034120734908,0.9879941765091864,0.9487753239829396,0.9893566073141196,0.1063933713378693
static_m-4_refresh16,14,32768,long-code,0.6151225743658373,0.8692380249343832,0.9785925196850394,0.9440360482283464,0.8692380249343832,0.9622359871790246,0.2165856449345325
static_m-4_refresh16,14,32768,long-text,0.5681451980664579,0.8759688730314961,0.97875656167979,0.9475732037401576,0.8759688730314961,0.9656505364145604,0.204276307398656
static_m-4_refresh16,17,8192,long-code,0.1771786230139624,0.9701622990485564,0.99903625328084,0.9946737614829396,0.9701622990485564,0.9979064504232842,0.0708683766964776
static_m-4_refresh16,17,8192,long-text,0.1008607103891381,0.9813556020341208,0.9984826115485564,0.9956375082020996,0.9813556020341208,0.9984101722045252,0.0440000088031634
static_m-4_refresh16,17,16384,long-code,0.4470902684971449,0.9390032910925196,0.9928231627296588,0.9803354658792652,0.9390032910925196,0.9906244366311472,0.1196697336466308
static_m-4_refresh16,17,16384,long-text,0.3591557887031841,0.9400529035433072,0.9946686351706036,0.980832718175853,0.9400529035433072,0.9876556009359672,0.1112971141045788
static_m-4_refresh16,17,32768,long-code,0.6252929538882971,0.8885411540354331,0.9784079724409448,0.9493007709973752,0.8885411540354331,0.9720302328180264,0.1817354821819256
static_m-4_refresh16,17,32768,long-text,0.5812684770351406,0.8676155470800525,0.9654076443569554,0.9324146981627296,0.8676155470800525,0.9617619185816736,0.2019003956081332
static_m-4_refresh16,21,8192,long-code,0.1001564945226917,0.9863473486712598,0.9999179790026248,0.998774811351706,0.9863473486712598,0.9992193144332622,0.0363917138834894
static_m-4_refresh16,21,8192,long-text,0.0692557412528556,0.9923130946522308,0.99876968503937,0.99732406496063,0.9923130946522308,0.9988779373513024,0.0165170946192605
static_m-4_refresh16,21,16384,long-code,0.3353439346859197,0.9527046423884514,0.9955708661417324,0.9872559875328084,0.9527046423884514,0.993253861357783,0.0953180921697676
static_m-4_refresh16,21,16384,long-text,0.3842794759825327,0.950904025180446,0.9940944881889764,0.9822475803805776,0.950904025180446,0.988797398041822,0.0923528052701833
static_m-4_refresh16,21,32768,long-code,0.534178140611673,0.9002880987532809,0.9813402230971128,0.9574669865485564,0.9002880987532809,0.9754075377638252,0.164873925521412
static_m-4_refresh16,21,32768,long-text,0.5318235777554561,0.899666533382546,0.9883530183727034,0.9599019849081364,0.899666533382546,0.9757397113284738,0.1660596970099486
static_m-4_refresh16,25,8192,long-code,0.2718776550552251,0.9804418368602362,0.9995693897637796,0.9978572014435696,0.9804418368602362,0.9983665854593066,0.0570741259850837
static_m-4_refresh16,25,8192,long-text,0.101488167845816,0.9852656967683728,0.9994258530183728,0.9972317913385826,0.9852656967683728,0.998519539715062,0.039764024120312
static_m-4_refresh16,25,16384,long-code,0.5567926020563363,0.9710914431594488,0.9987491797900262,0.9947198982939632,0.9710914431594488,0.994017731793363,0.0686902562611374
static_m-4_refresh16,25,16384,long-text,0.5302790300962593,0.9696868335793964,0.9928026574803148,0.9883017552493438,0.9696868335793964,0.991927761990809,0.0737883202311635
static_m-4_refresh16,25,32768,long-code,0.6239527160832343,0.8926537381069554,0.9853182414698164,0.9555958825459318,0.8926537381069554,0.9716826693760684,0.1783593399671868
static_m-4_refresh16,25,32768,long-text,0.5559789069405919,0.8930074536581365,0.9758858267716536,0.9483934137139108,0.8930074536581365,0.969841680681206,0.1725901169142341
static_m-4_refresh2,2,8192,long-code,0.0232052211747643,0.9974470964566928,1.0,0.9997898211942258,0.9974470964566928,0.9998949662879344,0.0116200271703059
static_m-4_refresh2,2,8192,long-text,0.0154589371980676,0.998030214484908,1.0,0.9998462106299212,0.998030214484908,0.9999403205939796,0.0094632198695524
static_m-4_refresh2,2,16384,long-code,0.2497256432142421,0.9895730807086616,0.9999589895013123,0.9992413057742782,0.9895730807086616,0.9992213635263408,0.040500411372401
static_m-4_refresh2,2,16384,long-text,0.1516587677725118,0.99196578699147,0.9999384842519684,0.9993797162073492,0.99196578699147,0.9992413927496716,0.032298977661316
static_m-4_refresh2,2,32768,long-code,0.4526553258947625,0.978996216781496,0.9995693897637796,0.996319307742782,0.978996216781496,0.997107494419368,0.0646776533481138
static_m-4_refresh2,2,32768,long-text,0.3501945525291828,0.9819566621555118,0.9996514107611548,0.9974624753937008,0.9819566621555118,0.9973213340037432,0.058631141675996
static_m-4_refresh2,5,8192,long-code,0.0926193921852387,0.995979689550525,1.0,0.9999128526902888,0.995979689550525,0.999845750990086,0.0228361646700144
static_m-4_refresh2,5,8192,long-text,0.0,0.9964897576279528,1.0,0.9998103264435696,0.9964897576279528,0.999879015166222,0.0175843983520274
static_m-4_refresh2,5,16384,long-code,0.3648271679805943,0.9922913078248032,1.0,0.9996052739501312,0.9922913078248032,0.999174574306976,0.0332297751585373
static_m-4_refresh2,5,16384,long-text,0.0310717320063114,0.991935029117454,0.9996924212598424,0.9990772637795275,0.991935029117454,0.9987785052006628,0.0311431040872057
static_m-4_refresh2,5,32768,long-code,0.4809248554913294,0.9844108841863516,0.9997949475065616,0.9979648540026248,0.9844108841863516,0.997561591978181,0.0503165264325152
static_m-4_refresh2,5,32768,long-text,0.1015439067553548,0.9800150713582676,0.9984416010498688,0.9953863188976378,0.9800150713582676,0.995917945866562,0.0575344431160807
static_m-4_refresh2,8,8192,long-code,0.038712799419308,0.9966691785597112,1.0,0.9999128526902888,0.9966691785597112,0.9998992253504508,0.0167610467621412
static_m-4_refresh2,8,8192,long-text,0.0077108433734939,0.997679062089895,1.0,0.9998462106299212,0.997679062089895,0.9999153983789324,0.0115592078960033
static_m-4_refresh2,8,16384,long-code,0.3661594643944005,0.9942149565288714,1.0,0.9997129265091864,0.9942149565288714,0.9992382675192608,0.0253223437875912
static_m-4_refresh2,8,16384,long-text,0.2145294978059483,0.9924668840223098,0.9998974737532808,0.99903625328084,0.9924668840223098,0.998656628186216,0.0299644917255025
static_m-4_refresh2,8,32768,long-code,0.370122359530042,0.9803431553477692,0.9986056430446194,0.9953914452099738,0.9803431553477692,0.9955161561077912,0.0528650663189649
static_m-4_refresh2,8,32768,long-text,0.3369036027263875,0.9783169803969816,0.9981135170603674,0.9944584563648294,0.9783169803969816,0.9951520649063884,0.0566776623066339
static_m-4_refresh2,11,8192,long-code,0.0467722289890377,0.9971010703740156,1.0,0.9999487368766404,0.9971010703740156,0.999887306259226,0.0160088920114854
static_m-4_refresh2,11,8192,long-text,0.023250181642044,0.9978648909120736,1.0,0.9999384842519684,0.9978648909120736,0.9998900309367584,0.0128630970053026
static_m-4_refresh2,11,16384,long-code,0.2846697538386546,0.9934793307086616,0.9999794947506562,0.999769315944882,0.9934793307086616,0.99925427472261,0.0303204943782776
static_m-4_refresh2,11,16384,long-text,0.1402142161635832,0.9928898047900262,0.9999794947506562,0.9995488845144356,0.9928898047900262,0.9990526513741356,0.0296059891261757
static_m-4_refresh2,11,32768,long-code,0.3839220462850182,0.9862409776902888,0.9995488845144356,0.99780593832021,0.9862409776902888,0.997464486889705,0.0461980253524515
static_m-4_refresh2,11,32768,long-text,0.2979914790018259,0.9834766137631232,0.9995898950131232,0.9975342437664042,0.9834766137631232,0.9971643673837268,0.0520995827044222
static_m-4_refresh2,14,8192,long-code,0.0231548480463097,0.996464126066273,0.9999589895013123,0.9998615895669292,0.996464126066273,0.999769242961378,0.0172649412775623
static_m-4_refresh2,14,8192,long-text,0.0,0.9985697588582676,1.0,0.9999641158136484,0.9985697588582676,0.99991637341225,0.0078942021090563
static_m-4_refresh2,14,16384,long-code,0.2187233003783717,0.9929884863024936,0.9999179790026248,0.9992310531496064,0.9929884863024936,0.9989664440765396,0.0264440375605962
static_m-4_refresh2,14,16384,long-text,0.1589532347952508,0.9928321337762468,0.999876968503937,0.99901062171916,0.9928321337762468,0.998873379582154,0.0250505479142022
static_m-4_refresh2,14,32768,long-code,0.3269675221992458,0.9803354658792652,0.9988722112860892,0.9950531085958004,0.9803354658792652,0.9959962207994804,0.0539763133212812
static_m-4_refresh2,14,32768,long-text,0.2921485088253195,0.9797843873031497,0.9986466535433072,0.9945968667979004,0.9797843873031497,0.9958776626686916,0.0540657815673365
static_m-4_refresh2,17,8192,long-code,0.0,0.9970972256397638,0.9999589895013123,0.99973343175853,0.9970972256397638,0.99984662960336,0.0116703759913495
static_m-4_refresh2,17,8192,long-text,0.0,0.998277559055118,1.0,0.9998718421916012,0.998277559055118,0.9999036910125384,0.0074421448115108
static_m-4_refresh2,17,16384,long-code,0.1363359707851491,0.9914159899934384,0.999753937007874,0.9985748851706036,0.9914159899934384,0.9989960339418444,0.0273846317902572
static_m-4_refresh2,17,16384,long-text,0.0818613716652454,0.9916133530183728,0.9995898950131232,0.9981955380577427,0.9916133530183728,0.99861436961681,0.0256083796612583
static_m-4_refresh2,17,32768,long-code,0.2844098131125586,0.9832959112532808,0.9987081692913384,0.9956887713254592,0.9832959112532808,0.9970314797388804,0.0441610341585346
static_m-4_refresh2,17,32768,long-text,0.2558125343259901,0.9795729269192912,0.9974573490813649,0.9932332677165354,0.9795729269192912,0.9956470189575072,0.0500086666600851
static_m-4_refresh2,21,8192,long-code,0.0,0.998518495734908,1.0,0.9999794947506562,0.998518495734908,0.9999477296732336,0.0068685110023954
static_m-4_refresh2,21,8192,long-text,0.0,0.9990798269356956,0.9999794947506562,0.999882094816273,0.9990798269356956,0.9999351706233086,0.0035777412780479
static_m-4_refresh2,21,16384,long-code,0.0856343510521834,0.993394746555118,0.999753937007874,0.99925155839895,0.993394746555118,0.9993927595645008,0.0245205166449685
static_m-4_refresh2,21,16384,long-text,0.0507193367471348,0.9928769890091864,0.9996514107611548,0.9983493274278216,0.9928769890091864,0.998707294150557,0.0226612961245331
static_m-4_refresh2,21,32768,long-code,0.2516306004266991,0.9859692831364828,0.9994463582677166,0.997062623031496,0.9859692831364828,0.9977224799622384,0.0416689712070431
static_m-4_refresh2,21,32768,long-text,0.1873741994510521,0.9834394479986877,0.999282316272966,0.9958989501312336,0.9834394479986877,0.9969037929348,0.0434578035142374
static_m-4_refresh2,25,8192,long-code,0.0232333010648596,0.997185654527559,1.0,0.9999026000656168,0.997185654527559,0.9998318333860262,0.013346422131679
static_m-4_refresh2,25,8192,long-text,0.0077015643802647,0.9984262221128608,1.0,0.999887221128609,0.9984262221128608,0.9999153536768683,0.0074567577692004
static_m-4_refresh2,25,16384,long-code,0.3391812865497076,0.9956862081692912,0.9999794947506562,0.9996975475721784,0.9956862081692912,0.9993574019942512,0.0167215827349139
static_m-4_refresh2,25,16384,long-text,0.2948593598448108,0.9956682660761156,0.9996719160104988,0.99925155839895,0.9956682660761156,0.9992599346455188,0.0196027449819773
static_m-4_refresh2,25,32768,long-code,0.3467251034818602,0.9839700213254592,0.9995488845144356,0.996329560367454,0.9839700213254592,0.9969624701088612,0.0433760675068711
static_m-4_refresh2,25,32768,long-text,0.299920881261031,0.9832420849737532,0.9979904855643044,0.9945763615485564,0.9832420849737532,0.9963229448772584,0.0435485333126643
static_m-4_refresh4,2,8192,long-code,0.1164624529904161,0.9933793676181102,1.0,0.999523252952756,0.9933793676181102,0.9997094589369032,0.0232048243843365
static_m-4_refresh4,2,8192,long-text,0.0779442211667276,0.9949134165846456,1.0,0.9995488845144356,0.9949134165846456,0.9998425993915148,0.0183021390538214
static_m-4_refresh4,2,16384,long-code,0.3709579011592434,0.9754347112860892,0.999753937007874,0.997672654199475,0.9754347112860892,0.9980942506796672,0.0744224519605919
static_m-4_refresh4,2,16384,long-text,0.3305986022485566,0.9813966125328084,0.9998154527559056,0.9980161171259844,0.9813966125328084,0.9981607766283628,0.058585790372342
static_m-4_refresh4,2,32768,long-code,0.6109738615914844,0.9529250738188976,0.9990977690288714,0.9911571112204725,0.9529250738188976,0.9932154549540152,0.1166168260713218
static_m-4_refresh4,2,32768,long-text,0.5579297101228397,0.9591612327755904,0.9988312007874016,0.9927821522309712,0.9591612327755904,0.993431185865476,0.1042057766029378
static_m-4_refresh4,5,8192,long-code,0.2255712202236266,0.9906585773458004,1.0,0.999738558070866,0.9906585773458004,0.9996765183023928,0.0427241519090362
static_m-4_refresh4,5,8192,long-text,0.1239409343984507,0.9909341166338582,0.9999384842519684,0.999395095144357,0.9909341166338582,0.9995870241397112,0.0349930340359222
static_m-4_refresh4,5,16384,long-code,0.5249407618931892,0.9826230827591864,0.9999384842519684,0.9988106955380578,0.9826230827591864,0.9979371652810852,0.0620129731690689
static_m-4_refresh4,5,16384,long-text,0.4601791481323503,0.9803828842683728,0.999282316272966,0.99729843339895,0.9803828842683728,0.996690572133844,0.0617319821370669
static_m-4_refresh4,5,32768,long-code,0.6480617317839388,0.963117464320866,0.9990977690288714,0.994130372375328,0.963117464320866,0.9935101535158484,0.0984077087347613
static_m-4_refresh4,5,32768,long-text,0.6019908069769566,0.9517255167322834,0.99561187664042,0.9872867454068242,0.9517255167322834,0.9891995715801678,0.1137859233793079
static_m-4_refresh4,8,8192,long-code,0.147608642874484,0.9918312212926508,0.9999794947506562,0.999764189632546,0.9918312212926508,0.9997600017135952,0.0334847060641285
static_m-4_refresh4,8,8192,long-text,0.0620305306518051,0.9941867618110236,0.9999794947506562,0.9995693897637796,0.9941867618110236,0.9997057206213296,0.0226349688043273
static_m-4_refresh4,8,16384,long-code,0.6054578532443906,0.9863691354986877,0.9998974737532808,0.998651779855643,0.9863691354986877,0.997835291930945,0.0487421127326406
static_m-4_refresh4,8,16384,long-text,0.561437709412123,0.9804982262959318,0.9988312007874016,0.9963859498031497,0.9804982262959318,0.9958172212282904,0.0620503641708322
static_m-4_refresh4,8,32768,long-code,0.6158343483556639,0.954357878116798,0.9955708661417324,0.9874712926509186,0.954357878116798,0.98868779394769,0.1018039656917848
static_m-4_refresh4,8,32768,long-text,0.5906072973137602,0.9487099635006562,0.9935818569553806,0.9845441683070866,0.9487099635006562,0.9876141000664136,0.111455791693552
static_m-4_refresh4,11,8192,long-code,0.1231953801732435,0.992311813074147,1.0,0.999753937007874,0.992311813074147,0.9996085196440718,0.032269033486624
static_m-4_refresh4,11,8192,long-text,0.0927648266698876,0.9939394172408136,0.9999589895013123,0.9998257053805776,0.9939394172408136,0.9996659132930156,0.0280810799139176
static_m-4_refresh4,11,16384,long-code,0.4315130899593027,0.9836150241961942,0.9999179790026248,0.9990772637795275,0.9836150241961942,0.9978771851857778,0.0592001094414975
static_m-4_refresh4,11,16384,long-text,0.364738692858009,0.981561936105643,0.9995898950131232,0.998046875,0.981561936105643,0.9970630556332156,0.0589247515845987
static_m-4_refresh4,11,32768,long-code,0.5642881031285154,0.9666546198326772,0.998523622047244,0.9935972358923884,0.9666546198326772,0.993117030801107,0.0865390052719054
static_m-4_refresh4,11,32768,long-text,0.5271185406625587,0.9622677780511812,0.9987081692913384,0.9932332677165354,0.9622677780511812,0.9928466706517052,0.0952158804473144
static_m-4_refresh4,14,8192,long-code,0.1312266312869376,0.9915608083169292,0.9999384842519684,0.9996565370734908,0.9915608083169292,0.9994223750979117,0.0331064471753785
static_m-4_refresh4,14,8192,long-text,0.0465793304221251,0.996088623687664,1.0,0.9998359580052494,0.996088623687664,0.9997260384478877,0.0167066756103926
static_m-4_refresh4,14,16384,long-code,0.3576504889752778,0.9830075561843832,0.9993848425196852,0.9972010334645668,0.9830075561843832,0.9971425965969588,0.0501992621224225
static_m-4_refresh4,14,16384,long-text,0.2761638507353835,0.9819963910761156,0.9996104002624672,0.997072875656168,0.9819963910761156,0.9969074018439285,0.049652602425945
static_m-4_refresh4,14,32768,long-code,0.4632180762095915,0.9523393926345144,0.996329560367454,0.9858616305774278,0.9523393926345144,0.9891017022979752,0.1029818695946498
static_m-4_refresh4,14,32768,long-text,0.4237376048817696,0.9523265768536744,0.9952632874015748,0.9849030101706036,0.9523265768536744,0.9892337143208072,0.1027763557012927
static_m-4_refresh4,17,8192,long-code,0.06963249516441,0.991441621555118,0.999753937007874,0.998785063976378,0.991441621555118,0.9994261489529398,0.0269582019637756
static_m-4_refresh4,17,8192,long-text,0.0384707862466938,0.9947673166830708,0.999876968503937,0.9994156003937008,0.9947673166830708,0.9996509370184388,0.0172268346035879
static_m-4_refresh4,17,16384,long-code,0.3039454456892353,0.978037596374672,0.998790190288714,0.99510437171916,0.978037596374672,0.9970830026145332,0.0555204280440876
static_m-4_refresh4,17,16384,long-text,0.2295440729483282,0.9794165743930446,0.99876968503937,0.9951402559055118,0.9794165743930446,0.9963809289112798,0.0503832371831709
static_m-4_refresh4,17,32768,long-code,0.4731941824377776,0.9583948490813649,0.9955093503937008,0.9871380823490814,0.9583948490813649,0.9916944028180982,0.088192523108323
static_m-4_refresh4,17,32768,long-text,0.4120339293342283,0.9512090407644356,0.9916543635170604,0.9808737286745408,0.9512090407644356,0.9883011042462984,0.0961867820521126
static_m-4_refresh4,21,8192,long-code,0.031223319917063,0.996083497375328,1.0,0.9998718421916012,0.996083497375328,0.999837310141352,0.0145174950744929
static_m-4_refresh4,21,8192,long-text,0.0312118995366983,0.9977034120734908,0.9999589895013123,0.99951812664042,0.9977034120734908,0.999760747998792,0.0068537944843624
static_m-4_refresh4,21,16384,long-code,0.1941394163683795,0.9837085793963256,0.9993848425196852,0.997441970144357,0.9837085793963256,0.9982214530230534,0.0457637644037435
static_m-4_refresh4,21,16384,long-text,0.2447344461305007,0.9811031311515748,0.9985646325459318,0.9946532562335958,0.9811031311515748,0.9961698545879962,0.0460709937153145
static_m-4_refresh4,21,32768,long-code,0.3903510109481259,0.9639287032480316,0.9970472440944882,0.9890707020997376,0.9639287032480316,0.9929728231202404,0.0804187943282663
static_m-4_refresh4,21,32768,long-text,0.3924104691599048,0.9586524462762468,0.9965346128608924,0.9868561351706036,0.9586524462762468,0.99128233921758,0.0854582898839618
static_m-4_refresh4,25,8192,long-code,0.1624365482233503,0.9930064283956692,0.9999794947506562,0.9995847687007874,0.9930064283956692,0.9995282400224882,0.026391308397215
static_m-4_refresh4,25,8192,long-text,0.0464272760246644,0.9958066765091864,0.999876968503937,0.999513000328084,0.9958066765091864,0.9996545449922024,0.0153674540659934
static_m-4_refresh4,25,16384,long-code,0.4778438751972805,0.9890847994586616,0.999876968503937,0.9988465797244096,0.9890847994586616,0.9981573236877884,0.0336892338727469
static_m-4_refresh4,25,16384,long-text,0.4275476739948985,0.9886785392060368,0.998052001312336,0.9968678231627296,0.9886785392060368,0.9974757015926612,0.0378740217126979
static_m-4_refresh4,25,32768,long-code,0.4759524535202681,0.95946624835958,0.9971497703412072,0.9876507135826772,0.95946624835958,0.9911488594617416,0.086121841304692
static_m-4_refresh4,25,32768,long-text,0.4207578755136204,0.9583179543963256,0.9921875,0.9832984744094488,0.9583179543963256,0.989449365615381,0.0854554903800618
static_m-4_refresh8,2,8192,long-code,0.1627118644067796,0.9881415579888452,0.9998564632545932,0.9988670849737532,0.9881415579888452,0.9994234663506298,0.034411820084329
static_m-4_refresh8,2,8192,long-text,0.1167599124300656,0.990485564304462,0.9999589895013123,0.9990670111548556,0.990485564304462,0.999665234963798,0.0280342684404103
static_m-4_refresh8,2,16384,long-code,0.4511698571862655,0.9585294147801836,0.9995898950131232,0.9952427821522308,0.9585294147801836,0.9965634150156664,0.1071820639230508
static_m-4_refresh8,2,16384,long-text,0.4051865830644671,0.9687769131397638,0.999507874015748,0.9958938238188976,0.9687769131397638,0.9965767313145574,0.0825283767962485
static_m-4_refresh8,2,32768,long-code,0.6835443037974683,0.9244676324639108,0.997436843832021,0.9834984005905512,0.9244676324639108,0.988322531790502,0.1627875807980198
static_m-4_refresh8,2,32768,long-text,0.6322529499649359,0.934560059875328,0.9977239173228346,0.985615567585302,0.934560059875328,0.9883871300844744,0.1433153311525634
static_m-4_refresh8,5,8192,long-code,0.301013024602026,0.9823308829560368,1.0,0.9993233267716536,0.9823308829560368,0.999372785307898,0.0669693456874756
static_m-4_refresh8,5,8192,long-text,0.185956416464891,0.9841981422244096,0.9999384842519684,0.998785063976378,0.9841981422244096,0.9992414910904702,0.0530464864080477
static_m-4_refresh8,5,16384,long-code,0.5818534456633735,0.9697470677493438,0.999630905511811,0.997308686023622,0.9697470677493438,0.996020265858189,0.0933298038343282
static_m-4_refresh8,5,16384,long-text,0.5209257122031221,0.9672133878772966,0.9989337270341208,0.9953299294619422,0.9672133878772966,0.9942624004410532,0.0903979898691678
static_m-4_refresh8,5,32768,long-code,0.7139069214592667,0.9373077632874016,0.9972112860892388,0.9877327345800524,0.9373077632874016,0.9876441041787988,0.1445923177334359
static_m-4_refresh8,5,32768,long-text,0.6699123661148978,0.922590120570866,0.9923720472440944,0.9780798884514436,0.922590120570866,0.9816597019859444,0.162336008893753
static_m-4_refresh8,8,8192,long-code,0.208167690639682,0.9842840079560368,0.9999589895013123,0.999389968832021,0.9842840079560368,0.9994966841918504,0.0528357792828817
static_m-4_refresh8,8,8192,long-text,0.1079518072289156,0.9883286683891076,0.9999179790026248,0.9989747375328084,0.9883286683891076,0.9993398035590492,0.037776476287736
static_m-4_refresh8,8,16384,long-code,0.6464253118344996,0.977282746883202,0.9998564632545932,0.9977598015091864,0.977282746883202,0.9963162916587384,0.0716172345375379
static_m-4_refresh8,8,16384,long-text,0.6186018237082067,0.9689396735564304,0.9974983595800524,0.9939919619422573,0.9689396735564304,0.993043106314623,0.0889790304778846
static_m-4_refresh8,8,32768,long-code,0.6813910921293471,0.921630218585958,0.9903215223097112,0.9750348589238844,0.921630218585958,0.9783971375965052,0.1526337674957961
static_m-4_refresh8,8,32768,long-text,0.659250906652851,0.9185967232611548,0.9893372703412072,0.9735277230971128,0.9185967232611548,0.979049084955008,0.1571368237503335
static_m-4_refresh8,11,8192,long-code,0.1704600484261501,0.984360902641076,0.9999794947506562,0.9993079478346456,0.984360902641076,0.9991365202037464,0.0534400535866701
static_m-4_refresh8,11,8192,long-text,0.1320708909929594,0.9880018659776902,0.9999589895013123,0.9996565370734908,0.9880018659776902,0.9993199544433616,0.0453149281673896
static_m-4_refresh8,11,16384,long-code,0.4908991294819504,0.9709735379757218,0.9998154527559056,0.9977392962598424,0.9709735379757218,0.9957548803476416,0.0875057621606635
static_m-4_refresh8,11,16384,long-text,0.4287715451610938,0.967023714320866,0.9993233267716536,0.9959245816929134,0.967023714320866,0.9943901886643952,0.0878608558899696
static_m-4_refresh8,11,32768,long-code,0.6324879888098278,0.942507125574147,0.9961655183727034,0.9858001148293964,0.942507125574147,0.9865189638366128,0.1250180393474392
static_m-4_refresh8,11,32768,long-text,0.5957110266159695,0.93870468339895,0.997436843832021,0.9872303559711286,0.93870468339895,0.9874045026591824,0.1331629224884962
static_m-4_refresh8,14,8192,long-code,0.1939393939393939,0.9829832062007874,0.9998564632545932,0.9989696112204725,0.9829832062007874,0.998726144356315,0.0547486206485385
static_m-4_refresh8,14,8192,long-text,0.0702524698133918,0.9921170132053806,1.0,0.9995540108267716,0.9921170132053806,0.9993899024277544,0.0276160254621742
static_m-4_refresh8,14,16384,long-code,0.4151309408341416,0.9696291625656168,0.998298064304462,0.9936126148293964,0.9696291625656168,0.9942215467850024,0.0753832110699233
static_m-4_refresh8,14,16384,long-text,0.3377411136722067,0.966684096128609,0.998790190288714,0.9930743520341208,0.966684096128609,0.993497951506178,0.0766093166274869
static_m-4_refresh8,14,32768,long-code,0.5426044525770052,0.9163526800360892,0.9906291010498688,0.970472440944882,0.9163526800360892,0.9787745955514506,0.1550362073403726
static_m-4_refresh8,14,32768,long-text,0.4961391135161428,0.9172664452099738,0.989624343832021,0.9700110728346456,0.9172664452099738,0.979474921637152,0.1524406198526806
static_m-4_refresh8,17,8192,long-code,0.1160261058738215,0.9826384616961942,0.9994258530183728,0.9972420439632546,0.9826384616961942,0.998775549386368,0.0458606742000743
static_m-4_refresh8,17,8192,long-text,0.0693975903614457,0.9893949413549868,0.9994873687664042,0.998062253937008,0.9893949413549868,0.9991753546917488,0.028739463915426
static_m-4_refresh8,17,16384,long-code,0.3862708041211973,0.9608606053149606,0.996596128608924,0.9894244176509186,0.9608606053149606,0.9945411827771752,0.0849328848157954
static_m-4_refresh8,17,16384,long-text,0.3064242424242424,0.9594944430774278,0.9971702755905512,0.9884811761811024,0.9594944430774278,0.9922320809506984,0.0818587040995132
static_m-4_refresh8,17,32768,long-code,0.5565896676939978,0.9246534612860892,0.9884555446194224,0.9701699885170604,0.9246534612860892,0.9828674705748311,0.1365186847764127
static_m-4_refresh8,17,32768,long-text,0.5020065669463699,0.913312776820866,0.9823449803149606,0.9608862368766404,0.913312776820866,0.9771865769719882,0.1471183984216976
static_m-4_refresh8,21,8192,long-code,0.0617760617760617,0.99240921300853,0.9999589895013123,0.9996155265748032,0.99240921300853,0.9996150481135708,0.0235494559768285
static_m-4_refresh8,21,8192,long-text,0.0541193525006039,0.9954593688484252,0.9994668635170604,0.998523622047244,0.9954593688484252,0.9994052294920296,0.0110585964683871
static_m-4_refresh8,21,16384,long-code,0.2651072124756335,0.970207154281496,0.9985646325459318,0.9939714566929134,0.970207154281496,0.9963027619006128,0.0684926310076099
static_m-4_refresh8,21,16384,long-text,0.3306588864575736,0.9657908362040682,0.9964936023622047,0.9885631971784776,0.9657908362040682,0.99256187241413,0.0703547349502777
static_m-4_refresh8,21,32768,long-code,0.4714620559495905,0.9338987655839897,0.9904240485564304,0.9748861958661418,0.9338987655839897,0.9849714339938224,0.1218552556830037
static_m-4_refresh8,21,32768,long-text,0.4719217526432859,0.929955349819554,0.993397309711286,0.9751476377952756,0.929955349819554,0.9842794948006334,0.1259494557257202
static_m-4_refresh8,25,8192,long-code,0.224724542922872,0.9871470533956692,0.9998359580052494,0.9988465797244096,0.9871470533956692,0.9990160242860704,0.0411477592902822
static_m-4_refresh8,25,8192,long-text,0.0772200772200771,0.9916146345964568,0.9997129265091864,0.998651779855643,0.9916146345964568,0.9992416029535685,0.0255381818096726
static_m-4_refresh8,25,16384,long-code,0.5258993243654513,0.9809813812335958,0.9994258530183728,0.9973599491469816,0.9809813812335958,0.9964526274685336,0.0504967145858059
static_m-4_refresh8,25,16384,long-text,0.4857611269658145,0.97949859539042,0.9960424868766404,0.9933768044619422,0.97949859539042,0.9950565271461764,0.0562245043137735
static_m-4_refresh8,25,32768,long-code,0.5581168435175021,0.92751266199147,0.9918594160104988,0.9732919127296588,0.92751266199147,0.9823213322754988,0.1325628084440091
static_m-4_refresh8,25,32768,long-text,0.490302182768894,0.9281713931266404,0.9866305774278216,0.9690883366141732,0.9281713931266404,0.981351319121636,0.1278226418182035
streak2_bucket8_m-0.75,2,8192,long-code,0.2080924855491329,0.980589218339895,0.9998564632545932,0.9970933809055118,0.980589218339895,0.9989759081496228,0.0461355624302743
streak2_bucket8_m-0.75,2,8192,long-text,0.1774990956228144,0.9796434137139108,0.9998974737532808,0.9964115813648294,0.9796434137139108,0.9991132248968694,0.0450026043065069
streak2_bucket8_m-0.75,2,16384,long-code,0.5712204007285975,0.917488158218504,0.994996719160105,0.9781824146981628,0.917488158218504,0.9903569246410878,0.1655945250928802
streak2_bucket8_m-0.75,2,16384,long-text,0.497782098802941,0.9366810716043308,0.9967806758530184,0.9830524114173228,0.9366810716043308,0.9910082933848032,0.1305002651413624
streak2_bucket8_m-0.75,2,32768,long-code,0.7558288184087174,0.8614575643864829,0.9792076771653544,0.9476757299868768,0.8614575643864829,0.9710047821363242,0.2384954659610297
streak2_bucket8_m-0.75,2,32768,long-text,0.7215332581736189,0.8687164226541995,0.9766240157480316,0.9457174786745408,0.8687164226541995,0.9672001983766528,0.2208057120565871
streak2_bucket8_m-0.75,5,8192,long-code,0.3345083262428588,0.9752232509022308,0.9999794947506562,0.9988517060367454,0.9752232509022308,0.999078869650168,0.0780799256037862
streak2_bucket8_m-0.75,5,8192,long-text,0.2311860325105358,0.9761395792322834,0.9997949475065616,0.9972164124015748,0.9761395792322834,0.998597281935328,0.0664198293274269
streak2_bucket8_m-0.75,5,16384,long-code,0.6228331609999391,0.9389917568897638,0.9974983595800524,0.9889886811023622,0.9389917568897638,0.9892919698425152,0.1463047858479876
streak2_bucket8_m-0.75,5,16384,long-text,0.5722279666686941,0.9490572711614174,0.9976624015748032,0.9915159530839897,0.9490572711614174,0.9903973223916812,0.1211822966992377
streak2_bucket8_m-0.75,5,32768,long-code,0.7812243158503547,0.8687548699967191,0.9830421587926508,0.9545039780183728,0.8687548699967191,0.9649579751692684,0.2340892845281122
streak2_bucket8_m-0.75,5,32768,long-text,0.7381843634924983,0.8642039862204725,0.9816067913385826,0.9505310859580052,0.8642039862204725,0.9623303284288852,0.2410097816719848
streak2_bucket8_m-0.75,8,8192,long-code,0.2704660709973436,0.9634711798720472,0.9999179790026248,0.9970523704068242,0.9634711798720472,0.9985301872262458,0.0958893099560751
streak2_bucket8_m-0.75,8,8192,long-text,0.1477521263669502,0.9775980150918636,0.9998154527559056,0.9978315698818898,0.9775980150918636,0.9986447043464513,0.057932809626805
streak2_bucket8_m-0.75,8,16384,long-code,0.7043658032348291,0.949955657398294,0.9984826115485564,0.9928026574803148,0.949955657398294,0.990332109081338,0.1277500257049921
streak2_bucket8_m-0.75,8,16384,long-text,0.6699939135727329,0.942139312664042,0.996698654855643,0.9888092601706036,0.942139312664042,0.9868741893613912,0.1420371055080383
streak2_bucket8_m-0.75,8,32768,long-code,0.7688330646878136,0.8297615752132546,0.9605068897637796,0.9243868930446194,0.8297615752132546,0.9412308069100082,0.2676161926274703
streak2_bucket8_m-0.75,8,32768,long-text,0.7407181798799988,0.8365975127132546,0.9629470144356956,0.9264579232283464,0.8365975127132546,0.948995035754422,0.2582144323013974
streak2_bucket8_m-0.75,11,8192,long-code,0.1711854103343465,0.9817426386154856,0.9999794947506562,0.998759432414698,0.9817426386154856,0.9988995970545576,0.0507857681386684
streak2_bucket8_m-0.75,11,8192,long-text,0.1706873560431567,0.9788719037073492,0.999876968503937,0.9989901164698164,0.9788719037073492,0.998749723097998,0.0637598260741691
streak2_bucket8_m-0.75,11,16384,long-code,0.5466109394875522,0.950914277805118,0.999015748031496,0.9939817093175852,0.950914277805118,0.9916300635987528,0.1202044826166379
streak2_bucket8_m-0.75,11,16384,long-text,0.498539435248296,0.9475834563648294,0.9984826115485564,0.9921618684383202,0.9475834563648294,0.9901562738449632,0.1179117872428206
streak2_bucket8_m-0.75,11,32768,long-code,0.6795254031031335,0.8977313504757218,0.985359251968504,0.9626086778215224,0.8977313504757218,0.9706975379908098,0.1784800803827663
streak2_bucket8_m-0.75,11,32768,long-text,0.6847736625514403,0.8605630228838582,0.9782439304461942,0.9441642060367454,0.8605630228838582,0.9602660932782412,0.2275710734061536
streak2_bucket8_m-0.75,14,8192,long-code,0.2237492465340567,0.9738096702755904,0.999015748031496,0.99582718175853,0.9738096702755904,0.9972857920103508,0.0653405683878017
streak2_bucket8_m-0.75,14,8192,long-text,0.1000120206755619,0.9878480766076116,0.9999384842519684,0.9989439796587928,0.9878480766076116,0.998950949452002,0.03468797493177
streak2_bucket8_m-0.75,14,16384,long-code,0.4637398770017658,0.9505195517552494,0.9937253937007874,0.9852105889107612,0.9505195517552494,0.9886318404274008,0.0997574380558192
streak2_bucket8_m-0.75,14,16384,long-text,0.3816942551119766,0.9483780347769027,0.9970062335958004,0.9864716617454068,0.9483780347769027,0.9888150968224853,0.1010713108460432
streak2_bucket8_m-0.75,14,32768,long-code,0.5923219776539714,0.8621137323654856,0.9726049868766404,0.9357621801181102,0.8621137323654856,0.9584277162052446,0.2106605099625744
streak2_bucket8_m-0.75,14,32768,long-text,0.5850982782264209,0.8467155716863517,0.966309875328084,0.9259299130577427,0.8467155716863517,0.9539046441217898,0.2312797129596695
streak2_bucket8_m-0.75,17,8192,long-code,0.1540498254904321,0.9695817441765092,0.9987081692913384,0.9935613517060368,0.9695817441765092,0.997441095665416,0.0651212980293106
streak2_bucket8_m-0.75,17,8192,long-text,0.0932717998542628,0.9796024032152232,0.998298064304462,0.9943456774934384,0.9796024032152232,0.9982115439550212,0.0425588899443135
streak2_bucket8_m-0.75,17,16384,long-code,0.4341348192114348,0.9346677124343832,0.988517060367454,0.975470595472441,0.9346677124343832,0.989368944226894,0.1166885657531808
streak2_bucket8_m-0.75,17,16384,long-text,0.3624406284252831,0.937023252952756,0.9925770997375328,0.9780491305774278,0.937023252952756,0.9866837120021372,0.1088466847349854
streak2_bucket8_m-0.75,17,32768,long-code,0.6304460186677207,0.8708297449146981,0.9706364829396326,0.9370847687007874,0.8708297449146981,0.9662527844673954,0.1931745183589917
streak2_bucket8_m-0.75,17,32768,long-text,0.6018625601071277,0.8447983308727034,0.9527764107611548,0.9146571522309712,0.8447983308727034,0.952814232255054,0.2215115650900868
streak2_bucket8_m-0.75,21,8192,long-code,0.0701412566975158,0.9883478920603674,0.9999384842519684,0.998518495734908,0.9883478920603674,0.9992851587181174,0.0279877784925106
streak2_bucket8_m-0.75,21,8192,long-text,0.0466075980094671,0.9971728387467192,0.999753937007874,0.9991951689632546,0.9971728387467192,0.9996854947344288,0.0067558843477936
streak2_bucket8_m-0.75,21,16384,long-code,0.3120619247882001,0.9579245099245408,0.9952427821522308,0.9878198818897638,0.9579245099245408,0.993538415459856,0.080322742927808
streak2_bucket8_m-0.75,21,16384,long-text,0.384956558721672,0.9500376783956692,0.9929461942257218,0.9820989173228346,0.9500376783956692,0.9886052184849056,0.0913001600250095
streak2_bucket8_m-0.75,21,32768,long-code,0.5146982666707284,0.9001855725065617,0.9832267060367454,0.9566519028871392,0.9001855725065617,0.9755356578508376,0.1560600271883338
streak2_bucket8_m-0.75,21,32768,long-text,0.5395337512934445,0.8939084030511811,0.9876148293963256,0.9553908300524936,0.8939084030511811,0.9742560275770878,0.1659690595998458
streak2_bucket8_m-0.75,25,8192,long-code,0.225434228106401,0.9848350865321522,0.9998154527559056,0.9986364009186351,0.9848350865321522,0.9987540572029904,0.0427777773688453
streak2_bucket8_m-0.75,25,8192,long-text,0.09288824383164,0.9882440842355644,0.9998154527559056,0.9982570538057742,0.9882440842355644,0.9989480675934982,0.031018108227543
streak2_bucket8_m-0.75,25,16384,long-code,0.5578786955196586,0.9692818549048556,0.9988517060367454,0.9935459727690288,0.9692818549048556,0.993355821140009,0.0673455691879826
streak2_bucket8_m-0.75,25,16384,long-text,0.5470085470085471,0.9636954560367454,0.9942380249343832,0.986697219488189,0.9636954560367454,0.9906392988578522,0.0816536894739614
streak2_bucket8_m-0.75,25,32768,long-code,0.6195433789954338,0.8892139825295275,0.9808891076115486,0.951397432742782,0.8892139825295275,0.9698071900171664,0.1722101174914378
streak2_bucket8_m-0.75,25,32768,long-text,0.5820128349402354,0.8782321399278216,0.978879593175853,0.9421854494750656,0.8782321399278216,0.9664599317799588,0.1876546609644345
streak2_bucket8_m-0.75_age16,2,8192,long-code,0.1391136336191281,0.9915415846456692,1.0,0.9993438320209974,0.9915415846456692,0.999601394621858,0.0235871402125446
streak2_bucket8_m-0.75_age16,2,8192,long-text,0.1013768734007554,0.9931371493602362,0.9999794947506562,0.9991849163385826,0.9931371493602362,0.9997469797198962,0.0177920451801812
streak2_bucket8_m-0.75_age16,2,16384,long-code,0.397757738240312,0.966075346538714,0.9994258530183728,0.9955759924540682,0.966075346538714,0.9970815621919656,0.0825216064687479
streak2_bucket8_m-0.75_age16,2,16384,long-text,0.3606398448860882,0.973885283382546,0.9994873687664042,0.9962936761811024,0.973885283382546,0.9971691660819296,0.0650206322774536
streak2_bucket8_m-0.75_age16,2,32768,long-code,0.6319446560814311,0.9377063340715224,0.9970062335958004,0.9867638615485564,0.9377063340715224,0.9905835729360976,0.1292189651085294
streak2_bucket8_m-0.75_age16,2,32768,long-text,0.5929718691902106,0.9425737676345144,0.9976213910761156,0.9877481135170604,0.9425737676345144,0.990202857310257,0.1175003179417385
streak2_bucket8_m-0.75_age16,5,8192,long-code,0.2405140016971754,0.988286376312336,1.0,0.9996975475721784,0.988286376312336,0.9995894261880552,0.0428767054231804
streak2_bucket8_m-0.75_age16,5,8192,long-text,0.1541982893627274,0.9881261790518372,0.9999589895013123,0.9990926427165354,0.9881261790518372,0.999415120785304,0.0378481084525559
streak2_bucket8_m-0.75_age16,5,16384,long-code,0.5487382183034357,0.9752001824967192,0.9996719160104988,0.9976111384514436,0.9752001824967192,0.9968339273139912,0.0728278346883887
streak2_bucket8_m-0.75_age16,5,16384,long-text,0.4779018941233608,0.9751476377952756,0.999282316272966,0.9964833497375328,0.9751476377952756,0.9957924316978516,0.0652861060836118
streak2_bucket8_m-0.75_age16,5,32768,long-code,0.6835027079656788,0.94211624425853,0.9966781496062992,0.988035187007874,0.94211624425853,0.988584323702227,0.124251799679359
streak2_bucket8_m-0.75_age16,5,32768,long-text,0.6239527160832343,0.9320609826115486,0.9943405511811024,0.9811402969160103,0.9320609826115486,0.9846600150274172,0.1366795786678163
streak2_bucket8_m-0.75_age16,8,8192,long-code,0.1708323222518806,0.9871457718175852,1.0,0.9994207267060368,0.9871457718175852,0.9995483656695444,0.0401359389199502
streak2_bucket8_m-0.75_age16,8,8192,long-text,0.0923743083954775,0.9908931061351706,0.9999179790026248,0.999272063648294,0.9908931061351706,0.9995061796240272,0.0269000548285279
streak2_bucket8_m-0.75_age16,8,16384,long-code,0.634781550444201,0.9776467150590552,0.9996924212598424,0.9976624015748032,0.9776467150590552,0.9962992147020632,0.065584255936907
streak2_bucket8_m-0.75_age16,8,16384,long-text,0.5885147067779064,0.9722371739665354,0.9984416010498688,0.9948121719160103,0.9722371739665354,0.9940478141404764,0.075636450838218
streak2_bucket8_m-0.75_age16,8,32768,long-code,0.6495976591075348,0.9284136113845144,0.9907931430446194,0.9772186679790026,0.9284136113845144,0.9810877945074442,0.1311490075521227
streak2_bucket8_m-0.75_age16,8,32768,long-text,0.6209434593509535,0.9260593524442258,0.9902600065616798,0.9759063320209974,0.9260593524442258,0.9817653106853516,0.1364921364629349
streak2_bucket8_m-0.75_age16,11,8192,long-code,0.1249237525924118,0.9910174192093176,0.9999794947506562,0.999502747703412,0.9910174192093176,0.9995121470691968,0.0294115451515773
streak2_bucket8_m-0.75_age16,11,8192,long-text,0.1166605905942398,0.9913070558562992,1.0,0.999764189632546,0.9913070558562992,0.9995389692923952,0.0305091544329167
streak2_bucket8_m-0.75_age16,11,16384,long-code,0.4584749878581836,0.9755090428149606,1.0,0.998410843175853,0.9755090428149606,0.996683639291945,0.0695394333374394
streak2_bucket8_m-0.75_age16,11,16384,long-text,0.3965255421247646,0.9749079826935696,0.9996104002624672,0.9971241387795275,0.9749079826935696,0.9959249472007632,0.0640064813375524
streak2_bucket8_m-0.75_age16,11,32768,long-code,0.5954936601088576,0.9496583312828084,0.9970267388451444,0.9884555446194224,0.9496583312828084,0.988900738878008,0.1050556650114414
streak2_bucket8_m-0.75_age16,11,32768,long-text,0.5710805213789742,0.9404591637959318,0.9952632874015748,0.984979904855643,0.9404591637959318,0.9872463479265348,0.1180162763375021
streak2_bucket8_m-0.75_age16,14,8192,long-code,0.1404878048780488,0.9889348548228346,0.9998154527559056,0.99901062171916,0.9889348548228346,0.9990944160649756,0.0335695428411166
streak2_bucket8_m-0.75_age16,14,8192,long-text,0.0617611580217128,0.9949095718503936,1.0,0.9998257053805776,0.9949095718503936,0.9996555401037518,0.017023310083831
streak2_bucket8_m-0.75_age16,14,16384,long-code,0.3682616596002422,0.9757333189796588,0.9982365485564304,0.9947762877296588,0.9757333189796588,0.9953795402616412,0.0568776458995892
streak2_bucket8_m-0.75_age16,14,16384,long-text,0.2915097777237945,0.9767739603838582,0.999528379265092,0.9964013287401576,0.9767739603838582,0.9961398957143376,0.0534157632888935
streak2_bucket8_m-0.75_age16,14,32768,long-code,0.4840500152485514,0.9300066129429134,0.9914903215223098,0.9746298802493438,0.9300066129429134,0.982569231406612,0.1209508478888824
streak2_bucket8_m-0.75_age16,14,32768,long-text,0.4539974426109724,0.9274280778379264,0.9895628280839897,0.9734251968503936,0.9274280778379264,0.9826888669738822,0.1255918797740234
streak2_bucket8_m-0.75_age16,17,8192,long-code,0.0780582997926576,0.9883504552165354,0.9998359580052494,0.998549253608924,0.9883504552165354,0.9992322927889578,0.0296467737474545
streak2_bucket8_m-0.75_age16,17,8192,long-text,0.0541193525006039,0.9921080421587928,0.9996514107611548,0.9985697588582676,0.9921080421587928,0.999403364365504,0.0192092052975906
streak2_bucket8_m-0.75_age16,17,16384,long-code,0.3311016433353622,0.969734251968504,0.996821686351706,0.9914031742125984,0.969734251968504,0.9954463705224575,0.0619565793168636
streak2_bucket8_m-0.75_age16,17,16384,long-text,0.26095423563778,0.9689614603838582,0.9982160433070866,0.9916082267060368,0.9689614603838582,0.994411917531903,0.0609228994447476
streak2_bucket8_m-0.75_age16,17,32768,long-code,0.506298302196799,0.9359069984416012,0.9915108267716536,0.975578248031496,0.9359069984416012,0.9859101065609872,0.1095229537985529
streak2_bucket8_m-0.75_age16,17,32768,long-text,0.4520627188308722,0.9255044291338582,0.986692093175853,0.9685859580052494,0.9255044291338582,0.9817396291939466,0.1209942983292906
streak2_bucket8_m-0.75_age16,21,8192,long-code,0.0389152377477806,0.995101808562992,1.0,0.9996719160104988,0.995101808562992,0.9997750150580248,0.0147740881859698
streak2_bucket8_m-0.75_age16,21,8192,long-text,0.0389294403892943,0.9979610092683728,0.9999384842519684,0.9996206528871392,0.9979610092683728,0.9998215085263162,0.0052525952929151
streak2_bucket8_m-0.75_age16,21,16384,long-code,0.2259419319496013,0.9782336778215224,0.99876968503937,0.995622129265092,0.9782336778215224,0.997299073152772,0.0473454785467796
streak2_bucket8_m-0.75_age16,21,16384,long-text,0.2802749224499726,0.9699995386318898,0.9971702755905512,0.9910289534120736,0.9699995386318898,0.9938019281127244,0.0599507415221663
streak2_bucket8_m-0.75_age16,21,32768,long-code,0.4185933317108785,0.9460699126476378,0.9935818569553806,0.9817759596456692,0.9460699126476378,0.9885796753661328,0.0961830681487524
streak2_bucket8_m-0.75_age16,21,32768,long-text,0.4206298493838429,0.9427288385826772,0.9959399606299212,0.980960875984252,0.9427288385826772,0.9879283593608188,0.0996058778313739
streak2_bucket8_m-0.75_age16,25,8192,long-code,0.1707287498484297,0.992661683891076,0.9999384842519684,0.9995898950131232,0.992661683891076,0.999486901169415,0.0235619581463068
streak2_bucket8_m-0.75_age16,25,8192,long-text,0.0622568093385214,0.9933011913549868,0.9998564632545932,0.9991182742782152,0.9933011913549868,0.999440073335073,0.0190117427077994
streak2_bucket8_m-0.75_age16,25,16384,long-code,0.4913777344464078,0.984618499835958,0.9997129265091864,0.997923843503937,0.984618499835958,0.9972144757949,0.0389923497022251
streak2_bucket8_m-0.75_age16,25,16384,long-text,0.4567803330689929,0.9817490465059056,0.9973548228346456,0.9943405511811024,0.9817490465059056,0.9957794845500708,0.0463258951934866
streak2_bucket8_m-0.75_age16,25,32768,long-code,0.510255005781754,0.9456200787401576,0.9952632874015748,0.9814837598425196,0.9456200787401576,0.9877378599006936,0.095481758138237
streak2_bucket8_m-0.75_age16,25,32768,long-text,0.4588303486988621,0.9378191129429134,0.9915518372703412,0.9752399114173228,0.9378191129429134,0.9847155143932608,0.1060552422571837
streak2_bucket8_m-0.75_age2,2,8192,long-code,0.0621510075260985,0.997784151492782,1.0,0.9999128526902888,0.997784151492782,0.999917814625525,0.0087318987502669
streak2_bucket8_m-0.75_age2,2,8192,long-text,0.0388963170049836,0.9981801591207348,1.0,0.9999384842519684,0.9981801591207348,0.9999519863229844,0.0069611158074673
streak2_bucket8_m-0.75_age2,2,16384,long-code,0.2102829327654396,0.9898281147473752,0.9999384842519684,0.9994053477690288,0.9898281147473752,0.9993360676772808,0.0332178659584403
streak2_bucket8_m-0.75_age2,2,16384,long-text,0.194257269471256,0.9916300135334646,0.9999794947506562,0.9996001476377953,0.9916300135334646,0.9993528277589174,0.0285070269200716
streak2_bucket8_m-0.75_age2,2,32768,long-code,0.3903629155230252,0.9786207144028872,0.9998154527559056,0.99732406496063,0.9786207144028872,0.9974358712687664,0.057088430635885
streak2_bucket8_m-0.75_age2,2,32768,long-text,0.3627056672760511,0.9806609867125984,0.9999179790026248,0.99780593832021,0.9806609867125984,0.997396327274884,0.0530730968442529
streak2_bucket8_m-0.75_age2,5,8192,long-code,0.1170874496889864,0.9963692892880578,1.0,0.9999641158136484,0.9963692892880578,0.999892416086658,0.0175155911430807
streak2_bucket8_m-0.75_age2,5,8192,long-text,0.0616867469879518,0.9963116182742782,0.9999794947506562,0.999779568569554,0.9963116182742782,0.999859375757033,0.0149812120570181
streak2_bucket8_m-0.75_age2,5,16384,long-code,0.3734954407294832,0.9925694102690288,0.9999794947506562,0.9996052739501312,0.9925694102690288,0.9992213941909456,0.0281510128309199
streak2_bucket8_m-0.75_age2,5,16384,long-text,0.2838913532235523,0.9917786765912072,0.9997949475065616,0.9989593585958004,0.9917786765912072,0.9987174327650188,0.0272790120519167
streak2_bucket8_m-0.75_age2,5,32768,long-code,0.495006090133983,0.9831152087434384,0.9998154527559056,0.9981545275590552,0.9831152087434384,0.9974913104994612,0.0477099188056344
streak2_bucket8_m-0.75_age2,5,32768,long-text,0.3684659437065919,0.976782931430446,0.9986671587926508,0.9949915928477692,0.976782931430446,0.9954783957241464,0.0580713207602636
streak2_bucket8_m-0.75_age2,8,8192,long-code,0.0773694390715666,0.9967204416830708,1.0,0.9999231053149606,0.9967204416830708,0.9998948098762191,0.0134817854164303
streak2_bucket8_m-0.75_age2,8,8192,long-text,0.0310943762905381,0.997444533300525,0.9999794947506562,0.9997898211942258,0.997444533300525,0.9998960828515828,0.0096219827642923
streak2_bucket8_m-0.75_age2,8,16384,long-code,0.4469816591764849,0.9932319861384514,0.9999589895013123,0.999513000328084,0.9932319861384514,0.9990681743586044,0.0258093810040299
streak2_bucket8_m-0.75_age2,8,16384,long-text,0.349578199915033,0.9904278932906824,0.999507874015748,0.998539000984252,0.9904278932906824,0.9981765861098684,0.0324459813460006
streak2_bucket8_m-0.75_age2,8,32768,long-code,0.4401570250448861,0.9798228346456692,0.9988106955380578,0.9953299294619422,0.9798228346456692,0.995708555472635,0.0478802751448961
streak2_bucket8_m-0.75_age2,8,32768,long-text,0.36290470093287,0.976818815616798,0.998031496062992,0.9944943405511812,0.976818815616798,0.9952365762346655,0.0540854662243817
streak2_bucket8_m-0.75_age2,11,8192,long-code,0.0615828722636516,0.9974470964566928,1.0,0.9999641158136484,0.9974470964566928,0.9998956327775138,0.0116077597024581
streak2_bucket8_m-0.75_age2,11,8192,long-text,0.046404833836858,0.9977354515255904,1.0,0.9999794947506562,0.9977354515255904,0.9999137795379904,0.0113792965389097
streak2_bucket8_m-0.75_age2,11,16384,long-code,0.2808557323093801,0.993284530839895,0.9999794947506562,0.9998359580052494,0.993284530839895,0.99928350455396,0.0268665463912935
streak2_bucket8_m-0.75_age2,11,16384,long-text,0.2027537468015109,0.9925143024114174,0.9999384842519684,0.9994258530183728,0.9925143024114174,0.9989815319204706,0.0264734759115788
streak2_bucket8_m-0.75_age2,11,32768,long-code,0.3774548549887517,0.9851490731627296,0.9996924212598424,0.9982006643700788,0.9851490731627296,0.9975157015695808,0.0433248123522638
streak2_bucket8_m-0.75_age2,11,32768,long-text,0.3564971235503607,0.9828332615649606,0.9997129265091864,0.997923843503937,0.9828332615649606,0.9973240827495564,0.0474420061142362
streak2_bucket8_m-0.75_age2,14,8192,long-code,0.0621585528711909,0.996806307414698,1.0,0.9998923474409448,0.996806307414698,0.999809133151756,0.0132494120408312
streak2_bucket8_m-0.75_age2,14,8192,long-text,0.0232868405093996,0.9984621062992126,1.0,0.9999589895013123,0.9984621062992126,0.9999253194796434,0.0067004865596241
streak2_bucket8_m-0.75_age2,14,16384,long-code,0.2102061918374794,0.9932640255905512,0.9998359580052494,0.9991951689632546,0.9932640255905512,0.9990212875759048,0.0215062004978365
streak2_bucket8_m-0.75_age2,14,16384,long-text,0.1667575592316548,0.992560439222441,0.9999794947506562,0.999246432086614,0.992560439222441,0.9989414156325434,0.0226617459975005
streak2_bucket8_m-0.75_age2,14,32768,long-code,0.2843319234397347,0.9812787073490814,0.9992208005249344,0.9960578658136484,0.9812787073490814,0.9964873178948342,0.0443471755414044
streak2_bucket8_m-0.75_age2,14,32768,long-text,0.2569108657969163,0.9793114849901576,0.9987081692913384,0.995340182086614,0.9793114849901576,0.9961544484172208,0.0485075149528388
streak2_bucket8_m-0.75_age2,17,8192,long-code,0.0233236151603498,0.9969652230971128,1.0,0.999764189632546,0.9969652230971128,0.999838470874773,0.0100324279719956
streak2_bucket8_m-0.75_age2,17,8192,long-text,0.0154365653642064,0.9983659879429134,1.0,0.9999128526902888,0.9983659879429134,0.9999380947318836,0.0055085677225117
streak2_bucket8_m-0.75_age2,17,16384,long-code,0.179020979020979,0.9915646530511812,0.99973343175853,0.9987286745406824,0.9915646530511812,0.999014993318456,0.0232218001673734
streak2_bucket8_m-0.75_age2,17,16384,long-text,0.1242643043504642,0.9916441108923884,0.999774442257218,0.998549253608924,0.9916441108923884,0.998782565706816,0.0225038511856786
streak2_bucket8_m-0.75_age2,17,32768,long-code,0.291970802919708,0.9808916707677166,0.9990772637795275,0.9954068241469816,0.9808916707677166,0.9966977022229174,0.0432975638846185
streak2_bucket8_m-0.75_age2,17,32768,long-text,0.2518378427843699,0.979497313812336,0.9984621062992126,0.994514845800525,0.979497313812336,0.9960770702973128,0.044700208438141
streak2_bucket8_m-0.75_age2,21,8192,long-code,0.0155226776618966,0.998303190616798,1.0,0.9999641158136484,0.998303190616798,0.9999424918729832,0.0062564320968729
streak2_bucket8_m-0.75_age2,21,8192,long-text,0.0155774613605939,0.9989465428149606,1.0,0.9999333579396326,0.9989465428149606,0.9999573637991068,0.0032423348672362
streak2_bucket8_m-0.75_age2,21,16384,long-code,0.1049562682215743,0.9940803908300524,0.9998564632545932,0.9994873687664042,0.9940803908300524,0.999459253855844,0.0184456696244087
streak2_bucket8_m-0.75_age2,21,16384,long-text,0.1365853658536585,0.9908277456528872,0.9995488845144356,0.998041748687664,0.9908277456528872,0.9983878557342312,0.0234962506907568
streak2_bucket8_m-0.75_age2,21,32768,long-code,0.2377877938847606,0.984377563156168,0.9991797900262468,0.996826812664042,0.984377563156168,0.9974820007574698,0.03863814519634
streak2_bucket8_m-0.75_age2,21,32768,long-text,0.2277025999695909,0.9812338521161418,0.9992002952755904,0.99534530839895,0.9812338521161418,0.996571568710036,0.041730123271332
streak2_bucket8_m-0.75_age2,25,8192,long-code,0.0853850818677987,0.9972676755249344,1.0,0.9999282316272966,0.9972676755249344,0.9998542415066076,0.0112336708394531
streak2_bucket8_m-0.75_age2,25,8192,long-text,0.0232924905980832,0.9981878485892388,1.0,0.9998974737532808,0.9981878485892388,0.9999063016132168,0.006827723982995
streak2_bucket8_m-0.75_age2,25,16384,long-code,0.327465432173966,0.995113342765748,0.9999179790026248,0.9996667896981628,0.995113342765748,0.9992721714551802,0.016322067932798
streak2_bucket8_m-0.75_age2,25,16384,long-text,0.3033359664580421,0.9944610195209974,0.9993438320209974,0.9988619586614174,0.9944610195209974,0.998970834411273,0.019941370206656
streak2_bucket8_m-0.75_age2,25,32768,long-code,0.3232913395411113,0.9834176611712598,0.9993028215223098,0.9960424868766404,0.9834176611712598,0.9969090547542174,0.0379497739301179
streak2_bucket8_m-0.75_age2,25,32768,long-text,0.2629896813076431,0.9822834645669292,0.9983800853018372,0.9952120242782152,0.9822834645669292,0.996347328176738,0.0403251258456864
streak2_bucket8_m-0.75_age4,2,8192,long-code,0.0853954391072294,0.9962347235892388,1.0,0.9998052001312336,0.9962347235892388,0.9998528329312172,0.0126203097849565
streak2_bucket8_m-0.75_age4,2,8192,long-text,0.0618656355727404,0.9971420808727034,1.0,0.9998359580052494,0.9971420808727034,0.9999122649953404,0.0092568016095385
streak2_bucket8_m-0.75_age4,2,16384,long-code,0.2759290745688608,0.9840904896653544,0.9998359580052494,0.9988517060367454,0.9840904896653544,0.9988372131539376,0.0462846104979215
streak2_bucket8_m-0.75_age4,2,16384,long-text,0.2558914399951536,0.9871585875984252,0.9998974737532808,0.9991131479658792,0.9871585875984252,0.9989005587817782,0.0385314499442068
streak2_bucket8_m-0.75_age4,2,32768,long-code,0.4977582578460975,0.9680963951771654,0.9994258530183728,0.9952786663385826,0.9680963951771654,0.995867663743239,0.0768990274230768
streak2_bucket8_m-0.75_age4,2,32768,long-text,0.4650088161974828,0.9706762118602362,0.9996104002624672,0.9960014763779528,0.9706762118602362,0.9957876701693232,0.0711737348810447
streak2_bucket8_m-0.75_age4,5,8192,long-code,0.1696181182990001,0.9942457144028872,1.0,0.9998718421916012,0.9942457144028872,0.999808297656462,0.0247947246820208
streak2_bucket8_m-0.75_age4,5,8192,long-text,0.0923743083954775,0.993890717273622,0.9999794947506562,0.9995898950131232,0.993890717273622,0.9997341003124672,0.0223799020188938
streak2_bucket8_m-0.75_age4,5,16384,long-code,0.4555021594987529,0.9880057107119422,0.9999384842519684,0.9992925688976378,0.9880057107119422,0.99865528555497,0.0407479155269843
streak2_bucket8_m-0.75_age4,5,16384,long-text,0.3737680983087966,0.9869471272145668,0.9997129265091864,0.9983698326771654,0.9869471272145668,0.997969619204222,0.0395875775542209
streak2_bucket8_m-0.75_age4,5,32768,long-code,0.5697387274778207,0.9725972974081364,0.9995693897637796,0.9961808973097112,0.9725972974081364,0.995529934562408,0.0690826612907259
streak2_bucket8_m-0.75_age4,5,32768,long-text,0.4930872769352579,0.9644144213418636,0.9978674540682416,0.9917415108267716,0.9644144213418636,0.9928130988466496,0.0804417104263966
streak2_bucket8_m-0.75_age4,8,8192,long-code,0.1081864283989374,0.994364901164698,1.0,0.9998205790682416,0.994364901164698,0.9998162381902492,0.0210432914358115
streak2_bucket8_m-0.75_age4,8,8192,long-text,0.0468121418993051,0.9957502870734908,0.9999794947506562,0.9997180528215224,0.9957502870734908,0.999813881308782,0.0147199528955219
streak2_bucket8_m-0.75_age4,8,16384,long-code,0.5413167822806377,0.9891040231299212,0.9999794947506562,0.999138779527559,0.9891040231299212,0.9984285535561342,0.0376890597676962
streak2_bucket8_m-0.75_age4,8,16384,long-text,0.4822850197508356,0.9850324495570866,0.9992413057742782,0.99732406496063,0.9850324495570866,0.9969310379682532,0.0461398929350389
streak2_bucket8_m-0.75_age4,8,32768,long-code,0.5222421825046433,0.966077909694882,0.9967191601049868,0.9908597851049868,0.966077909694882,0.992099480350002,0.0718485336904329
streak2_bucket8_m-0.75_age4,8,32768,long-text,0.5002128824280762,0.9640081610892388,0.9971497703412072,0.991213500656168,0.9640081610892388,0.9922816646935148,0.0768821719519714
streak2_bucket8_m-0.75_age4,11,8192,long-code,0.085188770571152,0.9956772371227034,1.0,0.999876968503937,0.9956772371227034,0.9998017677427103,0.01729074809849
streak2_bucket8_m-0.75_age4,11,8192,long-text,0.0693892302132273,0.9962911130249344,1.0,0.9999231053149606,0.9962911130249344,0.99982289769704,0.0162428977367578
streak2_bucket8_m-0.75_age4,11,16384,long-code,0.3573466043575893,0.9888246391076116,0.9999384842519684,0.9995693897637796,0.9888246391076116,0.998696353489602,0.038539060894012
streak2_bucket8_m-0.75_age4,11,16384,long-text,0.2798833819241982,0.988042876476378,0.9998154527559056,0.9989542322834646,0.988042876476378,0.9982819073924892,0.0368465376507127
streak2_bucket8_m-0.75_age4,11,32768,long-code,0.4709889307870089,0.9757602321194224,0.9994463582677166,0.996206528871391,0.9757602321194224,0.995481613853285,0.0605942800657833
streak2_bucket8_m-0.75_age4,11,32768,long-text,0.4433052605883071,0.9726331815944882,0.9994668635170604,0.9959194553805776,0.9726331815944882,0.995312845106686,0.0658979265816907
streak2_bucket8_m-0.75_age4,14,8192,long-code,0.0923409883371407,0.9950390112368768,0.9999794947506562,0.9997898211942258,0.9950390112368768,0.999671835444484,0.018280467671419
streak2_bucket8_m-0.75_age4,14,8192,long-text,0.0312195121951219,0.9976841884022308,1.0,0.9999333579396326,0.9976841884022308,0.9998590085441724,0.0093950264956579
streak2_bucket8_m-0.75_age4,14,16384,long-code,0.2799513973268529,0.9893282992946194,0.9994873687664042,0.9983852116141732,0.9893282992946194,0.9982775206411234,0.0301640500703968
streak2_bucket8_m-0.75_age4,14,16384,long-text,0.2179518365361226,0.9882094816272966,0.9998154527559056,0.9984416010498688,0.9882094816272966,0.99823276723377,0.0313436270859859
streak2_bucket8_m-0.75_age4,14,32768,long-code,0.3640124095139607,0.9688166420603674,0.9979084645669292,0.9916287319553806,0.9688166420603674,0.9934887141123612,0.064951806322576
streak2_bucket8_m-0.75_age4,14,32768,long-text,0.327465432173966,0.967033966945538,0.9971702755905512,0.9913621637139108,0.967033966945538,0.9933861404710224,0.0684422457542913
streak2_bucket8_m-0.75_age4,17,8192,long-code,0.0389626202362108,0.995113342765748,0.9999179790026248,0.9994719898293964,0.995113342765748,0.9996926047513331,0.014644261991892
streak2_bucket8_m-0.75_age4,17,8192,long-text,0.0231912066674718,0.9971190124671916,0.9999794947506562,0.9997283054461942,0.9971190124671916,0.9998455253048484,0.0085533488459981
streak2_bucket8_m-0.75_age4,17,16384,long-code,0.2380342662032802,0.9856975885826772,0.9990977690288714,0.9971446440288714,0.9856975885826772,0.9981321255733998,0.0348442703598967
streak2_bucket8_m-0.75_age4,17,16384,long-text,0.1669598980768064,0.986070527805118,0.9995898950131232,0.9972061597769027,0.986070527805118,0.9978043002476124,0.0324878890843915
streak2_bucket8_m-0.75_age4,17,32768,long-code,0.3755206274891314,0.96949203371063,0.997313812335958,0.9910597112860892,0.96949203371063,0.9942048862923912,0.0613128868484269
streak2_bucket8_m-0.75_age4,17,32768,long-text,0.3307694646277324,0.9653884206856956,0.9964115813648294,0.9887323654855644,0.9653884206856956,0.992749361806546,0.0661518908630858
streak2_bucket8_m-0.75_age4,21,8192,long-code,0.0232953166707109,0.9976188279199476,1.0,0.9999179790026248,0.9976188279199476,0.9999090298957096,0.0083422812729731
streak2_bucket8_m-0.75_age4,21,8192,long-text,0.0233661920408908,0.9986902271981628,1.0,0.9998462106299212,0.9986902271981628,0.999924692890982,0.0038445207687688
streak2_bucket8_m-0.75_age4,21,16384,long-code,0.1405220785557452,0.990249753937008,0.9998974737532808,0.9988055692257218,0.990249753937008,0.999000270653546,0.0259836889489811
streak2_bucket8_m-0.75_age4,21,16384,long-text,0.1901182176417096,0.9845005946522308,0.9989337270341208,0.9959553395669292,0.9845005946522308,0.9970445528363407,0.0346912294061596
streak2_bucket8_m-0.75_age4,21,32768,long-code,0.3095172917236974,0.9740941806102362,0.9979699803149606,0.9935562253937008,0.9740941806102362,0.9953234317924536,0.0553919285710458
streak2_bucket8_m-0.75_age4,21,32768,long-text,0.29870050637545,0.9704955093503936,0.9983595800524936,0.9916287319553806,0.9704955093503936,0.9942674354360084,0.0586411741688003
streak2_bucket8_m-0.75_age4,25,8192,long-code,0.1157602797540093,0.996102721046588,1.0,0.999887221128609,0.996102721046588,0.9997731349718952,0.0144834371656245
streak2_bucket8_m-0.75_age4,25,8192,long-text,0.038586759918003,0.9970933809055118,0.9999794947506562,0.999738558070866,0.9970933809055118,0.9998139359903578,0.0100742161462875
streak2_bucket8_m-0.75_age4,25,16384,long-code,0.4035896192093136,0.9920798474409448,0.9998564632545932,0.999246432086614,0.9920798474409448,0.9987282007100164,0.0235023350298183
streak2_bucket8_m-0.75_age4,25,16384,long-text,0.3664047749558439,0.99121734539042,0.9991797900262468,0.9979956118766404,0.99121734539042,0.9982795262577702,0.0272087875961411
streak2_bucket8_m-0.75_age4,25,32768,long-code,0.397152765103121,0.9729522945374016,0.9981750328083988,0.9922643946850394,0.9729522945374016,0.994556574051223,0.0546882386208481
streak2_bucket8_m-0.75_age4,25,32768,long-text,0.3475713937027093,0.9702609805610236,0.9963910761154856,0.99050094324147,0.9702609805610236,0.9933410784416123,0.0593196067910081
streak2_bucket8_m-0.75_age8,2,8192,long-code,0.1090024330900243,0.994390532726378,1.0,0.9995796423884514,0.994390532726378,0.9997443251339933,0.0169943985818378
streak2_bucket8_m-0.75_age8,2,8192,long-text,0.0771084337349398,0.9953094242125984,0.9999794947506562,0.9995540108267716,0.9953094242125984,0.9998483614571524,0.0133796123153899
streak2_bucket8_m-0.75_age8,2,16384,long-code,0.3390367167996103,0.9761190739829396,0.9997949475065616,0.9976931594488188,0.9761190739829396,0.9981326562624036,0.0626683013935552
streak2_bucket8_m-0.75_age8,2,16384,long-text,0.3067402778620397,0.982420593421916,0.9999179790026248,0.998544127296588,0.982420593421916,0.9983962877819844,0.0481764062758849
streak2_bucket8_m-0.75_age8,2,32768,long-code,0.5711674941366391,0.9539593073326772,0.9983390748031497,0.99146468996063,0.9539593073326772,0.9934966679750944,0.102074801523594
streak2_bucket8_m-0.75_age8,2,32768,long-text,0.5340317324968785,0.957755341617454,0.9989952427821522,0.9930538467847768,0.957755341617454,0.993512062350104,0.0933588836004464
streak2_bucket8_m-0.75_age8,5,8192,long-code,0.2080674292594823,0.991469816272966,1.0,0.9998154527559056,0.991469816272966,0.999714223936537,0.0338457750902311
streak2_bucket8_m-0.75_age8,5,8192,long-text,0.1170446232626188,0.9909097666502624,0.9999589895013123,0.9993079478346456,0.9909097666502624,0.999574269688284,0.0304311478317127
streak2_bucket8_m-0.75_age8,5,16384,long-code,0.5080904187624993,0.9826910063976378,0.9997949475065616,0.9987235482283464,0.9826910063976378,0.997949789620208,0.0544607774272014
streak2_bucket8_m-0.75_age8,5,16384,long-text,0.4396085344355966,0.982182219898294,0.9996104002624672,0.9977187910104988,0.982182219898294,0.9971619090838376,0.0505056918378603
streak2_bucket8_m-0.75_age8,5,32768,long-code,0.6339917093391856,0.958237214977034,0.9979699803149606,0.9923617946194224,0.958237214977034,0.9923322050240116,0.0954340134208777
streak2_bucket8_m-0.75_age8,5,32768,long-text,0.5583827329381366,0.9493469078083988,0.9962270341207348,0.9872611138451444,0.9493469078083988,0.9891437477653976,0.1072708920522214
streak2_bucket8_m-0.75_age8,8,8192,long-code,0.138478182473855,0.9911353243930446,1.0,0.9996667896981628,0.9911353243930446,0.9997050385942348,0.0296636286012826
streak2_bucket8_m-0.75_age8,8,8192,long-text,0.0699283719800898,0.9934921464895012,0.9999794947506562,0.9995437582020996,0.9934921464895012,0.9996911075540708,0.020312493408776
streak2_bucket8_m-0.75_age8,8,16384,long-code,0.5994404573652841,0.9839238845144356,0.999876968503937,0.9986107693569554,0.9839238845144356,0.9975174176165608,0.0503030587215796
streak2_bucket8_m-0.75_age8,8,16384,long-text,0.5508880402497424,0.9798202714895012,0.9992002952755904,0.99681656003937,0.9798202714895012,0.9960933409509224,0.0593080258295692
streak2_bucket8_m-0.75_age8,8,32768,long-code,0.6009023289842702,0.9483395874343832,0.993889435695538,0.9847133366141732,0.9483395874343832,0.9871493940976466,0.1008719986391262
streak2_bucket8_m-0.75_age8,8,32768,long-text,0.5643325705568268,0.9473553354658792,0.9943405511811024,0.985118315288714,0.9473553354658792,0.987881565029695,0.1029275016831231
streak2_bucket8_m-0.75_age8,11,8192,long-code,0.1079518072289156,0.9933268229166666,0.9999794947506562,0.9996975475721784,0.9933268229166666,0.9996620634475604,0.0237945810150888
streak2_bucket8_m-0.75_age8,11,8192,long-text,0.0926082238032075,0.9938099778543308,1.0,0.9998462106299212,0.9938099778543308,0.999682054174276,0.0234320539105869
streak2_bucket8_m-0.75_age8,11,16384,long-code,0.4053346324827964,0.9835804215879264,0.9998974737532808,0.9991182742782152,0.9835804215879264,0.997931502385788,0.0516941100106902
streak2_bucket8_m-0.75_age8,11,16384,long-text,0.3378025844809804,0.9826179564468503,0.999753937007874,0.998415969488189,0.9826179564468503,0.9973886884893308,0.0491263216695984
streak2_bucket8_m-0.75_age8,11,32768,long-code,0.5498918375430364,0.963155911663386,0.998421095800525,0.9928846784776902,0.963155911663386,0.9924960896500774,0.082474996565995
streak2_bucket8_m-0.75_age8,11,32768,long-text,0.5050425032753421,0.958016783546588,0.997436843832021,0.9911776164698164,0.958016783546588,0.9917919592520064,0.0912234603591641
streak2_bucket8_m-0.75_age8,14,8192,long-code,0.1159840521928234,0.992432281414042,0.9998974737532808,0.999513000328084,0.992432281414042,0.9994455226683636,0.0250191955088961
streak2_bucket8_m-0.75_age8,14,8192,long-text,0.0464385052606118,0.9964820681594488,1.0,0.9998923474409448,0.9964820681594488,0.9997679767566604,0.0127132786678668
streak2_bucket8_m-0.75_age8,14,16384,long-code,0.3268482490272373,0.983397155921916,0.9991592847769027,0.9970472440944882,0.983397155921916,0.9971047981062536,0.042225543016594
streak2_bucket8_m-0.75_age8,14,16384,long-text,0.2559844857887401,0.9826333353838582,0.99973343175853,0.9974676017060368,0.9826333353838582,0.997232218445395,0.0424216894991627
streak2_bucket8_m-0.75_age8,14,32768,long-code,0.4303273700864062,0.9520894849081364,0.9949557086614174,0.9845749261811024,0.9520894849081364,0.9889235941640888,0.0896976338739361
streak2_bucket8_m-0.75_age8,14,32768,long-text,0.3922429564581047,0.9484254531660103,0.994156003937008,0.9833804954068242,0.9484254531660103,0.9885898340926468,0.0963030811612779
streak2_bucket8_m-0.75_age8,17,8192,long-code,0.0620155038759689,0.9919029896653544,0.9998359580052494,0.9990413795931758,0.9919029896653544,0.9994669913855944,0.0215108612899958
streak2_bucket8_m-0.75_age8,17,8192,long-text,0.0386706948640483,0.9947955114009186,0.9997949475065616,0.9990670111548556,0.9947955114009186,0.9996262644726208,0.0138528956404065
streak2_bucket8_m-0.75_age8,17,16384,long-code,0.2884638811061031,0.9781234621062992,0.9973548228346456,0.9939868356299212,0.9781234621062992,0.996803698707182,0.0476552173050542
streak2_bucket8_m-0.75_age8,17,16384,long-text,0.2170937064631413,0.9788936905347768,0.9988722112860892,0.9949864665354332,0.9788936905347768,0.9964020158017248,0.0446863153614267
streak2_bucket8_m-0.75_age8,17,32768,long-code,0.4444850589417892,0.954363004429134,0.9952427821522308,0.984369873687664,0.954363004429134,0.9906869867285778,0.0839290634264741
streak2_bucket8_m-0.75_age8,17,32768,long-text,0.4029809885931559,0.9458212864993438,0.992310531496063,0.97972030839895,0.9458212864993438,0.9876322183674424,0.0939464696237652
streak2_bucket8_m-0.75_age8,21,8192,long-code,0.0384800384800384,0.9963077735400262,1.0,0.9998564632545932,0.9963077735400262,0.9998408222588552,0.0118242607037216
streak2_bucket8_m-0.75_age8,21,8192,long-text,0.0310792764355954,0.9984082800196852,0.9999794947506562,0.999748810695538,0.9984082800196852,0.9998806215240262,0.0044298848469297
streak2_bucket8_m-0.75_age8,21,16384,long-code,0.1869864264410493,0.9850427021817584,0.9994668635170604,0.9974983595800524,0.9850427021817584,0.9983380960107728,0.0352320372544666
streak2_bucket8_m-0.75_age8,21,16384,long-text,0.2447790189412336,0.9773788652395012,0.9984826115485564,0.9937356463254592,0.9773788652395012,0.9955255566746236,0.0470486807803214
streak2_bucket8_m-0.75_age8,21,32768,long-code,0.3686456174570279,0.9606504265091864,0.9956528871391076,0.9879736712598424,0.9606504265091864,0.9921439516133688,0.0750257281362126
streak2_bucket8_m-0.75_age8,21,32768,long-text,0.3685557586837295,0.956533997703412,0.997313812335958,0.986558809055118,0.956533997703412,0.9910808382224388,0.0791694001409004
streak2_bucket8_m-0.75_age8,25,8192,long-code,0.1465766634522661,0.9944507668963256,1.0,0.999738558070866,0.9944507668963256,0.9996455541995264,0.018948999348359
streak2_bucket8_m-0.75_age8,25,8192,long-text,0.0468064358849341,0.9953068610564304,0.999876968503937,0.9994309793307088,0.9953068610564304,0.9996130443959418,0.0141843929572536
streak2_bucket8_m-0.75_age8,25,16384,long-code,0.4596469872185027,0.988543973507218,0.999774442257218,0.9987030429790026,0.988543973507218,0.9980419529932192,0.0311535569465294
streak2_bucket8_m-0.75_age8,25,16384,long-text,0.4192394007399769,0.9872623954232284,0.9982160433070866,0.9966115075459318,0.9872623954232284,0.9972850188345098,0.0355428448240937
streak2_bucket8_m-0.75_age8,25,32768,long-code,0.4612016540987594,0.9600378321850394,0.9970882545931758,0.9873943979658792,0.9600378321850394,0.9914620458306308,0.0744532063426316
streak2_bucket8_m-0.75_age8,25,32768,long-text,0.4040132963313104,0.9555369299540682,0.9942995406824148,0.9838111056430446,0.9555369299540682,0.989670990686,0.0812354344670001
streak2_bucket8_m-0.75_recent1024,2,8192,long-code,0.2080924855491329,0.980589218339895,0.9998564632545932,0.9970933809055118,0.980589218339895,0.9989759081496228,0.0461355624302743
streak2_bucket8_m-0.75_recent1024,2,8192,long-text,0.1774990956228144,0.9796434137139108,0.9998974737532808,0.9964115813648294,0.9796434137139108,0.9991132248968694,0.0450026043065069
streak2_bucket8_m-0.75_recent1024,2,16384,long-code,0.5634486945962356,0.9200000512631232,0.9951402559055118,0.9794127296587928,0.9200000512631232,0.990771520239922,0.1622888692076059
streak2_bucket8_m-0.75_recent1024,2,16384,long-text,0.4945543048372376,0.9385662729658792,0.9969652230971128,0.9839187582020996,0.9385662729658792,0.991410589929024,0.1269150851095652
streak2_bucket8_m-0.75_recent1024,2,32768,long-code,0.7446847395674687,0.8635849840059056,0.9793922244094488,0.9482703822178478,0.8635849840059056,0.9714894091636528,0.2346616282278529
streak2_bucket8_m-0.75_recent1024,2,32768,long-text,0.7097678386448114,0.87108734210958,0.976808562992126,0.9465684465223098,0.87108734210958,0.9678233851792428,0.2172351443208838
streak2_bucket8_m-0.75_recent1024,5,8192,long-code,0.3345083262428588,0.9752232509022308,0.9999794947506562,0.9988517060367454,0.9752232509022308,0.999078869650168,0.0780799256037862
streak2_bucket8_m-0.75_recent1024,5,8192,long-text,0.2311860325105358,0.9761395792322834,0.9997949475065616,0.9972164124015748,0.9761395792322834,0.998597281935328,0.0664198293274269
streak2_bucket8_m-0.75_recent1024,5,16384,long-code,0.6025633238170442,0.9427916359087928,0.9975803805774278,0.9894449229002624,0.9427916359087928,0.989867441150152,0.1365194273073993
streak2_bucket8_m-0.75_recent1024,5,16384,long-text,0.5514897748649796,0.9541733308727034,0.997785433070866,0.9921516158136484,0.9541733308727034,0.9913746732941662,0.1094783424364462
streak2_bucket8_m-0.75_recent1024,5,32768,long-code,0.7621135982945029,0.8732647432742782,0.983390748031496,0.9554164616141732,0.8732647432742782,0.9660733185239808,0.2255417423637628
streak2_bucket8_m-0.75_recent1024,5,32768,long-text,0.7206549195045497,0.8679385047572179,0.9817298228346456,0.9513205380577427,0.8679385047572179,0.9633389710748332,0.2341346266811487
streak2_bucket8_m-0.75_recent1024,8,8192,long-code,0.2704660709973436,0.9634711798720472,0.9999179790026248,0.9970523704068242,0.9634711798720472,0.9985301872262458,0.0958893099560751
streak2_bucket8_m-0.75_recent1024,8,8192,long-text,0.1477521263669502,0.9775980150918636,0.9998154527559056,0.9978315698818898,0.9775980150918636,0.9986447043464513,0.057932809626805
streak2_bucket8_m-0.75_recent1024,8,16384,long-code,0.6629295637338533,0.9580847071850394,0.999015748031496,0.9944994668635172,0.9580847071850394,0.9922844892981744,0.1088130085790246
streak2_bucket8_m-0.75_recent1024,8,16384,long-text,0.6334709740102016,0.9483113927165354,0.9976624015748032,0.990603469488189,0.9483113927165354,0.988836332819852,0.1263000070098107
streak2_bucket8_m-0.75_recent1024,8,32768,long-code,0.7429163366034977,0.8319851131889764,0.96067093175853,0.9249507874015748,0.8319851131889764,0.9420133623160089,0.2636407290241584
streak2_bucket8_m-0.75_recent1024,8,32768,long-text,0.7170431711623941,0.8397630105807087,0.96409530839895,0.9281342273622047,0.8397630105807087,0.950322608031733,0.2528237841529066
streak2_bucket8_m-0.75_recent1024,11,8192,long-code,0.1711854103343465,0.9817426386154856,0.9999794947506562,0.998759432414698,0.9817426386154856,0.9988995970545576,0.0507857681386684
streak2_bucket8_m-0.75_recent1024,11,8192,long-text,0.1706873560431567,0.9788719037073492,0.999876968503937,0.9989901164698164,0.9788719037073492,0.998749723097998,0.0637598260741691
streak2_bucket8_m-0.75_recent1024,11,16384,long-code,0.5423398158873377,0.9530596395177166,0.999015748031496,0.994135498687664,0.9530596395177166,0.9919973396598974,0.1150360761945653
streak2_bucket8_m-0.75_recent1024,11,16384,long-text,0.498539435248296,0.9479525508530184,0.9984826115485564,0.992192626312336,0.9479525508530184,0.9902272712411938,0.1170644370443583
streak2_bucket8_m-0.75_recent1024,11,32768,long-code,0.6658959537572254,0.9025206077755904,0.9856668307086616,0.9642132135826772,0.9025206077755904,0.9721828768012843,0.1702707123415477
streak2_bucket8_m-0.75_recent1024,11,32768,long-text,0.6738892270237371,0.8627737450787402,0.9778953412073492,0.943964279855643,0.8627737450787402,0.9606266023262416,0.2228472425108338
streak2_bucket8_m-0.75_recent1024,14,8192,long-code,0.2237492465340567,0.9738096702755904,0.999015748031496,0.99582718175853,0.9738096702755904,0.9972857920103508,0.0653405683878017
streak2_bucket8_m-0.75_recent1024,14,8192,long-text,0.1000120206755619,0.9878480766076116,0.9999384842519684,0.9989439796587928,0.9878480766076116,0.998950949452002,0.03468797493177
streak2_bucket8_m-0.75_recent1024,14,16384,long-code,0.4542862343020081,0.9526136503444882,0.9938074146981628,0.9857334727690288,0.9526136503444882,0.9890701947612046,0.0957683510445142
streak2_bucket8_m-0.75_recent1024,14,16384,long-text,0.3816478033345503,0.9488265871062992,0.997067749343832,0.9866715879265092,0.9488265871062992,0.9889513198787726,0.1003503135830461
streak2_bucket8_m-0.75_recent1024,14,32768,long-code,0.575715069829847,0.8644167281824147,0.9721128608923884,0.936756684711286,0.8644167281824147,0.9590479323067188,0.2073125159234354
streak2_bucket8_m-0.75_recent1024,14,32768,long-text,0.5769453327242272,0.8503565350229659,0.9669045275590552,0.9274473015091864,0.8503565350229659,0.9550900222607848,0.2259273843396891
streak2_bucket8_m-0.75_recent1024,17,8192,long-code,0.1540498254904321,0.9695817441765092,0.9987081692913384,0.9935613517060368,0.9695817441765092,0.997441095665416,0.0651212980293106
streak2_bucket8_m-0.75_recent1024,17,8192,long-text,0.0932717998542628,0.9796024032152232,0.998298064304462,0.9943456774934384,0.9796024032152232,0.9982115439550212,0.0425588899443135
streak2_bucket8_m-0.75_recent1024,17,16384,long-code,0.4303107395965837,0.938732878116798,0.9896038385826772,0.9773211942257218,0.938732878116798,0.9901546297122918,0.1102138200560471
streak2_bucket8_m-0.75_recent1024,17,16384,long-text,0.3622862012295331,0.9376717314632546,0.9925770997375328,0.9781824146981628,0.9376717314632546,0.9867919520039802,0.1077559154537324
streak2_bucket8_m-0.75_recent1024,17,32768,long-code,0.6103967334999085,0.8752691313976378,0.971415682414698,0.939207062007874,0.8752691313976378,0.9674103143380262,0.1857980438761661
streak2_bucket8_m-0.75_recent1024,17,32768,long-text,0.5825443696916193,0.8478305446194225,0.9528174212598424,0.915646530511811,0.8478305446194225,0.9536798347317844,0.216641572640336
streak2_bucket8_m-0.75_recent1024,21,8192,long-code,0.0701412566975158,0.9883619894192912,0.9999384842519684,0.998518495734908,0.9883619894192912,0.9992860722515802,0.027925774634678
streak2_bucket8_m-0.75_recent1024,21,8192,long-text,0.0466075980094671,0.9971728387467192,0.999753937007874,0.9991951689632546,0.9971728387467192,0.9996854947344288,0.0067558843477936
streak2_bucket8_m-0.75_recent1024,21,16384,long-code,0.3076174251642736,0.95921890378937,0.9954478346456692,0.988270997375328,0.95921890378937,0.9937350643245638,0.0778071827688575
streak2_bucket8_m-0.75_recent1024,21,16384,long-text,0.3706187138067662,0.9546577673884514,0.993889435695538,0.9839341371391076,0.9546577673884514,0.9897895700319148,0.0832988837630502
streak2_bucket8_m-0.75_recent1024,21,32768,long-code,0.5009288868585351,0.9029307127624672,0.9839854002624672,0.9579744914698164,0.9029307127624672,0.9763348842327372,0.1516163311777816
streak2_bucket8_m-0.75_recent1024,21,32768,long-text,0.5158778440199538,0.8976224163385826,0.988045439632546,0.9566108923884514,0.8976224163385826,0.9752061688418686,0.1594873999887604
streak2_bucket8_m-0.75_recent1024,25,8192,long-code,0.225434228106401,0.9848350865321522,0.9998154527559056,0.9986364009186351,0.9848350865321522,0.9987540572029904,0.0427777773688453
streak2_bucket8_m-0.75_recent1024,25,8192,long-text,0.09288824383164,0.9882440842355644,0.9998154527559056,0.9982570538057742,0.9882440842355644,0.9989480675934982,0.031018108227543
streak2_bucket8_m-0.75_recent1024,25,16384,long-code,0.5278670628904119,0.9718475742290026,0.9988927165354332,0.993663877952756,0.9718475742290026,0.993742850077195,0.0602485514024889
streak2_bucket8_m-0.75_recent1024,25,16384,long-text,0.5146198830409356,0.9680617925688976,0.9944840879265092,0.9881018290682416,0.9680617925688976,0.9917099917503076,0.073209766317898
streak2_bucket8_m-0.75_recent1024,25,32768,long-code,0.6079464149794489,0.8924358698326772,0.981668307086614,0.9530429790026248,0.8924358698326772,0.9708688569073616,0.1673929347564926
streak2_bucket8_m-0.75_recent1024,25,32768,long-text,0.5615745536530377,0.8819000164041995,0.9799253608923884,0.9440411745406824,0.8819000164041995,0.9677251205895344,0.1820087014510645
streak2_bucket8_m-0.75_recent128,2,8192,long-code,0.2080924855491329,0.980589218339895,0.9998564632545932,0.9970933809055118,0.980589218339895,0.9989759081496228,0.0461355624302743
streak2_bucket8_m-0.75_recent128,2,8192,long-text,0.1774990956228144,0.9796434137139108,0.9998974737532808,0.9964115813648294,0.9796434137139108,0.9991132248968694,0.0450026043065069
streak2_bucket8_m-0.75_recent128,2,16384,long-code,0.5712204007285975,0.917488158218504,0.994996719160105,0.9781824146981628,0.917488158218504,0.9903569246410878,0.1655945250928802
streak2_bucket8_m-0.75_recent128,2,16384,long-text,0.497782098802941,0.9366810716043308,0.9967806758530184,0.9830524114173228,0.9366810716043308,0.9910082933848032,0.1305002651413624
streak2_bucket8_m-0.75_recent128,2,32768,long-code,0.7558288184087174,0.8614575643864829,0.9792076771653544,0.9476757299868768,0.8614575643864829,0.9710047821363242,0.2384954659610297
streak2_bucket8_m-0.75_recent128,2,32768,long-text,0.7215332581736189,0.8687164226541995,0.9766240157480316,0.9457174786745408,0.8687164226541995,0.9672001983766528,0.2208057120565871
streak2_bucket8_m-0.75_recent128,5,8192,long-code,0.3345083262428588,0.9752232509022308,0.9999794947506562,0.9988517060367454,0.9752232509022308,0.999078869650168,0.0780799256037862
streak2_bucket8_m-0.75_recent128,5,8192,long-text,0.2311860325105358,0.9761395792322834,0.9997949475065616,0.9972164124015748,0.9761395792322834,0.998597281935328,0.0664198293274269
streak2_bucket8_m-0.75_recent128,5,16384,long-code,0.6228331609999391,0.9389917568897638,0.9974983595800524,0.9889886811023622,0.9389917568897638,0.9892919698425152,0.1463047858479876
streak2_bucket8_m-0.75_recent128,5,16384,long-text,0.5722279666686941,0.9490572711614174,0.9976624015748032,0.9915159530839897,0.9490572711614174,0.9903973223916812,0.1211822966992377
streak2_bucket8_m-0.75_recent128,5,32768,long-code,0.7812243158503547,0.8687548699967191,0.9830421587926508,0.9545039780183728,0.8687548699967191,0.9649579751692684,0.2340892845281122
streak2_bucket8_m-0.75_recent128,5,32768,long-text,0.7381843634924983,0.8642039862204725,0.9816067913385826,0.9505310859580052,0.8642039862204725,0.9623303284288852,0.2410097816719848
streak2_bucket8_m-0.75_recent128,8,8192,long-code,0.2704660709973436,0.9634711798720472,0.9999179790026248,0.9970523704068242,0.9634711798720472,0.9985301872262458,0.0958893099560751
streak2_bucket8_m-0.75_recent128,8,8192,long-text,0.1477521263669502,0.9775980150918636,0.9998154527559056,0.9978315698818898,0.9775980150918636,0.9986447043464513,0.057932809626805
streak2_bucket8_m-0.75_recent128,8,16384,long-code,0.7043658032348291,0.949955657398294,0.9984826115485564,0.9928026574803148,0.949955657398294,0.990332109081338,0.1277500257049921
streak2_bucket8_m-0.75_recent128,8,16384,long-text,0.6699939135727329,0.942139312664042,0.996698654855643,0.9888092601706036,0.942139312664042,0.9868741893613912,0.1420371055080383
streak2_bucket8_m-0.75_recent128,8,32768,long-code,0.7688330646878136,0.8297615752132546,0.9605068897637796,0.9243868930446194,0.8297615752132546,0.9412308069100082,0.2676161926274703
streak2_bucket8_m-0.75_recent128,8,32768,long-text,0.7407181798799988,0.8366474942585301,0.9629470144356956,0.9264784284776902,0.8366474942585301,0.9490138509075212,0.2581317234941484
streak2_bucket8_m-0.75_recent128,11,8192,long-code,0.1711854103343465,0.9817426386154856,0.9999794947506562,0.998759432414698,0.9817426386154856,0.9988995970545576,0.0507857681386684
streak2_bucket8_m-0.75_recent128,11,8192,long-text,0.1706873560431567,0.9788719037073492,0.999876968503937,0.9989901164698164,0.9788719037073492,0.998749723097998,0.0637598260741691
streak2_bucket8_m-0.75_recent128,11,16384,long-code,0.5466109394875522,0.950914277805118,0.999015748031496,0.9939817093175852,0.950914277805118,0.9916300635987528,0.1202044826166379
streak2_bucket8_m-0.75_recent128,11,16384,long-text,0.498539435248296,0.9475834563648294,0.9984826115485564,0.9921618684383202,0.9475834563648294,0.9901562738449632,0.1179117872428206
streak2_bucket8_m-0.75_recent128,11,32768,long-code,0.6795254031031335,0.8977313504757218,0.985359251968504,0.9626086778215224,0.8977313504757218,0.9706975379908098,0.1784800803827663
streak2_bucket8_m-0.75_recent128,11,32768,long-text,0.6847736625514403,0.8605630228838582,0.9782439304461942,0.9441642060367454,0.8605630228838582,0.9602660932782412,0.2275710734061536
streak2_bucket8_m-0.75_recent128,14,8192,long-code,0.2237492465340567,0.9738096702755904,0.999015748031496,0.99582718175853,0.9738096702755904,0.9972857920103508,0.0653405683878017
streak2_bucket8_m-0.75_recent128,14,8192,long-text,0.1000120206755619,0.9878480766076116,0.9999384842519684,0.9989439796587928,0.9878480766076116,0.998950949452002,0.03468797493177
streak2_bucket8_m-0.75_recent128,14,16384,long-code,0.4637398770017658,0.9505195517552494,0.9937253937007874,0.9852105889107612,0.9505195517552494,0.9886318404274008,0.0997574380558192
streak2_bucket8_m-0.75_recent128,14,16384,long-text,0.3816942551119766,0.9483780347769027,0.9970062335958004,0.9864716617454068,0.9483780347769027,0.9888150968224853,0.1010713108460432
streak2_bucket8_m-0.75_recent128,14,32768,long-code,0.5923219776539714,0.8621137323654856,0.9726049868766404,0.9357621801181102,0.8621137323654856,0.9584277162052446,0.2106605099625744
streak2_bucket8_m-0.75_recent128,14,32768,long-text,0.5850982782264209,0.8467155716863517,0.966309875328084,0.9259299130577427,0.8467155716863517,0.9539046441217898,0.2312797129596695
streak2_bucket8_m-0.75_recent128,17,8192,long-code,0.1540498254904321,0.9695817441765092,0.9987081692913384,0.9935613517060368,0.9695817441765092,0.997441095665416,0.0651212980293106
streak2_bucket8_m-0.75_recent128,17,8192,long-text,0.0932717998542628,0.9796024032152232,0.998298064304462,0.9943456774934384,0.9796024032152232,0.9982115439550212,0.0425588899443135
streak2_bucket8_m-0.75_recent128,17,16384,long-code,0.4341348192114348,0.9346677124343832,0.988517060367454,0.975470595472441,0.9346677124343832,0.989368944226894,0.1166885657531808
streak2_bucket8_m-0.75_recent128,17,16384,long-text,0.3624406284252831,0.937023252952756,0.9925770997375328,0.9780491305774278,0.937023252952756,0.9866837120021372,0.1088466847349854
streak2_bucket8_m-0.75_recent128,17,32768,long-code,0.6304460186677207,0.8708297449146981,0.9706364829396326,0.9370847687007874,0.8708297449146981,0.9662527844673954,0.1931745183589917
streak2_bucket8_m-0.75_recent128,17,32768,long-text,0.6018625601071277,0.8447983308727034,0.9527764107611548,0.9146571522309712,0.8447983308727034,0.952814232255054,0.2215115650900868
streak2_bucket8_m-0.75_recent128,21,8192,long-code,0.0701412566975158,0.9883478920603674,0.9999384842519684,0.998518495734908,0.9883478920603674,0.9992851587181174,0.0279877784925106
streak2_bucket8_m-0.75_recent128,21,8192,long-text,0.0466075980094671,0.9971728387467192,0.999753937007874,0.9991951689632546,0.9971728387467192,0.9996854947344288,0.0067558843477936
streak2_bucket8_m-0.75_recent128,21,16384,long-code,0.3120619247882001,0.9579245099245408,0.9952427821522308,0.9878198818897638,0.9579245099245408,0.993538415459856,0.080322742927808
streak2_bucket8_m-0.75_recent128,21,16384,long-text,0.384956558721672,0.9500376783956692,0.9929461942257218,0.9820989173228346,0.9500376783956692,0.9886052184849056,0.0913001600250095
streak2_bucket8_m-0.75_recent128,21,32768,long-code,0.5146982666707284,0.9002868171751969,0.9832677165354332,0.9567441765091864,0.9002868171751969,0.9755802894141864,0.1559498683318767
streak2_bucket8_m-0.75_recent128,21,32768,long-text,0.5395337512934445,0.8943582369586615,0.9879634186351706,0.9557496719160103,0.8943582369586615,0.9744350990887372,0.1653595861049018
streak2_bucket8_m-0.75_recent128,25,8192,long-code,0.225434228106401,0.9848350865321522,0.9998154527559056,0.9986364009186351,0.9848350865321522,0.9987540572029904,0.0427777773688453
streak2_bucket8_m-0.75_recent128,25,8192,long-text,0.09288824383164,0.9882440842355644,0.9998154527559056,0.9982570538057742,0.9882440842355644,0.9989480675934982,0.031018108227543
streak2_bucket8_m-0.75_recent128,25,16384,long-code,0.5578786955196586,0.9692818549048556,0.9988517060367454,0.9935459727690288,0.9692818549048556,0.993355821140009,0.0673455691879826
streak2_bucket8_m-0.75_recent128,25,16384,long-text,0.5470085470085471,0.9636954560367454,0.9942380249343832,0.986697219488189,0.9636954560367454,0.9906392988578522,0.0816536894739614
streak2_bucket8_m-0.75_recent128,25,32768,long-code,0.6195433789954338,0.8892139825295275,0.9808891076115486,0.951397432742782,0.8892139825295275,0.9698071900171664,0.1722101174914378
streak2_bucket8_m-0.75_recent128,25,32768,long-text,0.5820128349402354,0.8782321399278216,0.978879593175853,0.9421854494750656,0.8782321399278216,0.9664599317799588,0.1876546609644345
streak2_bucket8_m-0.75_recent256,2,8192,long-code,0.2080924855491329,0.980589218339895,0.9998564632545932,0.9970933809055118,0.980589218339895,0.9989759081496228,0.0461355624302743
streak2_bucket8_m-0.75_recent256,2,8192,long-text,0.1774990956228144,0.9796434137139108,0.9998974737532808,0.9964115813648294,0.9796434137139108,0.9991132248968694,0.0450026043065069
streak2_bucket8_m-0.75_recent256,2,16384,long-code,0.5712204007285975,0.917488158218504,0.994996719160105,0.9781824146981628,0.917488158218504,0.9903569246410878,0.1655945250928802
streak2_bucket8_m-0.75_recent256,2,16384,long-text,0.497782098802941,0.9366810716043308,0.9967806758530184,0.9830524114173228,0.9366810716043308,0.9910082933848032,0.1305002651413624
streak2_bucket8_m-0.75_recent256,2,32768,long-code,0.7558288184087174,0.8614575643864829,0.9792076771653544,0.9476757299868768,0.8614575643864829,0.9710047821363242,0.2384954659610297
streak2_bucket8_m-0.75_recent256,2,32768,long-text,0.7215332581736189,0.8687164226541995,0.9766240157480316,0.9457174786745408,0.8687164226541995,0.9672001983766528,0.2208057120565871
streak2_bucket8_m-0.75_recent256,5,8192,long-code,0.3345083262428588,0.9752232509022308,0.9999794947506562,0.9988517060367454,0.9752232509022308,0.999078869650168,0.0780799256037862
streak2_bucket8_m-0.75_recent256,5,8192,long-text,0.2311860325105358,0.9761395792322834,0.9997949475065616,0.9972164124015748,0.9761395792322834,0.998597281935328,0.0664198293274269
streak2_bucket8_m-0.75_recent256,5,16384,long-code,0.6227195329603503,0.9391429831036744,0.9974983595800524,0.98902969160105,0.9391429831036744,0.989313420011938,0.1458920733149579
streak2_bucket8_m-0.75_recent256,5,16384,long-text,0.5722279666686941,0.9490572711614174,0.9976624015748032,0.9915159530839897,0.9490572711614174,0.9903973223916812,0.1211822966992377
streak2_bucket8_m-0.75_recent256,5,32768,long-code,0.7807964951778271,0.8702466268864829,0.9834317585301836,0.9551293881233596,0.8702466268864829,0.9654358349360028,0.2317119626130841
streak2_bucket8_m-0.75_recent256,5,32768,long-text,0.7381843634924983,0.8642039862204725,0.9816067913385826,0.9505310859580052,0.8642039862204725,0.9623303284288852,0.2410097816719848
streak2_bucket8_m-0.75_recent256,8,8192,long-code,0.2704660709973436,0.9634711798720472,0.9999179790026248,0.9970523704068242,0.9634711798720472,0.9985301872262458,0.0958893099560751
streak2_bucket8_m-0.75_recent256,8,8192,long-text,0.1477521263669502,0.9775980150918636,0.9998154527559056,0.9978315698818898,0.9775980150918636,0.9986447043464513,0.057932809626805
streak2_bucket8_m-0.75_recent256,8,16384,long-code,0.7043658032348291,0.9510655040190288,0.9985646325459318,0.9932947834645668,0.9510655040190288,0.990725138445718,0.1259278188384573
streak2_bucket8_m-0.75_recent256,8,16384,long-text,0.6699939135727329,0.9424584256069554,0.996698654855643,0.9888092601706036,0.9424584256069554,0.9869148204593232,0.1406710348014354
streak2_bucket8_m-0.75_recent256,8,32768,long-code,0.766151877912821,0.8302190985892388,0.960219816272966,0.924192093175853,0.8302190985892388,0.9412469985622268,0.2665963069829942
streak2_bucket8_m-0.75_recent256,8,32768,long-text,0.7388589356970972,0.8375574146981627,0.963254593175853,0.9270782070209974,0.8375574146981627,0.9493770753407442,0.2567448680310663
streak2_bucket8_m-0.75_recent256,11,8192,long-code,0.1711854103343465,0.9817426386154856,0.9999794947506562,0.998759432414698,0.9817426386154856,0.9988995970545576,0.0507857681386684
streak2_bucket8_m-0.75_recent256,11,8192,long-text,0.1706873560431567,0.9788719037073492,0.999876968503937,0.9989901164698164,0.9788719037073492,0.998749723097998,0.0637598260741691
streak2_bucket8_m-0.75_recent256,11,16384,long-code,0.5466109394875522,0.950914277805118,0.999015748031496,0.9939817093175852,0.950914277805118,0.9916300635987528,0.1202044826166379
streak2_bucket8_m-0.75_recent256,11,16384,long-text,0.498539435248296,0.9475834563648294,0.9984826115485564,0.9921618684383202,0.9475834563648294,0.9901562738449632,0.1179117872428206
streak2_bucket8_m-0.75_recent256,11,32768,long-code,0.6795254031031335,0.8979389661253281,0.985359251968504,0.9627060777559056,0.8979389661253281,0.970774236185,0.1781369611086915
streak2_bucket8_m-0.75_recent256,11,32768,long-text,0.6847736625514403,0.8605630228838582,0.9782439304461942,0.9441642060367454,0.8605630228838582,0.9602660932782412,0.2275710734061536
streak2_bucket8_m-0.75_recent256,14,8192,long-code,0.2237492465340567,0.9738096702755904,0.999015748031496,0.99582718175853,0.9738096702755904,0.9972857920103508,0.0653405683878017
streak2_bucket8_m-0.75_recent256,14,8192,long-text,0.1000120206755619,0.9878480766076116,0.9999384842519684,0.9989439796587928,0.9878480766076116,0.998950949452002,0.03468797493177
streak2_bucket8_m-0.75_recent256,14,16384,long-code,0.4637398770017658,0.9505195517552494,0.9937253937007874,0.9852105889107612,0.9505195517552494,0.9886318404274008,0.0997574380558192
streak2_bucket8_m-0.75_recent256,14,16384,long-text,0.3816942551119766,0.9483780347769027,0.9970062335958004,0.9864716617454068,0.9483780347769027,0.9888150968224853,0.1010713108460432
streak2_bucket8_m-0.75_recent256,14,32768,long-code,0.5930622447113333,0.8619573798392388,0.9723589238845144,0.9356391486220472,0.8619573798392388,0.9583364573729268,0.2107495459932181
streak2_bucket8_m-0.75_recent256,14,32768,long-text,0.5850982782264209,0.8467155716863517,0.966309875328084,0.9259299130577427,0.8467155716863517,0.9539046441217898,0.2312797129596695
streak2_bucket8_m-0.75_recent256,17,8192,long-code,0.1540498254904321,0.9695817441765092,0.9987081692913384,0.9935613517060368,0.9695817441765092,0.997441095665416,0.0651212980293106
streak2_bucket8_m-0.75_recent256,17,8192,long-text,0.0932717998542628,0.9796024032152232,0.998298064304462,0.9943456774934384,0.9796024032152232,0.9982115439550212,0.0425588899443135
streak2_bucket8_m-0.75_recent256,17,16384,long-code,0.4341348192114348,0.9346677124343832,0.988517060367454,0.975470595472441,0.9346677124343832,0.989368944226894,0.1166885657531808
streak2_bucket8_m-0.75_recent256,17,16384,long-text,0.3624406284252831,0.937023252952756,0.9925770997375328,0.9780491305774278,0.937023252952756,0.9866837120021372,0.1088466847349854
streak2_bucket8_m-0.75_recent256,17,32768,long-code,0.6304651869869261,0.8709271448490814,0.9706569881889764,0.9371411581364828,0.8709271448490814,0.9662803209542664,0.1929753715497482
streak2_bucket8_m-0.75_recent256,17,32768,long-text,0.6018259281801582,0.8455659961450132,0.9531455052493438,0.9151749097769027,0.8455659961450132,0.953141705474112,0.2205207313420979
streak2_bucket8_m-0.75_recent256,21,8192,long-code,0.0701412566975158,0.9883478920603674,0.9999384842519684,0.998518495734908,0.9883478920603674,0.9992851587181174,0.0279877784925106
streak2_bucket8_m-0.75_recent256,21,8192,long-text,0.0466075980094671,0.9971728387467192,0.999753937007874,0.9991951689632546,0.9971728387467192,0.9996854947344288,0.0067558843477936
streak2_bucket8_m-0.75_recent256,21,16384,long-code,0.3120619247882001,0.9579245099245408,0.9952427821522308,0.9878198818897638,0.9579245099245408,0.993538415459856,0.080322742927808
streak2_bucket8_m-0.75_recent256,21,16384,long-text,0.3819034281191013,0.950668214812992,0.9929461942257218,0.9822885908792652,0.950668214812992,0.988745802390426,0.0899850532648342
streak2_bucket8_m-0.75_recent256,21,32768,long-code,0.5144631873820109,0.900640532726378,0.9833497375328084,0.9568723343175852,0.900640532726378,0.9756634729055332,0.1553063423680153
streak2_bucket8_m-0.75_recent256,21,32768,long-text,0.5361603606896972,0.8950656680610236,0.9879429133858268,0.9557291666666666,0.8950656680610236,0.9745316841896592,0.1639437601898344
streak2_bucket8_m-0.75_recent256,25,8192,long-code,0.225434228106401,0.9848350865321522,0.9998154527559056,0.9986364009186351,0.9848350865321522,0.9987540572029904,0.0427777773688453
streak2_bucket8_m-0.75_recent256,25,8192,long-text,0.09288824383164,0.9882440842355644,0.9998154527559056,0.9982570538057742,0.9882440842355644,0.9989480675934982,0.031018108227543
streak2_bucket8_m-0.75_recent256,25,16384,long-code,0.5544314533228327,0.96973937828084,0.9988722112860892,0.9935613517060368,0.96973937828084,0.9934260682861722,0.0659970231646504
streak2_bucket8_m-0.75_recent256,25,16384,long-text,0.5438213158533625,0.9642529425032808,0.9942790354330708,0.9868510088582676,0.9642529425032808,0.9907646329754076,0.0804622717476388
streak2_bucket8_m-0.75_recent256,25,32768,long-code,0.6184046087725181,0.8898099163385826,0.980971128608924,0.951658874671916,0.8898099163385826,0.9699859929740624,0.1712817803340968
streak2_bucket8_m-0.75_recent256,25,32768,long-text,0.5793355684242609,0.8790177472933071,0.9789206036745408,0.9424571440288714,0.8790177472933071,0.9666564858897262,0.1862830520593518
streak2_bucket8_m-0.75_recent512,2,8192,long-code,0.2080924855491329,0.980589218339895,0.9998564632545932,0.9970933809055118,0.980589218339895,0.9989759081496228,0.0461355624302743
streak2_bucket8_m-0.75_recent512,2,8192,long-text,0.1774990956228144,0.9796434137139108,0.9998974737532808,0.9964115813648294,0.9796434137139108,0.9991132248968694,0.0450026043065069
streak2_bucket8_m-0.75_recent512,2,16384,long-code,0.5712204007285975,0.917488158218504,0.994996719160105,0.9781824146981628,0.917488158218504,0.9903569246410878,0.1655945250928802
streak2_bucket8_m-0.75_recent512,2,16384,long-text,0.497782098802941,0.9366810716043308,0.9967806758530184,0.9830524114173228,0.9366810716043308,0.9910082933848032,0.1305002651413624
streak2_bucket8_m-0.75_recent512,2,32768,long-code,0.7553919630091565,0.8622521427985564,0.979371719160105,0.948126845472441,0.8622521427985564,0.9712481596083076,0.2375283009133575
streak2_bucket8_m-0.75_recent512,2,32768,long-text,0.7215332581736189,0.8687164226541995,0.9766240157480316,0.9457174786745408,0.8687164226541995,0.9672001983766528,0.2208057120565871
streak2_bucket8_m-0.75_recent512,5,8192,long-code,0.3345083262428588,0.9752232509022308,0.9999794947506562,0.9988517060367454,0.9752232509022308,0.999078869650168,0.0780799256037862
streak2_bucket8_m-0.75_recent512,5,8192,long-text,0.2311860325105358,0.9761395792322834,0.9997949475065616,0.9972164124015748,0.9761395792322834,0.998597281935328,0.0664198293274269
streak2_bucket8_m-0.75_recent512,5,16384,long-code,0.6202230755165479,0.9402515481463256,0.9975393700787402,0.989137344160105,0.9402515481463256,0.9894985163790476,0.1437417146655365
streak2_bucket8_m-0.75_recent512,5,16384,long-text,0.5683352594124444,0.9503734518536744,0.9977444225721784,0.9917312582020996,0.9503734518536744,0.990658646372454,0.1181825609745693
streak2_bucket8_m-0.75_recent512,5,32768,long-code,0.7756394640682095,0.8718819205216536,0.9834522637795275,0.955329314304462,0.8718819205216536,0.9658192738142596,0.2287441664309472
streak2_bucket8_m-0.75_recent512,5,32768,long-text,0.7362366474938373,0.8653240854658792,0.981668307086614,0.9508591699475064,0.8653240854658792,0.9626560566716792,0.2391007341890048
streak2_bucket8_m-0.75_recent512,8,8192,long-code,0.2704660709973436,0.9634711798720472,0.9999179790026248,0.9970523704068242,0.9634711798720472,0.9985301872262458,0.0958893099560751
streak2_bucket8_m-0.75_recent512,8,8192,long-text,0.1477521263669502,0.9775980150918636,0.9998154527559056,0.9978315698818898,0.9775980150918636,0.9986447043464513,0.057932809626805
streak2_bucket8_m-0.75_recent512,8,16384,long-code,0.6914299587278465,0.95436172285105,0.9987081692913384,0.9937510252624672,0.95436172285105,0.9914005863504602,0.1183504253615923
streak2_bucket8_m-0.75_recent512,8,16384,long-text,0.6608759035412743,0.943964279855643,0.9970267388451444,0.9892962598425196,0.943964279855643,0.9874536620602248,0.1370398715375555
streak2_bucket8_m-0.75_recent512,8,32768,long-code,0.7583769952479591,0.8317185449475065,0.9606504265091864,0.9249302821522308,0.8317185449475065,0.9419208565945766,0.264261390190779
streak2_bucket8_m-0.75_recent512,8,32768,long-text,0.7326310661876636,0.839105561023622,0.9639927821522308,0.9279086696194224,0.839105561023622,0.9500670288299876,0.2541515907217235
streak2_bucket8_m-0.75_recent512,11,8192,long-code,0.1711854103343465,0.9817426386154856,0.9999794947506562,0.998759432414698,0.9817426386154856,0.9988995970545576,0.0507857681386684
streak2_bucket8_m-0.75_recent512,11,8192,long-text,0.1706873560431567,0.9788719037073492,0.999876968503937,0.9989901164698164,0.9788719037073492,0.998749723097998,0.0637598260741691
streak2_bucket8_m-0.75_recent512,11,16384,long-code,0.5466109394875522,0.9510270566765092,0.999015748031496,0.9940073408792652,0.9510270566765092,0.9916567498947196,0.1200349941291672
streak2_bucket8_m-0.75_recent512,11,16384,long-text,0.498539435248296,0.9475834563648294,0.9984826115485564,0.9921618684383202,0.9475834563648294,0.9901562738449632,0.1179117872428206
streak2_bucket8_m-0.75_recent512,11,32768,long-code,0.6771045511202991,0.89940765460958,0.9854412729658792,0.9631008038057742,0.89940765460958,0.9712060477366375,0.1753631290359864
streak2_bucket8_m-0.75_recent512,11,32768,long-text,0.6828793774319066,0.8619125246062992,0.9783259514435696,0.9445538057742782,0.8619125246062992,0.9606686201261464,0.2252668138734818
streak2_bucket8_m-0.75_recent512,14,8192,long-code,0.2237492465340567,0.9738096702755904,0.999015748031496,0.99582718175853,0.9738096702755904,0.9972857920103508,0.0653405683878017
streak2_bucket8_m-0.75_recent512,14,8192,long-text,0.1000120206755619,0.9878480766076116,0.9999384842519684,0.9989439796587928,0.9878480766076116,0.998950949452002,0.03468797493177
streak2_bucket8_m-0.75_recent512,14,16384,long-code,0.4606563376845187,0.950938627788714,0.9937253937007874,0.985359251968504,0.950938627788714,0.988737617963542,0.0990641702137081
streak2_bucket8_m-0.75_recent512,14,16384,long-text,0.3816942551119766,0.9483780347769027,0.9970062335958004,0.9864716617454068,0.9483780347769027,0.9888150968224853,0.1010713108460432
streak2_bucket8_m-0.75_recent512,14,32768,long-code,0.5875486381322957,0.8638412996227034,0.9727485236220472,0.936782316272966,0.8638412996227034,0.959021184482882,0.2081943064758907
streak2_bucket8_m-0.75_recent512,14,32768,long-text,0.583906088437443,0.8474819553805775,0.9662893700787402,0.9260631971784776,0.8474819553805775,0.9540982297201508,0.2300017734639029
streak2_bucket8_m-0.75_recent512,17,8192,long-code,0.1540498254904321,0.9695817441765092,0.9987081692913384,0.9935613517060368,0.9695817441765092,0.997441095665416,0.0651212980293106
streak2_bucket8_m-0.75_recent512,17,8192,long-text,0.0932717998542628,0.9796024032152232,0.998298064304462,0.9943456774934384,0.9796024032152232,0.9982115439550212,0.0425588899443135
streak2_bucket8_m-0.75_recent512,17,16384,long-code,0.4329331464440246,0.935776277477034,0.9892142388451444,0.9763728264435696,0.935776277477034,0.9896695014380564,0.1152452633137575
streak2_bucket8_m-0.75_recent512,17,16384,long-text,0.3624406284252831,0.9370591371391076,0.9925770997375328,0.9780542568897638,0.9370591371391076,0.986690179795943,0.1087744456542147
streak2_bucket8_m-0.75_recent512,17,32768,long-code,0.6237436803313638,0.8724496596128609,0.970718503937008,0.937725557742782,0.8724496596128609,0.9666661516888996,0.1903985083590788
streak2_bucket8_m-0.75_recent512,17,32768,long-text,0.594089539519737,0.8470769767060368,0.953371062992126,0.9158720882545932,0.8470769767060368,0.9536217641458186,0.2182673400162207
streak2_bucket8_m-0.75_recent512,21,8192,long-code,0.0701412566975158,0.9883581446850394,0.9999384842519684,0.998518495734908,0.9883581446850394,0.9992859212362292,0.0279429443096458
streak2_bucket8_m-0.75_recent512,21,8192,long-text,0.0466075980094671,0.9971728387467192,0.999753937007874,0.9991951689632546,0.9971728387467192,0.9996854947344288,0.0067558843477936
streak2_bucket8_m-0.75_recent512,21,16384,long-code,0.3120619247882001,0.9579501414862204,0.9952427821522308,0.9878250082020996,0.9579501414862204,0.9935418382256792,0.0802361807586813
streak2_bucket8_m-0.75_recent512,21,16384,long-text,0.3818336783148667,0.9510655040190288,0.9929872047244096,0.9824731381233596,0.9510655040190288,0.9888737837991792,0.0892718343965712
streak2_bucket8_m-0.75_recent512,21,32768,long-code,0.5105657389927531,0.9017567872375328,0.9837393372703412,0.957395218175853,0.9017567872375328,0.9759898096506042,0.1535154298299549
streak2_bucket8_m-0.75_recent512,21,32768,long-text,0.529778751635777,0.8960127542650919,0.9879839238845144,0.95606750328084,0.8960127542650919,0.9747772515737604,0.1622442602608507
streak2_bucket8_m-0.75_recent512,25,8192,long-code,0.225434228106401,0.9848350865321522,0.9998154527559056,0.9986364009186351,0.9848350865321522,0.9987540572029904,0.0427777773688453
streak2_bucket8_m-0.75_recent512,25,8192,long-text,0.09288824383164,0.9882440842355644,0.9998154527559056,0.9982570538057742,0.9882440842355644,0.9989480675934982,0.031018108227543
streak2_bucket8_m-0.75_recent512,25,16384,long-code,0.5486381322957199,0.9704134883530184,0.9988722112860892,0.9935613517060368,0.9704134883530184,0.9935296935496896,0.0641536056498603
streak2_bucket8_m-0.75_recent512,25,16384,long-text,0.5359548516293464,0.9657664862204725,0.9944225721784776,0.9874712926509186,0.9657664862204725,0.9911625957462442,0.0776565959640002
streak2_bucket8_m-0.75_recent512,25,32768,long-code,0.6144842721287491,0.8915669598917323,0.9816478018372704,0.9526892634514436,0.8915669598917323,0.9706139935924104,0.1685891840508705
streak2_bucket8_m-0.75_recent512,25,32768,long-text,0.5752239351654378,0.8808939776082677,0.9800483923884514,0.9436977116141732,0.8808939776082677,0.967475899212177,0.1836806184533505
streak2_bucket8_m-0.75_refresh16,2,8192,long-code,0.131115931549771,0.9935062438484252,1.0,0.999523252952756,0.9935062438484252,0.9996930419900792,0.0190975688290287
streak2_bucket8_m-0.75_refresh16,2,8192,long-text,0.0856968959220937,0.9950197875656168,0.9999794947506562,0.9994668635170604,0.9950197875656168,0.9998246220841756,0.0138363897465076
streak2_bucket8_m-0.75_refresh16,2,16384,long-code,0.3916388973038472,0.9734879941765092,0.9998154527559056,0.9977290436351706,0.9734879941765092,0.998089306695012,0.0695875445190261
streak2_bucket8_m-0.75_refresh16,2,16384,long-text,0.3620878452366468,0.9784912750164042,0.9996514107611548,0.997554749015748,0.9784912750164042,0.9978180063726632,0.0565740910041176
streak2_bucket8_m-0.75_refresh16,2,32768,long-code,0.6382293028488036,0.945919968011811,0.997785433070866,0.9894346702755904,0.945919968011811,0.9921572150087384,0.1157698523140063
streak2_bucket8_m-0.75_refresh16,2,32768,long-text,0.6029635953411794,0.9492815473261156,0.9980109908136484,0.9903881643700788,0.9492815473261156,0.9916089859306516,0.1079308589996992
streak2_bucket8_m-0.75_refresh16,5,8192,long-code,0.2402518769677888,0.9903343380905512,1.0,0.9997026738845144,0.9903343380905512,0.999659878333314,0.0372645990184987
streak2_bucket8_m-0.75_refresh16,5,8192,long-text,0.1399586927469323,0.9908264640748032,0.9999794947506562,0.9994309793307088,0.9908264640748032,0.9995904331421486,0.0308224130339612
streak2_bucket8_m-0.75_refresh16,5,16384,long-code,0.5439203545195168,0.980940370734908,0.999753937007874,0.9984979904855644,0.980940370734908,0.9976657984230172,0.0594842544154523
streak2_bucket8_m-0.75_refresh16,5,16384,long-text,0.4827837936488623,0.9789821194225722,0.9994668635170604,0.9971190124671916,0.9789821194225722,0.9965515283430542,0.0576711290354361
streak2_bucket8_m-0.75_refresh16,5,32768,long-code,0.6818458541336905,0.951925442913386,0.9976213910761156,0.9909264271653544,0.951925442913386,0.9908946744134784,0.1077371345245092
streak2_bucket8_m-0.75_refresh16,5,32768,long-text,0.6421795183653612,0.9380216022801836,0.9948326771653544,0.98341125328084,0.9380216022801836,0.9860759875584711,0.1268825807968831
streak2_bucket8_m-0.75_refresh16,8,8192,long-code,0.1632851415380877,0.9896512569717848,1.0,0.9996206528871392,0.9896512569717848,0.9996621684624846,0.033858287409105
streak2_bucket8_m-0.75_refresh16,8,8192,long-text,0.0774443368828654,0.9932896571522308,0.9999589895013123,0.9995488845144356,0.9932896571522308,0.9996542061185416,0.0209740104988265
streak2_bucket8_m-0.75_refresh16,8,16384,long-code,0.6359036879000305,0.9812287258038058,0.9996924212598424,0.9981135170603674,0.9812287258038058,0.9969271282038724,0.0564929101104709
streak2_bucket8_m-0.75_refresh16,8,16384,long-text,0.6035531759552202,0.977533936187664,0.9988722112860892,0.996314181430446,0.977533936187664,0.99546523313041,0.0653238134806207
streak2_bucket8_m-0.75_refresh16,8,32768,long-code,0.6480372183537568,0.941519028871391,0.9938279199475064,0.9832318323490814,0.941519028871391,0.9851360561497956,0.1133705772757563
streak2_bucket8_m-0.75_refresh16,8,32768,long-text,0.626685376121042,0.9357532090715224,0.9931307414698164,0.9806225393700788,0.9357532090715224,0.9845219793680756,0.122895681734352
streak2_bucket8_m-0.75_refresh16,11,8192,long-code,0.1159560333373596,0.9935254675196852,0.9999794947506562,0.99973343175853,0.9935254675196852,0.9996871357880605,0.0228847364444837
streak2_bucket8_m-0.75_refresh16,11,8192,long-text,0.108147254073627,0.9934485728346456,1.0,0.9998359580052494,0.9934485728346456,0.9996548768492396,0.0245672093906239
streak2_bucket8_m-0.75_refresh16,11,16384,long-code,0.4476885644768856,0.9812441047408136,0.9999384842519684,0.9990567585301836,0.9812441047408136,0.9976073234428982,0.0570111611998794
streak2_bucket8_m-0.75_refresh16,11,16384,long-text,0.3971286044530965,0.9800676160597112,0.99973343175853,0.9981032644356956,0.9800676160597112,0.9970024334565438,0.0547118670314707
streak2_bucket8_m-0.75_refresh16,11,32768,long-code,0.5947592931139549,0.9578155757874016,0.9978469488188976,0.9911519849081364,0.9578155757874016,0.9910713929856676,0.0920516833357931
streak2_bucket8_m-0.75_refresh16,11,32768,long-text,0.5584403697714861,0.9530622026738844,0.9981135170603674,0.990731627296588,0.9530622026738844,0.9908260885155772,0.0998717165432469
streak2_bucket8_m-0.75_refresh16,14,8192,long-code,0.1315439487365494,0.991199403297244,0.9999179790026248,0.9994002214566928,0.991199403297244,0.9993414598913326,0.0284903300845883
streak2_bucket8_m-0.75_refresh16,14,8192,long-text,0.0539694012769546,0.9959284264271654,1.0,0.9999026000656168,0.9959284264271654,0.9997300761248892,0.0144753849358934
streak2_bucket8_m-0.75_refresh16,14,16384,long-code,0.3592215240070771,0.9812658915682416,0.9989132217847768,0.99657562335958,0.9812658915682416,0.9966678391119894,0.0467398579308353
streak2_bucket8_m-0.75_refresh16,14,16384,long-text,0.291350531107739,0.9799996924212598,0.999630905511811,0.9970933809055118,0.9799996924212598,0.9967761757125322,0.0478974103679538
streak2_bucket8_m-0.75_refresh16,14,32768,long-code,0.4749969582674291,0.9459391916830708,0.9937253937007874,0.9816170439632546,0.9459391916830708,0.9870957683390096,0.0992520938925612
streak2_bucket8_m-0.75_refresh16,14,32768,long-text,0.4471564559433731,0.940928221374672,0.9920234580052494,0.9800432660761156,0.940928221374672,0.9864160823880131,0.1079631883523182
streak2_bucket8_m-0.75_refresh16,17,8192,long-code,0.0545808966861598,0.9917645792322834,0.9998359580052494,0.9990618848425196,0.9917645792322834,0.9994846230582356,0.0218615761442214
streak2_bucket8_m-0.75_refresh16,17,8192,long-text,0.0386520111124532,0.9945225352690288,0.9997949475065616,0.9991028953412072,0.9945225352690288,0.999607599956351,0.0145238690814317
streak2_bucket8_m-0.75_refresh16,17,16384,long-code,0.3260157671315948,0.976083189796588,0.9975188648293964,0.99387405675853,0.976083189796588,0.9965823430667532,0.0516843183085546
streak2_bucket8_m-0.75_refresh16,17,16384,long-text,0.2488456865127581,0.9776492782152232,0.9989952427821522,0.9947147719816272,0.9776492782152232,0.9962126365774432,0.0465253171403778
streak2_bucket8_m-0.75_refresh16,17,32768,long-code,0.5068689268634439,0.9495506787237532,0.9945661089238844,0.9825090223097112,0.9495506787237532,0.9894483162527906,0.0911104543883507
streak2_bucket8_m-0.75_refresh16,17,32768,long-text,0.4508141733243885,0.9409987081692912,0.990731627296588,0.977064878608924,0.9409987081692912,0.9861392227104252,0.0994179153776829
streak2_bucket8_m-0.75_refresh16,21,8192,long-code,0.0312309381481029,0.995729781824147,1.0,0.999743684383202,0.995729781824147,0.999800374672376,0.0132023698102298
streak2_bucket8_m-0.75_refresh16,21,8192,long-text,0.0385821075476248,0.998286530101706,0.9999794947506562,0.99975906332021,0.998286530101706,0.9998676046678112,0.004732147431322
streak2_bucket8_m-0.75_refresh16,21,16384,long-code,0.2224932910465967,0.9817144438976378,0.9989747375328084,0.9965499917979004,0.9817144438976378,0.9977494076927272,0.040611174756004
streak2_bucket8_m-0.75_refresh16,21,16384,long-text,0.2878152537222729,0.9746837065288714,0.998031496062992,0.99291031003937,0.9746837065288714,0.994985837595776,0.0519181914641867
streak2_bucket8_m-0.75_refresh16,21,32768,long-code,0.4147372904560528,0.9566941949639108,0.9955503608923884,0.9868510088582676,0.9566941949639108,0.9912553337723384,0.0807709825199842
streak2_bucket8_m-0.75_refresh16,21,32768,long-text,0.4164690141701636,0.9514832984744096,0.9968832020997376,0.9853233677821522,0.9514832984744096,0.9900041458893668,0.0874916776846835
streak2_bucket8_m-0.75_refresh16,25,8192,long-code,0.1632058287795993,0.9941649749835958,0.9999794947506562,0.9997846948818898,0.9941649749835958,0.9996362294211846,0.0199336308295857
streak2_bucket8_m-0.75_refresh16,25,8192,long-text,0.054342552159146,0.994513564222441,0.999876968503937,0.9993284530839897,0.994513564222441,0.9995388148239682,0.0158564662568313
streak2_bucket8_m-0.75_refresh16,25,16384,long-code,0.4978123480797277,0.9880787606627296,0.999774442257218,0.9986107693569554,0.9880787606627296,0.9979478747834674,0.032006397223093
streak2_bucket8_m-0.75_refresh16,25,16384,long-text,0.4546172059984215,0.9857104043635172,0.998052001312336,0.996104002624672,0.9857104043635172,0.9969054132064634,0.0387689923445293
streak2_bucket8_m-0.75_refresh16,25,32768,long-code,0.5018459191456903,0.9546962147309712,0.9958989501312336,0.985354125656168,0.9546962147309712,0.99001724314436,0.0832848330916414
streak2_bucket8_m-0.75_refresh16,25,32768,long-text,0.447183743211082,0.948720216125328,0.9940329724409448,0.98143249671916,0.948720216125328,0.9880158807312936,0.0912841020780577
streak2_bucket8_m-0.75_refresh2,2,8192,long-code,0.0,0.9988542691929134,1.0,0.9999538631889764,0.9988542691929134,0.9999632526257074,0.0051417272184794
streak2_bucket8_m-0.75_refresh2,2,8192,long-text,0.0,0.9991695374015748,1.0,0.999989747375328,0.9991695374015748,0.9999817230120908,0.0037875232445101
streak2_bucket8_m-0.75_refresh2,2,16384,long-code,0.0,0.9949749323326772,1.0,0.9998257053805776,0.9949749323326772,0.9997036523508844,0.0195415991686388
streak2_bucket8_m-0.75_refresh2,2,16384,long-text,0.0,0.9956938976377953,0.9999794947506562,0.9998359580052494,0.9956938976377953,0.999672864951257,0.0173662442787713
streak2_bucket8_m-0.75_refresh2,2,32768,long-code,0.0,0.9886926365649606,0.9999384842519684,0.998800442913386,0.9886926365649606,0.9987438810058228,0.0347130814873077
streak2_bucket8_m-0.75_refresh2,2,32768,long-text,0.0,0.989507720226378,0.9999384842519684,0.9990772637795275,0.989507720226378,0.9986769288596372,0.0339883416037483
streak2_bucket8_m-0.75_refresh2,5,8192,long-code,0.0,0.9978559198654856,1.0,0.9999794947506562,0.9978559198654856,0.9999409727810802,0.0113412581633777
streak2_bucket8_m-0.75_refresh2,5,8192,long-text,0.0,0.998167343339895,1.0,0.9999077263779528,0.998167343339895,0.9999480957758836,0.0084018866140977
streak2_bucket8_m-0.75_refresh2,5,16384,long-code,0.0,0.99610656578084,1.0,0.9999026000656168,0.99610656578084,0.99965686547705,0.0165915208421121
streak2_bucket8_m-0.75_refresh2,5,16384,long-text,0.0,0.9956246924212598,0.9998154527559056,0.9994924950787402,0.9956246924212598,0.9993897375670808,0.0162425107597721
streak2_bucket8_m-0.75_refresh2,5,32768,long-code,0.0,0.9912827058727034,0.9999589895013123,0.999266937335958,0.9912827058727034,0.9988502907612364,0.0280914794098241
streak2_bucket8_m-0.75_refresh2,5,32768,long-text,0.0,0.9883299499671916,0.999261811023622,0.9973702017716536,0.9883299499671916,0.997763665795962,0.0323306502392259
streak2_bucket8_m-0.75_refresh2,8,8192,long-code,0.0,0.9981775959645668,1.0,0.9999538631889764,0.9981775959645668,0.9999557839928443,0.0081120323609465
streak2_bucket8_m-0.75_refresh2,8,8192,long-text,0.0,0.9987030429790026,1.0,0.9999333579396326,0.9987030429790026,0.9999648972343954,0.0053308549904717
streak2_bucket8_m-0.75_refresh2,8,16384,long-code,0.0,0.9962834235564304,1.0,0.999887221128609,0.9962834235564304,0.9995503295536168,0.0156060710465096
streak2_bucket8_m-0.75_refresh2,8,16384,long-text,0.0,0.9954093873031497,0.9999384842519684,0.9994412319553806,0.9954093873031497,0.9991967582586848,0.0174874522967394
streak2_bucket8_m-0.75_refresh2,8,32768,long-code,0.0,0.9892168020013123,0.9993233267716536,0.9976316437007874,0.9892168020013123,0.9976939566235838,0.0284476227762523
streak2_bucket8_m-0.75_refresh2,8,32768,long-text,0.0,0.9878365424048556,0.9994873687664042,0.9975855068897638,0.9878365424048556,0.9976169515114875,0.0319246570665058
streak2_bucket8_m-0.75_refresh2,11,8192,long-code,0.0,0.9985736035925196,1.0,0.999989747375328,0.9985736035925196,0.9999632129625312,0.0070003651544751
streak2_bucket8_m-0.75_refresh2,11,8192,long-text,0.0,0.9987517429461942,1.0,0.9999743684383202,0.9987517429461942,0.9999562842528164,0.0067848084057365
streak2_bucket8_m-0.75_refresh2,11,16384,long-code,0.0,0.996584594406168,1.0,0.9999538631889764,0.996584594406168,0.9996986709670264,0.0158224312751072
streak2_bucket8_m-0.75_refresh2,11,16384,long-text,0.0,0.9961732078412072,0.9999794947506562,0.9997898211942258,0.9961732078412072,0.9995483877992318,0.0156736053989867
streak2_bucket8_m-0.75_refresh2,11,32768,long-code,0.0,0.9923143762303148,0.9998974737532808,0.9991695374015748,0.9923143762303148,0.9988086932256844,0.0259146657808402
streak2_bucket8_m-0.75_refresh2,11,32768,long-text,0.0,0.9908854166666666,0.999876968503937,0.999031126968504,0.9908854166666666,0.9986792889526476,0.0287112638723082
streak2_bucket8_m-0.75_refresh2,14,8192,long-code,0.0,0.9981993827919948,1.0,0.9999692421259844,0.9981993827919948,0.9999023485979288,0.0080714996238055
streak2_bucket8_m-0.75_refresh2,14,8192,long-text,0.0,0.9990567585301836,1.0,0.9999743684383202,0.9990567585301836,0.9999640146593411,0.0043058926959825
streak2_bucket8_m-0.75_refresh2,14,16384,long-code,0.0,0.9964359313484252,0.9999589895013123,0.999774442257218,0.9964359313484252,0.9995738498796822,0.0131808111824668
streak2_bucket8_m-0.75_refresh2,14,16384,long-text,0.0,0.9965243602362204,1.0,0.9996770423228346,0.9965243602362204,0.9995649496812392,0.0120740762191053
streak2_bucket8_m-0.75_refresh2,14,32768,long-code,0.0,0.9910789349573492,0.9997129265091864,0.9984364747375328,0.9910789349573492,0.9985044628607246,0.0247262495251634
streak2_bucket8_m-0.75_refresh2,14,32768,long-text,0.0,0.9896576648622047,0.9994668635170604,0.998062253937008,0.9896576648622047,0.998219356237754,0.0280709979482675
streak2_bucket8_m-0.75_refresh2,17,8192,long-code,0.0,0.9985953904199476,1.0,0.9999487368766404,0.9985953904199476,0.9999587942314424,0.0046986123362171
streak2_bucket8_m-0.75_refresh2,17,8192,long-text,0.0,0.9989273191437008,1.0,0.9999641158136484,0.9989273191437008,0.9999705254597848,0.0037041480848366
streak2_bucket8_m-0.75_refresh2,17,16384,long-code,0.0,0.995382474163386,0.9999589895013123,0.99951812664042,0.995382474163386,0.999553419247679,0.0143318152567513
streak2_bucket8_m-0.75_refresh2,17,16384,long-text,0.0,0.9958938238188976,0.9999179790026248,0.9994771161417324,0.9958938238188976,0.9994881470280732,0.0126175717873165
streak2_bucket8_m-0.75_refresh2,17,32768,long-code,0.0,0.991205811187664,0.9996924212598424,0.9986056430446194,0.991205811187664,0.998708882261213,0.0231569416812925
streak2_bucket8_m-0.75_refresh2,17,32768,long-text,0.0,0.989761472687008,0.9991797900262468,0.9976162647637796,0.989761472687008,0.9981918555308004,0.0254985313782523
streak2_bucket8_m-0.75_refresh2,21,8192,long-code,0.0,0.998900406003937,1.0,0.999994873687664,0.998900406003937,0.9999796582447854,0.004071456647983
streak2_bucket8_m-0.75_refresh2,21,8192,long-text,0.0,0.9990708558891076,1.0,0.9999743684383202,0.9990708558891076,0.9999764203855992,0.0028573289884928
streak2_bucket8_m-0.75_refresh2,21,16384,long-code,0.0,0.996824249507874,0.9999794947506562,0.9998308316929134,0.996824249507874,0.9997910507276424,0.0113043936875987
streak2_bucket8_m-0.75_refresh2,21,16384,long-text,0.0,0.9959527764107612,0.9999589895013123,0.9993540846456692,0.9959527764107612,0.9994334013652416,0.0125190448527884
streak2_bucket8_m-0.75_refresh2,21,32768,long-code,0.0,0.99289749425853,0.9999179790026248,0.9989952427821522,0.99289749425853,0.9990711316686268,0.0209753404375604
streak2_bucket8_m-0.75_refresh2,21,32768,long-text,0.0,0.990961029773622,0.9998154527559056,0.9983954642388452,0.990961029773622,0.9985549218860688,0.0236134093568384
streak2_bucket8_m-0.75_refresh2,25,8192,long-code,0.0,0.9983864931922573,1.0,0.9999794947506562,0.9983864931922573,0.9999375199992192,0.0069344026975776
streak2_bucket8_m-0.75_refresh2,25,8192,long-text,0.0,0.9989362901902888,1.0,0.9999487368766404,0.9989362901902888,0.9999646033301208,0.0042633944818726
streak2_bucket8_m-0.75_refresh2,25,16384,long-code,0.0,0.997334317585302,1.0,0.9999026000656168,0.997334317585302,0.9996691855451731,0.0099273744675807
streak2_bucket8_m-0.75_refresh2,25,16384,long-text,0.0,0.9974150570045932,0.9999589895013123,0.999774442257218,0.9974150570045932,0.9996753219916816,0.0113138720870379
streak2_bucket8_m-0.75_refresh2,25,32768,long-code,0.0,0.9919901369750656,0.9999589895013123,0.9986364009186351,0.9919901369750656,0.99872294092407,0.0214106584798537
streak2_bucket8_m-0.75_refresh2,25,32768,long-text,0.0,0.9911558296423884,0.9991797900262468,0.9976060121391076,0.9911558296423884,0.9982211481614072,0.0229330292447879
streak2_bucket8_m-0.75_refresh4,2,8192,long-code,0.0773694390715666,0.9976034489829396,1.0,0.9999026000656168,0.9976034489829396,0.9999004605194182,0.0089315324828137
streak2_bucket8_m-0.75_refresh4,2,8192,long-text,0.0465228979888538,0.9982506459153544,1.0,0.9999231053149606,0.9982506459153544,0.9999560523018676,0.0065220398013534
streak2_bucket8_m-0.75_refresh4,2,16384,long-code,0.2833747801297992,0.9892001414862204,0.9999589895013123,0.9994361056430446,0.9892001414862204,0.999308927498426,0.0343420009983669
streak2_bucket8_m-0.75_refresh4,2,16384,long-text,0.2616069794399366,0.9911007217847768,0.9999384842519684,0.999507874015748,0.9911007217847768,0.999285439414997,0.0294277122389499
streak2_bucket8_m-0.75_refresh4,2,32768,long-code,0.5265884504037788,0.9762062212926508,0.9997949475065616,0.9969344652230973,0.9762062212926508,0.9970781874549384,0.0606809683199403
streak2_bucket8_m-0.75_refresh4,2,32768,long-text,0.4874779111571506,0.9795126927493438,0.9998564632545932,0.9979443487532808,0.9795126927493438,0.997311295907844,0.0551088878835934
streak2_bucket8_m-0.75_refresh4,5,8192,long-code,0.1619472225569346,0.9959130474901576,1.0,0.9999692421259844,0.9959130474901576,0.999875327981644,0.0189314722411259
streak2_bucket8_m-0.75_refresh4,5,8192,long-text,0.0623326028731434,0.9961744894192912,0.9999794947506562,0.999774442257218,0.9961744894192912,0.9998458957886884,0.0148324410096274
streak2_bucket8_m-0.75_refresh4,5,16384,long-code,0.4724832214765101,0.9922618315288714,0.9999794947506562,0.9996565370734908,0.9922618315288714,0.9992080012198392,0.0287653968662771
streak2_bucket8_m-0.75_refresh4,5,16384,long-text,0.3941944139529211,0.9910020402723098,0.99973343175853,0.9988568323490814,0.9910020402723098,0.9986339488095688,0.0290926579394605
streak2_bucket8_m-0.75_refresh4,5,32768,long-code,0.5875664994680043,0.9805597420439632,0.9997949475065616,0.997795685695538,0.9805597420439632,0.9970550064753472,0.052949212899523
streak2_bucket8_m-0.75_refresh4,5,32768,long-text,0.5250381213784691,0.9739493622867454,0.9983595800524936,0.994130372375328,0.9739493622867454,0.9947282075109916,0.0618414618356452
streak2_bucket8_m-0.75_refresh4,8,8192,long-code,0.0857282026302971,0.9968729494750656,1.0,0.9999333579396326,0.9968729494750656,0.999914760818828,0.0129683416406193
streak2_bucket8_m-0.75_refresh4,8,8192,long-text,0.0309777347531461,0.9974022412237532,1.0,0.9998564632545932,0.9974022412237532,0.9998889308588832,0.0096294336281642
streak2_bucket8_m-0.75_refresh4,8,16384,long-code,0.5643395767453174,0.9925399339730973,0.9999589895013123,0.9993079478346456,0.9925399339730973,0.9988706347493364,0.0271245396448979
streak2_bucket8_m-0.75_refresh4,8,16384,long-text,0.5142439737034332,0.98852859457021,0.999282316272966,0.9978828330052494,0.98852859457021,0.9975895548414264,0.036532608995747
streak2_bucket8_m-0.75_refresh4,8,32768,long-code,0.5522287944386852,0.9765291789698164,0.9983185695538058,0.9944174458661418,0.9765291789698164,0.9947195335575768,0.05322570212788
streak2_bucket8_m-0.75_refresh4,8,32768,long-text,0.5255154795936987,0.9728638656496064,0.997928969816273,0.9934588254593176,0.9728638656496064,0.9942824886822,0.061745949421378
streak2_bucket8_m-0.75_refresh4,11,8192,long-code,0.0770712909441233,0.9971472071850394,1.0,0.9999589895013123,0.9971472071850394,0.9998905268336754,0.0124116503557724
streak2_bucket8_m-0.75_refresh4,11,8192,long-text,0.0543491447288608,0.9976265173884514,1.0,0.9999589895013123,0.9976265173884514,0.9998926279790052,0.0112310474276078
streak2_bucket8_m-0.75_refresh4,11,16384,long-code,0.3738363249163371,0.992554031332021,1.0,0.999779568569554,0.992554031332021,0.9991973832638608,0.0282067608744281
streak2_bucket8_m-0.75_refresh4,11,16384,long-text,0.2797474502185527,0.9915326135990814,0.9998974737532808,0.9994002214566928,0.9915326135990814,0.9988598800998107,0.0282267546427934
streak2_bucket8_m-0.75_refresh4,11,32768,long-code,0.5064215716111753,0.982912719406168,0.9997129265091864,0.99780593832021,0.982912719406168,0.9970453575534358,0.0468062126560371
streak2_bucket8_m-0.75_refresh4,11,32768,long-text,0.4427918317586101,0.9806622682906824,0.9994873687664042,0.9972881807742782,0.9806622682906824,0.9968106694070232,0.0507275331843035
streak2_bucket8_m-0.75_refresh4,14,8192,long-code,0.0701241782322863,0.9969049889271654,1.0,0.9999179790026248,0.9969049889271654,0.9998175869404188,0.0127170464634464
streak2_bucket8_m-0.75_refresh4,14,8192,long-text,0.0233690360272639,0.9984915825951444,1.0,0.9999589895013123,0.9984915825951444,0.999920293140276,0.006484158674032
streak2_bucket8_m-0.75_refresh4,14,16384,long-code,0.2887452749664675,0.9926424602198164,0.9998359580052494,0.9991336532152232,0.9926424602198164,0.9989228153358782,0.0226840103500763
streak2_bucket8_m-0.75_refresh4,14,16384,long-text,0.2181375532562386,0.9923566683070866,0.9999384842519684,0.999138779527559,0.9923566683070866,0.9989086861234118,0.0222993284009297
streak2_bucket8_m-0.75_refresh4,14,32768,long-code,0.380441409584197,0.9793102034120736,0.9989337270341208,0.9954273293963256,0.9793102034120736,0.9959935527972203,0.0468067680953911
streak2_bucket8_m-0.75_refresh4,14,32768,long-text,0.3432576565595002,0.9771776574803148,0.998277559055118,0.9945866141732284,0.9771776574803148,0.9956273957657692,0.0514397020276635
streak2_bucket8_m-0.75_refresh4,17,8192,long-code,0.0231241719860291,0.9970933809055118,0.9998974737532808,0.9996719160104988,0.9970933809055118,0.9998143713955644,0.0091300945988889
streak2_bucket8_m-0.75_refresh4,17,8192,long-text,0.0154402895054281,0.9981429933562992,0.9999794947506562,0.9998615895669292,0.9981429933562992,0.9999103644801788,0.0061384274183236
streak2_bucket8_m-0.75_refresh4,17,16384,long-code,0.2287930198739699,0.990471466945538,0.9996104002624672,0.99828781167979,0.990471466945538,0.9987990248190408,0.0249451356811045
streak2_bucket8_m-0.75_refresh4,17,16384,long-text,0.1516587677725118,0.9918671054790026,0.999753937007874,0.9985851377952756,0.9918671054790026,0.998821471936474,0.0210402579453544
streak2_bucket8_m-0.75_refresh4,17,32768,long-code,0.3930678017634539,0.9805994709645668,0.9989747375328084,0.9956836450131232,0.9805994709645668,0.9967135709318978,0.0428343731091747
streak2_bucket8_m-0.75_refresh4,17,32768,long-text,0.3367499011527114,0.9781106463254592,0.9977034120734908,0.9936023622047244,0.9781106463254592,0.9956443542134418,0.0458051338106154
streak2_bucket8_m-0.75_refresh4,21,8192,long-code,0.0154682779456193,0.998312161663386,1.0,0.9999692421259844,0.998312161663386,0.999953183758933,0.0060342679420007
streak2_bucket8_m-0.75_refresh4,21,8192,long-text,0.023278370514064,0.998779937664042,1.0,0.9999077263779528,0.998779937664042,0.999932747659528,0.0036963040578523
streak2_bucket8_m-0.75_refresh4,21,16384,long-code,0.1210346510492923,0.9935600701279528,0.9998974737532808,0.9992976952099738,0.9935600701279528,0.9993734167033944,0.0189155314878808
streak2_bucket8_m-0.75_refresh4,21,16384,long-text,0.1749696233292831,0.9899652436023622,0.9994873687664042,0.9977239173228346,0.9899652436023622,0.9982361769326648,0.0249456010775433
streak2_bucket8_m-0.75_refresh4,21,32768,long-code,0.3138783964908005,0.9838175135334646,0.9993643372703412,0.9968011811023622,0.9838175135334646,0.9973981839304564,0.0379767333167921
streak2_bucket8_m-0.75_refresh4,21,32768,long-text,0.3135441073547759,0.9790538877952756,0.9989132217847768,0.9949505823490814,0.9790538877952756,0.996107361267938,0.044471976617396
streak2_bucket8_m-0.75_refresh4,25,8192,long-code,0.1079128026014693,0.9971677124343832,1.0,0.9999384842519684,0.9971677124343832,0.9998564450409994,0.0111219185279225
streak2_bucket8_m-0.75_refresh4,25,8192,long-text,0.0232896652110625,0.9981506828248032,1.0,0.9998974737532808,0.9981506828248032,0.9999027688786386,0.0067097265577702
streak2_bucket8_m-0.75_refresh4,25,16384,long-code,0.4227878787878788,0.994643003608924,0.9999384842519684,0.9995847687007874,0.994643003608924,0.999194349631544,0.0169427630007108
streak2_bucket8_m-0.75_refresh4,25,16384,long-text,0.3724765080327372,0.9945622641896326,0.9995693897637796,0.9990721374671916,0.9945622641896326,0.9990797307148048,0.0190856612589829
streak2_bucket8_m-0.75_refresh4,25,32768,long-code,0.4070230958829078,0.9825064591535432,0.999138779527559,0.9959297080052494,0.9825064591535432,0.9967504764809908,0.0385637817526832
streak2_bucket8_m-0.75_refresh4,25,32768,long-text,0.3507276380685623,0.9802867659120736,0.9977034120734908,0.9937561515748032,0.9802867659120736,0.995586885719112,0.0424762696029104
streak2_bucket8_m-0.75_refresh8,2,8192,long-code,0.1077700264613904,0.9958092396653544,1.0,0.999748810695538,0.9958092396653544,0.9998139986622384,0.0136864822198004
streak2_bucket8_m-0.75_refresh8,2,8192,long-text,0.0698859500121329,0.9967986179461942,0.9999794947506562,0.999738558070866,0.9967986179461942,0.9998988520313296,0.0099768254677801
streak2_bucket8_m-0.75_refresh8,2,16384,long-code,0.3436451278296418,0.9817298228346456,0.9999179790026248,0.9987543061023622,0.9817298228346456,0.9987543496990886,0.0515486797542785
streak2_bucket8_m-0.75_refresh8,2,16384,long-text,0.3154243991481594,0.9856963070045932,0.999876968503937,0.9989439796587928,0.9856963070045932,0.9987578200421646,0.0415253926459869
streak2_bucket8_m-0.75_refresh8,2,32768,long-code,0.5855800902769306,0.9624471989829396,0.9990567585301836,0.9940432250656168,0.9624471989829396,0.9950206513241684,0.0869242882821141
streak2_bucket8_m-0.75_refresh8,2,32768,long-text,0.548225826118766,0.9654883837762468,0.9993848425196852,0.9950736138451444,0.9654883837762468,0.9948798951422038,0.0811445584019514
streak2_bucket8_m-0.75_refresh8,5,8192,long-code,0.2018682518500546,0.9930999835958004,1.0,0.9998308316929134,0.9930999835958004,0.9997656699255352,0.0281451257765289
streak2_bucket8_m-0.75_refresh8,5,8192,long-text,0.1014634146341463,0.9936203042979004,0.9999794947506562,0.9995847687007874,0.9936203042979004,0.9997338164205304,0.0227879583005609
streak2_bucket8_m-0.75_refresh8,5,16384,long-code,0.5129637500759001,0.9874482242454068,0.9999384842519684,0.9992259268372704,0.9874482242454068,0.9985963970144172,0.0426827598812401
streak2_bucket8_m-0.75_refresh8,5,16384,long-text,0.4518563603164942,0.9853746309055118,0.999630905511811,0.9981135170603674,0.9853746309055118,0.9976821402831758,0.0428136187337041
streak2_bucket8_m-0.75_refresh8,5,32768,long-code,0.6448706240487063,0.9666443672080052,0.9988722112860892,0.99488906660105,0.9666443672080052,0.9942583136613672,0.0806270898554944
streak2_bucket8_m-0.75_refresh8,5,32768,long-text,0.5881923311016433,0.9581872334317584,0.9971702755905512,0.990111343503937,0.9581872334317584,0.9912896329698576,0.0922569345867859
streak2_bucket8_m-0.75_refresh8,8,8192,long-code,0.1235670327018221,0.9946032746883202,1.0,0.9998615895669292,0.9946032746883202,0.9998415077473,0.0195335060809693
streak2_bucket8_m-0.75_refresh8,8,8192,long-text,0.061679315745091,0.9958143659776902,1.0,0.999743684383202,0.9958143659776902,0.9998137591186856,0.0143350002939318
streak2_bucket8_m-0.75_refresh8,8,16384,long-code,0.5935326418547895,0.987673781988189,0.9999589895013123,0.9989798638451444,0.987673781988189,0.998158993446872,0.0403703092414182
streak2_bucket8_m-0.75_refresh8,8,16384,long-text,0.5697560975609757,0.9828460773458004,0.9991592847769027,0.9971446440288714,0.9828460773458004,0.9965395857417356,0.051381908808055
streak2_bucket8_m-0.75_refresh8,8,32768,long-code,0.6030923119148547,0.9600070743110236,0.996329560367454,0.9892347440944882,0.9600070743110236,0.9902548392064618,0.0821732969754702
streak2_bucket8_m-0.75_refresh8,8,32768,long-text,0.5784012415178164,0.9578591494422573,0.9964320866141732,0.9894141650262468,0.9578591494422573,0.9907365112121614,0.087728149990526
streak2_bucket8_m-0.75_refresh8,11,8192,long-code,0.0936699597511891,0.9956259739993438,1.0,0.9998923474409448,0.9956259739993438,0.9998065532757422,0.0168984111961316
streak2_bucket8_m-0.75_refresh8,11,8192,long-text,0.0776228016979987,0.9957400344488188,1.0,0.9999179790026248,0.9957400344488188,0.9997914217070386,0.0178658162256884
streak2_bucket8_m-0.75_refresh8,11,16384,long-code,0.4125516905862321,0.98707656660105,1.0,0.9994566108923884,0.98707656660105,0.9984485484959044,0.0423104815034306
streak2_bucket8_m-0.75_refresh8,11,16384,long-text,0.3393673432071676,0.986584440616798,0.9998564632545932,0.9988824639107612,0.986584440616798,0.998082084095144,0.0395846992476711
streak2_bucket8_m-0.75_refresh8,11,32768,long-code,0.5525795762016235,0.9710350537237532,0.9990567585301836,0.9949864665354332,0.9710350537237532,0.99431242989925,0.0690590810329964
streak2_bucket8_m-0.75_refresh8,11,32768,long-text,0.5113754193351632,0.9687077079232284,0.9991797900262468,0.995114624343832,0.9687077079232284,0.994503704647709,0.073129700867278
streak2_bucket8_m-0.75_refresh8,14,8192,long-code,0.1012288599586324,0.9945507299868768,0.9999794947506562,0.9996975475721784,0.9945507299868768,0.9996312432531184,0.019691331583161
streak2_bucket8_m-0.75_refresh8,14,8192,long-text,0.0387784779447406,0.9974740095964568,1.0,0.9999333579396326,0.9974740095964568,0.9998423624377925,0.0099602025776878
streak2_bucket8_m-0.75_refresh8,14,16384,long-code,0.3319299530172677,0.9870047982283464,0.999261811023622,0.9977495488845144,0.9870047982283464,0.9977662532537204,0.0347437075274576
streak2_bucket8_m-0.75_refresh8,14,16384,long-text,0.2563729060451566,0.9866292958497376,0.9998974737532808,0.9984569799868768,0.9866292958497376,0.9979945251344678,0.0349800989041449
streak2_bucket8_m-0.75_refresh8,14,32768,long-code,0.4304190377651319,0.9641837372867454,0.9972112860892388,0.9900293225065616,0.9641837372867454,0.9923179525627436,0.0719805915354888
streak2_bucket8_m-0.75_refresh8,14,32768,long-text,0.3997806082028156,0.960951597358924,0.9962680446194224,0.9893680282152232,0.960951597358924,0.9919293332505352,0.0779599334810378
streak2_bucket8_m-0.75_refresh8,17,8192,long-code,0.0389152377477806,0.9950326033464568,0.999876968503937,0.999502747703412,0.9950326033464568,0.9996930734941124,0.0143051892578606
streak2_bucket8_m-0.75_refresh8,17,8192,long-text,0.0233718807060255,0.9964859128937008,0.9998154527559056,0.9994617372047244,0.9964859128937008,0.9997591548281722,0.01011657632044
streak2_bucket8_m-0.75_refresh8,17,16384,long-code,0.2769043266301035,0.985109344242126,0.9988722112860892,0.9969754757217848,0.985109344242126,0.9980698534607936,0.0352836119161791
streak2_bucket8_m-0.75_refresh8,17,16384,long-text,0.2022485566697052,0.9848004839238844,0.9994258530183728,0.9969088336614174,0.9848004839238844,0.9975857564427062,0.0343501314897957
streak2_bucket8_m-0.75_refresh8,17,32768,long-code,0.4523657191603448,0.9665969488188976,0.9973958333333334,0.9903112696850394,0.9665969488188976,0.9935947510951244,0.0657241897288598
streak2_bucket8_m-0.75_refresh8,17,32768,long-text,0.3983767125377597,0.9608054974573492,0.9952222769028872,0.9866100721784776,0.9608054974573492,0.9915352624365222,0.0720415400987379
streak2_bucket8_m-0.75_refresh8,21,8192,long-code,0.023250181642044,0.9975150200951444,1.0,0.9999384842519684,0.9975150200951444,0.9999176889510274,0.0085120156485911
streak2_bucket8_m-0.75_refresh8,21,8192,long-text,0.0309253442860594,0.9985710404363516,1.0,0.9998615895669292,0.9985710404363516,0.9999049036256652,0.0041956543894791
streak2_bucket8_m-0.75_refresh8,21,16384,long-code,0.1675902807380792,0.9887400549540682,0.999753937007874,0.9984518536745408,0.9887400549540682,0.9987764174260524,0.0283764050854641
streak2_bucket8_m-0.75_refresh8,21,16384,long-text,0.2446898895497026,0.9814645361712598,0.9985851377952756,0.994858308727034,0.9814645361712598,0.9963584994073186,0.0399287262903822
streak2_bucket8_m-0.75_refresh8,21,32768,long-code,0.3679727427597955,0.9702750779199476,0.9977444225721784,0.9919875738188976,0.9702750779199476,0.9943776656928422,0.0601092649852198
streak2_bucket8_m-0.75_refresh8,21,32768,long-text,0.373950091296409,0.9654384022309712,0.9980725065616798,0.9907572588582676,0.9654384022309712,0.9932555638766976,0.0662965455269521
streak2_bucket8_m-0.75_refresh8,25,8192,long-code,0.1394673123486682,0.995729781824147,1.0,0.9998974737532808,0.995729781824147,0.9997593328214,0.0156747384260806
streak2_bucket8_m-0.75_refresh8,25,8192,long-text,0.0386286817962336,0.9968857652559056,0.999876968503937,0.9996411581364828,0.9968857652559056,0.999747015128823,0.0098376786015883
streak2_bucket8_m-0.75_refresh8,25,16384,long-code,0.4647302904564315,0.9913698531824148,0.9998564632545932,0.9992361794619422,0.9913698531824148,0.9986396850214676,0.0248769589908306
streak2_bucket8_m-0.75_refresh8,25,16384,long-text,0.4170523751522533,0.990467622211286,0.9992002952755904,0.9980058645013123,0.990467622211286,0.998205975036339,0.0285802835508234
streak2_bucket8_m-0.75_refresh8,25,32768,long-code,0.4605439687766801,0.9690883366141732,0.997826443569554,0.99122375328084,0.9690883366141732,0.9936437154309894,0.060639594037433
streak2_bucket8_m-0.75_refresh8,25,32768,long-text,0.4068497733978161,0.9661355807086616,0.996206528871391,0.9889374179790026,0.9661355807086616,0.9924569780884522,0.0655874919228111
streak2_bucket8_m-3,2,8192,long-code,0.2262035344302254,0.9783003198818898,0.9998359580052494,0.9967345390419948,0.9783003198818898,0.9988775283643238,0.0508716460314221
streak2_bucket8_m-3,2,8192,long-text,0.1864983001457018,0.9779760806266404,0.9998974737532808,0.9961706446850394,0.9779760806266404,0.9990122902925944,0.0481910113712146
streak2_bucket8_m-3,2,16384,long-code,0.5751062537947784,0.9151236466535432,0.9947711614173228,0.977423720472441,0.9151236466535432,0.9899952215636788,0.1700554563655073
streak2_bucket8_m-3,2,16384,long-text,0.501671021449839,0.932251937746063,0.9959399606299212,0.98121719160105,0.932251937746063,0.99006314948534,0.1368366219487348
streak2_bucket8_m-3,2,32768,long-code,0.7700274139506549,0.8507973978838582,0.9772391732283464,0.9424007545931758,0.8507973978838582,0.9680703521518288,0.2536643854459953
streak2_bucket8_m-3,2,32768,long-text,0.7369094398245454,0.8635555077099738,0.9750451115485564,0.942626312335958,0.8635555077099738,0.9653980927789304,0.227736499443816
streak2_bucket8_m-3,5,8192,long-code,0.3869407496977025,0.9624510437171916,0.9998974737532808,0.9975803805774278,0.9624510437171916,0.9984990345336584,0.1096000868832656
streak2_bucket8_m-3,5,8192,long-text,0.2567156922328917,0.9665046751968503,0.9997129265091864,0.995975844816273,0.9665046751968503,0.9978792684662646,0.0892126913156687
streak2_bucket8_m-3,5,16384,long-code,0.6451691261310499,0.9311882279363516,0.9968832020997376,0.986830503608924,0.9311882279363516,0.9875714025254472,0.1618734713456982
streak2_bucket8_m-3,5,16384,long-text,0.5771738468100664,0.945329160515092,0.9974983595800524,0.9908700377296588,0.945329160515092,0.98962895037925,0.1292495093111166
streak2_bucket8_m-3,5,32768,long-code,0.7973681004020958,0.8495991223753281,0.9779363517060368,0.9439386482939632,0.8495991223753281,0.9574688543197843,0.2593261974077023
streak2_bucket8_m-3,5,32768,long-text,0.7556448177225975,0.851186997621391,0.9775877624671916,0.9431799540682416,0.851186997621391,0.9573717522840716,0.2589948791572714
streak2_bucket8_m-3,8,8192,long-code,0.3034281546316557,0.9524829293799212,0.9999179790026248,0.9959912237532808,0.9524829293799212,0.998003377760395,0.1191240354807077
streak2_bucket8_m-3,8,8192,long-text,0.1864983001457018,0.9708543512139108,0.999774442257218,0.9969190862860892,0.9708543512139108,0.998189867454033,0.0724605660359988
streak2_bucket8_m-3,8,16384,long-code,0.7089902002556455,0.9454073367782152,0.9984005905511812,0.9921567421259844,0.9454073367782152,0.989331808446421,0.1370134080463647
streak2_bucket8_m-3,8,16384,long-text,0.675523202911738,0.938231781085958,0.996596128608924,0.9880095554461942,0.938231781085958,0.9858567446618116,0.1495294643435223
streak2_bucket8_m-3,8,32768,long-code,0.7760884799366259,0.8195038242290026,0.9571645341207348,0.918686433727034,0.8195038242290026,0.9364726435166444,0.2815169332492192
streak2_bucket8_m-3,8,32768,long-text,0.742554357756258,0.834467529937664,0.9623728674540682,0.925283997703412,0.834467529937664,0.9480286790182184,0.2613963030925847
streak2_bucket8_m-3,11,8192,long-code,0.2710879825729154,0.9595021325459318,0.9996924212598424,0.9959348343175852,0.9595021325459318,0.9971256692185716,0.1037911013762468
streak2_bucket8_m-3,11,8192,long-text,0.2177399756986634,0.9722205134514436,0.9998564632545932,0.9986312746062992,0.9722205134514436,0.9983414853860094,0.0801546218893973
streak2_bucket8_m-3,11,16384,long-code,0.5776593166949358,0.9306166441108924,0.9984005905511812,0.9902138697506562,0.9306166441108924,0.9873434044634624,0.159766960986264
streak2_bucket8_m-3,11,16384,long-text,0.5063907486305539,0.9384188914862204,0.9982160433070866,0.9903317749343832,0.9384188914862204,0.987989026967098,0.134663941584557
streak2_bucket8_m-3,11,32768,long-code,0.71625813514993,0.86987625082021,0.9781208989501312,0.9460763205380578,0.86987625082021,0.9596589316937878,0.2149751573420915
streak2_bucket8_m-3,11,32768,long-text,0.707236141130628,0.8486648519520997,0.973896817585302,0.935177780511811,0.8486648519520997,0.9547250887596042,0.2416906013876792
streak2_bucket8_m-3,14,8192,long-code,0.3035757723181708,0.952267624261811,0.9981955380577427,0.9916492372047244,0.952267624261811,0.994812047015162,0.11253588799934
streak2_bucket8_m-3,14,8192,long-text,0.1157602797540093,0.9806661130249344,0.99973343175853,0.9972830544619422,0.9806661130249344,0.9980320619349756,0.0500582439149079
streak2_bucket8_m-3,14,16384,long-code,0.5235729002545146,0.921129121555118,0.9869791666666666,0.9713695456036744,0.921129121555118,0.9796080495074184,0.1455681086036399
streak2_bucket8_m-3,14,16384,long-text,0.415836774350255,0.9316931697014436,0.9948326771653544,0.9795152559055118,0.9316931697014436,0.9838347433890356,0.1262859992786452
streak2_bucket8_m-3,14,32768,long-code,0.6513498689743433,0.8125704867946194,0.9539041994750656,0.9024719078083988,0.8125704867946194,0.9371678879800376,0.2722823785233226
streak2_bucket8_m-3,14,32768,long-text,0.6059978687775918,0.829468093832021,0.9588049540682416,0.9135498687664042,0.829468093832021,0.9464403794744288,0.2520145867909692
streak2_bucket8_m-3,17,8192,long-code,0.2080674292594823,0.958266691272966,0.9981135170603674,0.990952058727034,0.958266691272966,0.9965061982349488,0.0873021168683557
streak2_bucket8_m-3,17,8192,long-text,0.1315280464216635,0.9722179502952756,0.998052001312336,0.992407931430446,0.9722179502952756,0.9975926665683011,0.0566332648168525
streak2_bucket8_m-3,17,16384,long-code,0.4984787635390045,0.908078811925853,0.9826115485564304,0.9620550360892388,0.908078811925853,0.9842059161670358,0.1551863726686652
streak2_bucket8_m-3,17,16384,long-text,0.3968389057750759,0.9201986958661418,0.9867536089238844,0.968011811023622,0.9201986958661418,0.9814060008256076,0.1318712894298618
streak2_bucket8_m-3,17,32768,long-code,0.6689827512647041,0.8407216309875328,0.9585588910761156,0.9189683809055118,0.8407216309875328,0.9562424583454012,0.2323279336911993
streak2_bucket8_m-3,17,32768,long-text,0.6119180292926525,0.8290105704560368,0.94627624671916,0.9035381807742782,0.8290105704560368,0.946575780537664,0.2401366268271054
streak2_bucket8_m-3,21,8192,long-code,0.1237312711454808,0.9774929256889764,0.9996514107611548,0.9961860236220472,0.9774929256889764,0.9985778831397952,0.0486070041806638
streak2_bucket8_m-3,21,8192,long-text,0.0624237990733966,0.993399872867454,0.9993848425196852,0.9977495488845144,0.993399872867454,0.999349496522876,0.0131739046430406
streak2_bucket8_m-3,21,16384,long-code,0.3650706960373809,0.9368579293799212,0.98999343832021,0.9771417732939632,0.9368579293799212,0.9893526953810096,0.1116542178525432
streak2_bucket8_m-3,21,16384,long-text,0.4150554579065397,0.9414703289041996,0.9911007217847768,0.9769110892388452,0.9414703289041996,0.9862003640183392,0.1033824123780373
streak2_bucket8_m-3,21,32768,long-code,0.5649407968830853,0.8700851480479003,0.9740403543307088,0.9385303887795275,0.8700851480479003,0.965859752471457,0.1936186077639316
streak2_bucket8_m-3,21,32768,long-text,0.5535893765418938,0.8827291974245407,0.9861794619422573,0.9497775180446194,0.8827291974245407,0.9709889026384978,0.1808690527568394
streak2_bucket8_m-3,25,8192,long-code,0.2721419025634795,0.9772391732283464,0.9996924212598424,0.9976111384514436,0.9772391732283464,0.9980586224151836,0.0609455875254061
streak2_bucket8_m-3,25,8192,long-text,0.1320067944673623,0.9827127932250656,0.9990567585301836,0.9963808234908136,0.9827127932250656,0.998191063217891,0.0431402683250701
streak2_bucket8_m-3,25,16384,long-code,0.5730645063044405,0.9636557271161418,0.9983185695538058,0.9920080790682416,0.9636557271161418,0.9918619590456268,0.0771593803798021
streak2_bucket8_m-3,25,16384,long-text,0.5553398058252428,0.960330031988189,0.9922900262467192,0.9840212844488188,0.960330031988189,0.9892557979182776,0.0869341816846995
streak2_bucket8_m-3,25,32768,long-code,0.6491030365790516,0.865955903461286,0.9736097440944882,0.9362338008530184,0.865955903461286,0.9611191086213586,0.2024025101463098
streak2_bucket8_m-3,25,32768,long-text,0.5853301627949515,0.872444533300525,0.9771366469816272,0.9390071358267716,0.872444533300525,0.964585205294268,0.1947426094752622
streak2_bucket8_m0,2,8192,long-code,0.1541982893627274,0.9904099511975064,0.9999589895013123,0.9988106955380578,0.9904099511975064,0.9995064877715166,0.0249689070827163
streak2_bucket8_m0,2,8192,long-text,0.1244530870199319,0.9899024462762468,0.9999589895013123,0.998544127296588,0.9899024462762468,0.9995731714244016,0.0236863346136385
streak2_bucket8_m0,2,16384,long-code,0.4830188679245283,0.945311218421916,0.997826443569554,0.9881992290026248,0.945311218421916,0.9943730191773386,0.1181999462509366
streak2_bucket8_m0,2,16384,long-text,0.4477975176441956,0.9510834461122047,0.997334317585302,0.9878403871391076,0.9510834461122047,0.9932448326533024,0.1050875074643759
streak2_bucket8_m0,2,32768,long-code,0.6886965004267772,0.9117095226377953,0.9918389107611548,0.973876312335958,0.9117095226377953,0.9846887187698112,0.1660716372363068
streak2_bucket8_m0,2,32768,long-text,0.6602757235460605,0.9134345267388452,0.9887426181102362,0.9704211778215224,0.9134345267388452,0.9813503907781166,0.158851741003111
streak2_bucket8_m0,5,8192,long-code,0.2702376643744721,0.9857744832677166,0.9999794947506562,0.9994771161417324,0.9857744832677166,0.999486706544012,0.048449005404113
streak2_bucket8_m0,5,8192,long-text,0.1851494696239151,0.9838405819389764,0.9998154527559056,0.9984672326115486,0.9838405819389764,0.9991361088967888,0.0483937019741139
streak2_bucket8_m0,5,16384,long-code,0.571497995383307,0.9666648724573492,0.9989952427821522,0.9950633612204725,0.9666648724573492,0.9950036044492206,0.0871248802419688
streak2_bucket8_m0,5,16384,long-text,0.5048543689320388,0.9751425114829396,0.9992208005249344,0.9964013287401576,0.9751425114829396,0.9957745799547004,0.0644865135239314
streak2_bucket8_m0,5,32768,long-code,0.7234392614484628,0.9197911540354332,0.9925360892388452,0.9771263943569554,0.9197911540354332,0.9814035056989682,0.1551119900365082
streak2_bucket8_m0,5,32768,long-text,0.6744639376218324,0.9180289841699476,0.9919004265091864,0.975080995734908,0.9180289841699476,0.9803142923188788,0.1579084604297753
streak2_bucket8_m0,8,8192,long-code,0.1932367149758453,0.984118684383202,1.0,0.9990618848425196,0.984118684383202,0.9994172134124168,0.0469319345090882
streak2_bucket8_m0,8,8192,long-text,0.1000481000481,0.988784910187008,0.9998974737532808,0.9991234005905512,0.988784910187008,0.9993479310542316,0.0313232009853805
streak2_bucket8_m0,8,16384,long-code,0.6738892270237371,0.96606124917979,0.9991797900262468,0.995837434383202,0.96606124917979,0.993965524410252,0.0910567703339212
streak2_bucket8_m0,8,16384,long-text,0.6087483339391737,0.9680605109908136,0.9982365485564304,0.9937510252624672,0.9680605109908136,0.9929937030660888,0.0826013387535567
streak2_bucket8_m0,8,32768,long-code,0.687101595144417,0.9027846128608924,0.984846620734908,0.9640491715879264,0.9027846128608924,0.9716114534305448,0.1672224372750959
streak2_bucket8_m0,8,32768,long-text,0.6668901008500655,0.8927742064468503,0.9771981627296588,0.9557137877296588,0.8927742064468503,0.969764616035982,0.1792123654416873
streak2_bucket8_m0,11,8192,long-code,0.1166605905942398,0.9932909387303148,1.0,0.9997949475065616,0.9932909387303148,0.9996648225205124,0.0225194692228697
streak2_bucket8_m0,11,8192,long-text,0.1166889510149508,0.98828765789042,0.9999384842519684,0.9995693897637796,0.98828765789042,0.999338773636419,0.038249989487412
streak2_bucket8_m0,11,16384,long-code,0.4858791375645308,0.9725793553149606,0.999774442257218,0.9976880331364828,0.9725793553149606,0.996040643671664,0.0731659202337298
streak2_bucket8_m0,11,16384,long-text,0.4254436787217174,0.9715451218011812,0.9991592847769027,0.996806307414698,0.9715451218011812,0.9953124054160968,0.0707623010018291
streak2_bucket8_m0,11,32768,long-code,0.6187522801897118,0.9404681348425196,0.9942175196850394,0.9827550853018372,0.9404681348425196,0.9853408944148032,0.1150948710628297
streak2_bucket8_m0,11,32768,long-text,0.594541910331384,0.9191055097604988,0.9922900262467192,0.975849942585302,0.9191055097604988,0.9810046633465044,0.147974878684116
streak2_bucket8_m0,14,8192,long-code,0.1557556583110245,0.9861538303805776,0.9995693897637796,0.9981801591207348,0.9861538303805776,0.9986390124036558,0.037610157980407
streak2_bucket8_m0,14,8192,long-text,0.0692474152440491,0.9938138225885826,0.9999794947506562,0.9996411581364828,0.9938138225885826,0.9995388594549652,0.0196319202999277
streak2_bucket8_m0,14,16384,long-code,0.3976365962112445,0.9722487081692912,0.9970472440944882,0.99293594160105,0.9722487081692912,0.9942343008110396,0.0613380351399322
streak2_bucket8_m0,14,16384,long-text,0.3180027873719929,0.9742018331692912,0.9992002952755904,0.9958066765091864,0.9742018331692912,0.9955703358229432,0.0576696451937788
streak2_bucket8_m0,14,32768,long-code,0.5081992150658675,0.9285507402395012,0.9896448490813649,0.972292281824147,0.9285507402395012,0.9815284806388288,0.1207157789463799
streak2_bucket8_m0,14,32768,long-text,0.4906004745391494,0.9130410822670604,0.9851747047244096,0.9645156660104988,0.9130410822670604,0.9775926075320716,0.1432708779289531
streak2_bucket8_m0,17,8192,long-code,0.0850446967866634,0.98634094078084,0.9997949475065616,0.9976624015748032,0.98634094078084,0.9989652497567888,0.0315588964180606
streak2_bucket8_m0,17,8192,long-text,0.0385310054184226,0.9919683501476378,0.9994258530183728,0.998169906496063,0.9919683501476378,0.9993639487147644,0.0190616653577406
streak2_bucket8_m0,17,16384,long-code,0.3577808835146138,0.967064724819554,0.997067749343832,0.9908341535433072,0.967064724819554,0.9951625999942856,0.065131156736561
streak2_bucket8_m0,17,16384,long-text,0.2757950958970624,0.968037442585302,0.9972317913385826,0.990229248687664,0.968037442585302,0.9938541237417676,0.0602940151513992
streak2_bucket8_m0,17,32768,long-code,0.5464414222113801,0.9241805589730973,0.989009186351706,0.9691344734251968,0.9241805589730973,0.9831177896166948,0.1230828854397449
streak2_bucket8_m0,17,32768,long-text,0.510876850892694,0.9139202448326772,0.9820374015748032,0.9612194471784776,0.9139202448326772,0.9777870241697268,0.1342364818086246
streak2_bucket8_m0,21,8192,long-code,0.0466755804059803,0.994393095882546,1.0,0.999630905511811,0.994393095882546,0.9997149799476744,0.0158842891159398
streak2_bucket8_m0,21,8192,long-text,0.0386520111124532,0.9982468011811024,0.9998154527559056,0.9996770423228346,0.9982468011811024,0.9998355179440102,0.0045862310160243
streak2_bucket8_m0,21,16384,long-code,0.2333637192342753,0.9769085260826772,0.9988312007874016,0.9952837926509186,0.9769085260826772,0.9969779356502426,0.0478415361363378
streak2_bucket8_m0,21,16384,long-text,0.3235867446393762,0.9647847974081364,0.9964730971128608,0.9894295439632546,0.9647847974081364,0.992527548716428,0.0680314704838579
streak2_bucket8_m0,21,32768,long-code,0.4446204942259057,0.938700838664698,0.9917773950131232,0.977305815288714,0.938700838664698,0.9863006524851468,0.1031982656644554
streak2_bucket8_m0,21,32768,long-text,0.4373798700308142,0.9422866941437008,0.9949557086614174,0.9800227608267716,0.9422866941437008,0.9875991989646782,0.098117306710801
streak2_bucket8_m0,25,8192,long-code,0.1795559892656745,0.9925911970964568,0.9999589895013123,0.9996052739501312,0.9925911970964568,0.9995016529529704,0.0241352347792586
streak2_bucket8_m0,25,8192,long-text,0.0543491447288608,0.9949057271161418,1.0,0.9993643372703412,0.9949057271161418,0.9996020579687818,0.014888011254543
streak2_bucket8_m0,25,16384,long-code,0.5292150544172189,0.9816119176509186,0.9994258530183728,0.99708312828084,0.9816119176509186,0.99647743699272,0.0447971820456081
streak2_bucket8_m0,25,16384,long-text,0.4704167172883003,0.9806520156660103,0.9988106955380578,0.9946891404199476,0.9806520156660103,0.9958094675145374,0.0489514834742433
streak2_bucket8_m0,25,32768,long-code,0.5570637287722928,0.9274421751968503,0.9902805118110236,0.9713797982283464,0.9274421751968503,0.9821208198567548,0.1189611421843711
streak2_bucket8_m0,25,32768,long-text,0.4701722298430117,0.9332900159940944,0.9903830380577427,0.9741428805774278,0.9332900159940944,0.9836601803652204,0.1122687916870495
streak4_bucket8_m-3,2,8192,long-code,0.1462769156742451,0.992411776164698,0.9999179790026248,0.9990003690944882,0.992411776164698,0.9996429723681798,0.01974308269192
streak4_bucket8_m-3,2,8192,long-text,0.1084877103765589,0.9921516158136484,0.9999384842519684,0.9988209481627296,0.9921516158136484,0.999656562705609,0.0183593481044135
streak4_bucket8_m-3,2,16384,long-code,0.4399294360970862,0.9563725188648294,0.9979494750656168,0.9900754593175852,0.9563725188648294,0.9954861387216524,0.0934133518853099
streak4_bucket8_m-3,2,16384,long-text,0.4043742405832321,0.964360595062336,0.9984005905511812,0.9924745734908136,0.964360595062336,0.9954459603695328,0.0790316003401208
streak4_bucket8_m-3,2,32768,long-code,0.6783419121006304,0.9210676058070866,0.9921875,0.9757679215879264,0.9210676058070866,0.9857858440982724,0.1471525146116241
streak4_bucket8_m-3,2,32768,long-text,0.621813419425578,0.9316611302493438,0.9917363845144356,0.9778799622703412,0.9316611302493438,0.9855706281155394,0.1276614112207876
streak4_bucket8_m-3,5,8192,long-code,0.2779587404994571,0.984492905183727,0.9999794947506562,0.9994514845800524,0.984492905183727,0.9994669588945004,0.0515469969640107
streak4_bucket8_m-3,5,8192,long-text,0.1632454755253248,0.9868920193569554,0.9999179790026248,0.9987491797900262,0.9868920193569554,0.9992934834616792,0.0380908903182222
streak4_bucket8_m-3,5,16384,long-code,0.5707352584324192,0.9702520095144356,0.9989337270341208,0.9954324557086616,0.9702520095144356,0.9954499696519716,0.0767913404937572
streak4_bucket8_m-3,5,16384,long-text,0.4790069368382621,0.9818592622211286,0.999282316272966,0.997436843832021,0.9818592622211286,0.9969623869376611,0.0473695031322359
streak4_bucket8_m-3,5,32768,long-code,0.725035782805981,0.917594529199475,0.9920029527559056,0.9752757956036744,0.917594529199475,0.980452532098626,0.1557766303063979
streak4_bucket8_m-3,5,32768,long-text,0.6565801089835307,0.9237781434547244,0.991941437007874,0.9764804790026248,0.9237781434547244,0.9816415317644868,0.1441752904721145
streak4_bucket8_m-3,8,8192,long-code,0.2090238296842869,0.9777031044947506,1.0,0.9987491797900262,0.9777031044947506,0.9991740042481044,0.059535697445705
streak4_bucket8_m-3,8,8192,long-text,0.0779442211667276,0.990602187910105,0.9998974737532808,0.9991080216535432,0.990602187910105,0.999445264565638,0.0250037422662456
streak4_bucket8_m-3,8,16384,long-code,0.6619615478218545,0.9682847871555118,0.999282316272966,0.995863065944882,0.9682847871555118,0.994241472547827,0.084053055123587
streak4_bucket8_m-3,8,16384,long-text,0.5934545454545455,0.970450654117454,0.998544127296588,0.9945968667979004,0.970450654117454,0.9937833878681714,0.0761213031238548
streak4_bucket8_m-3,8,32768,long-code,0.6971974561056508,0.9006571932414699,0.9814632545931758,0.961434752296588,0.9006571932414699,0.9697632746225378,0.1661426313727889
streak4_bucket8_m-3,8,32768,long-text,0.6378348724513121,0.9150749466863516,0.9840469160104988,0.9664482857611548,0.9150749466863516,0.9773764246751444,0.1436544220782284
streak4_bucket8_m-3,11,8192,long-code,0.1466650584971656,0.9854810018864828,1.0,0.9991028953412072,0.9854810018864828,0.9991374005150347,0.0401987150073242
streak4_bucket8_m-3,11,8192,long-text,0.131115931549771,0.9877506766732284,0.9999384842519684,0.9994719898293964,0.9877506766732284,0.9993441249342117,0.039417460064215
streak4_bucket8_m-3,11,16384,long-code,0.495006090133983,0.9648886052329396,0.9993438320209974,0.996098876312336,0.9648886052329396,0.994443080975295,0.0897120168566739
streak4_bucket8_m-3,11,16384,long-text,0.4018042179690357,0.9778530491305776,0.9992002952755904,0.9976367700131232,0.9778530491305776,0.9964918130604192,0.0570930134604021
streak4_bucket8_m-3,11,32768,long-code,0.6457158533239857,0.9274114173228346,0.99095718503937,0.9757217847769027,0.9274114173228346,0.9804853024836104,0.1334285191015848
streak4_bucket8_m-3,11,32768,long-text,0.6078908913784705,0.915650375246063,0.9897268700787402,0.9706364829396326,0.915650375246063,0.978626918637554,0.146594273627106
streak4_bucket8_m-3,14,8192,long-code,0.1776704888352444,0.9803892921587928,0.999261811023622,0.996570497047244,0.9803892921587928,0.9979416938403656,0.0486742688768868
streak4_bucket8_m-3,14,8192,long-text,0.0543030303030303,0.9912827058727034,0.9999589895013123,0.999261811023622,0.9912827058727034,0.9992815604289654,0.0243263852481662
streak4_bucket8_m-3,14,16384,long-code,0.4053099500669833,0.9659241203248032,0.9967396653543308,0.990459932742782,0.9659241203248032,0.9927535846616676,0.069650717397804
streak4_bucket8_m-3,14,16384,long-text,0.3194934859369293,0.9697714177329396,0.9983800853018372,0.9930999835958004,0.9697714177329396,0.9939355835087116,0.0618134672172389
streak4_bucket8_m-3,14,32768,long-code,0.5283777608530084,0.9065537340059056,0.9823449803149606,0.958123154527559,0.9065537340059056,0.97299839211141,0.1461817891730631
streak4_bucket8_m-3,14,32768,long-text,0.4855427927241704,0.920171782726378,0.984375,0.9663713910761156,0.920171782726378,0.979245533369866,0.1291996377420424
streak4_bucket8_m-3,17,8192,long-code,0.0775193798449612,0.98802108964895,0.9997129265091864,0.9978777066929134,0.98802108964895,0.9990541191402206,0.0274783443825872
streak4_bucket8_m-3,17,8192,long-text,0.0462985290571497,0.9911148191437008,0.9993233267716536,0.9977341699475064,0.9911148191437008,0.9992864169060862,0.0197852461265348
streak4_bucket8_m-3,17,16384,long-code,0.3884673748103187,0.9579270730807088,0.9943405511811024,0.9853848835301836,0.9579270730807088,0.9938104091621984,0.0758529186158645
streak4_bucket8_m-3,17,16384,long-text,0.2803601849598442,0.9670711327099738,0.99657562335958,0.9894603018372704,0.9670711327099738,0.9935171456982892,0.0595051308936145
streak4_bucket8_m-3,17,32768,long-code,0.5596075922371508,0.9191067913385826,0.9839854002624672,0.9635262877296588,0.9191067913385826,0.9805160871287476,0.1270084477459027
streak4_bucket8_m-3,17,32768,long-text,0.495111625498736,0.9111584440616798,0.9789206036745408,0.9567082923228346,0.9111584440616798,0.9761960762827966,0.1336628417805796
streak4_bucket8_m-3,21,8192,long-code,0.0542438551882794,0.9929884863024936,0.9999384842519684,0.9994309793307088,0.9929884863024936,0.9996935134117284,0.0176326868903547
streak4_bucket8_m-3,21,8192,long-text,0.0384892951647822,0.9986748482611548,0.9998359580052494,0.9998103264435696,0.9986748482611548,0.9998892336757996,0.0035767330108922
streak4_bucket8_m-3,21,16384,long-code,0.2444525281920698,0.973900662319554,0.9983185695538058,0.9942175196850394,0.973900662319554,0.9964891268296824,0.0516241758611681
streak4_bucket8_m-3,21,16384,long-text,0.3109626480412997,0.9723589238845144,0.9973958333333334,0.9922951525590552,0.9723589238845144,0.9945412892107532,0.0542989248478892
streak4_bucket8_m-3,21,32768,long-code,0.4601791481323503,0.9340589628444882,0.9921669947506562,0.9756653953412072,0.9340589628444882,0.9854213605258914,0.1064644805155731
streak4_bucket8_m-3,21,32768,long-text,0.4305238486591788,0.9434542117782152,0.995837434383202,0.9814837598425196,0.9434542117782152,0.9882945509839411,0.0946451446387062
streak4_bucket8_m-3,25,8192,long-code,0.2085193676843248,0.990463777477034,0.9999384842519684,0.9993233267716536,0.990463777477034,0.999341288612734,0.0283339829521361
streak4_bucket8_m-3,25,8192,long-text,0.0699623466537107,0.9932640255905512,0.9994053477690288,0.9986774114173228,0.9932640255905512,0.9992954862951904,0.0185137462074519
streak4_bucket8_m-3,25,16384,long-code,0.5139624018981566,0.9857450069717848,0.9998154527559056,0.9982416748687664,0.9857450069717848,0.9974784175021828,0.0351078777116561
streak4_bucket8_m-3,25,16384,long-text,0.4642770056083882,0.9796921136811024,0.9984416010498688,0.9943559301181102,0.9796921136811024,0.9955954721128464,0.0488961315374091
streak4_bucket8_m-3,25,32768,long-code,0.5374387683694892,0.9356532459809712,0.9920849737532808,0.9751220062335958,0.9356532459809712,0.9842774507158728,0.1050942395061667
streak4_bucket8_m-3,25,32768,long-text,0.4502923976608187,0.9463121309055118,0.9925360892388452,0.9797869504593176,0.9463121309055118,0.9870721680302156,0.0912717381440297
