comparison,policy,selection_role,prompt_id,workload,context_length,step,logit_kl,top1_agreement,top5_overlap,baseline_nll,approx_nll,final_hidden_cosine,final_hidden_relative_l2,selected_hidden_cosine_mean,selected_hidden_cosine_worst,selected_hidden_relative_l2_mean,selected_hidden_relative_l2_worst,baseline_decode_seconds,approx_decode_seconds
full_indexer_vs_two_path_verifier,streak2_bucket8_m0+head_dynamic_abs_w8_b64_r0.1,Aggressive,code_heldout_3,long-code,8192,0,0.0,True,1.0,0.017764391377568245,0.017764391377568245,1.000000238418579,0.0,1.0000004768371582,0.9999998807907104,0.0,0.0,6.182478276081383,8.428512818180025
full_indexer_vs_two_path_verifier,streak2_bucket8_m0+head_dynamic_abs_w8_b64_r0.1,Aggressive,code_heldout_3,long-code,8192,1,0.0,True,1.0,0.0002079985715681687,0.0002079985715681687,1.0000003576278687,0.0,1.0000004768371582,1.0000001192092896,0.0,0.0,6.182478276081383,8.428512818180025
full_indexer_vs_two_path_verifier,streak2_bucket8_m0+head_dynamic_abs_w8_b64_r0.1,Aggressive,code_heldout_3,long-code,8192,2,0.000649808906018734,True,1.0,0.9015059471130371,0.9131591320037842,0.9999770522117615,0.007556622382253408,0.9999790191650391,0.9999420046806335,0.0047365459613502026,0.01081883255392313,6.182478276081383,8.428512818180025
full_indexer_vs_two_path_verifier,streak2_bucket8_m0+head_dynamic_abs_w8_b64_r0.1,Aggressive,code_heldout_3,long-code,8192,3,3.268082082286128e-06,True,1.0,0.02575862407684326,0.025808114558458328,0.999905526638031,0.01388289500027895,0.9999479055404663,0.9998593330383301,0.008161548525094986,0.017014162614941597,6.182478276081383,8.428512818180025
full_indexer_vs_two_path_verifier,streak2_bucket8_m0+head_dynamic_abs_w8_b64_r0.1,Aggressive,code_heldout_3,long-code,8192,4,0.00018310756422579288,True,1.0,0.07333175837993622,0.07043642550706863,0.999834418296814,0.01839594915509224,0.9996258020401001,0.9991271495819092,0.024056334048509598,0.04179603233933449,6.182478276081383,8.428512818180025
full_indexer_vs_two_path_verifier,streak2_bucket8_m0+head_dynamic_abs_w8_b64_r0.1,Aggressive,code_heldout_3,long-code,8192,5,0.005488934926688671,True,1.0,0.43478450179100037,0.5003434419631958,0.9995721578598022,0.029265860095620155,0.9993724822998047,0.9986327886581421,0.02956783026456833,0.052291154861450195,6.182478276081383,8.428512818180025
full_indexer_vs_two_path_verifier,streak2_bucket8_m0+head_dynamic_abs_w8_b64_r0.1,Aggressive,code_heldout_3,long-code,8192,6,3.5674172977451235e-05,True,1.0,0.5874865651130676,0.5878581404685974,0.9998626112937927,0.016591114923357964,0.9998853802680969,0.9997269511222839,0.0132486242800951,0.02341240644454956,6.182478276081383,8.428512818180025
full_indexer_vs_two_path_verifier,streak2_bucket8_m0+head_dynamic_abs_w8_b64_r0.1,Aggressive,code_heldout_3,long-code,8192,7,0.00028478680178523064,True,1.0,0.044432565569877625,0.040217068046331406,0.99867844581604,0.05140136554837227,0.9994954466819763,0.9984661936759949,0.025643829256296158,0.056875716894865036,6.182478276081383,8.428512818180025
full_indexer_vs_two_path_verifier,streak2_bucket8_m0+head_dynamic_abs_w8_b64_r0.1,Aggressive,code_heldout_3,long-code,8192,8,5.560070349019952e-05,True,1.0,0.011555171571671963,0.012264903634786606,0.9998189806938171,0.020124098286032677,0.9998042583465576,0.9994374513626099,0.01727568730711937,0.0335858128964901,6.182478276081383,8.428512818180025
full_indexer_vs_two_path_verifier,streak2_bucket8_m0+head_dynamic_abs_w8_b64_r0.1,Aggressive,code_heldout_3,long-code,8192,9,0.0015198735054582357,True,1.0,0.3126167953014374,0.28111016750335693,0.9995827674865723,0.03052370250225067,0.9995707273483276,0.9987939596176147,0.02624463476240635,0.04921015352010727,6.182478276081383,8.428512818180025
full_indexer_vs_two_path_verifier,streak2_bucket8_m0+head_dynamic_abs_w8_b64_r0.1,Aggressive,code_heldout_3,long-code,8192,10,0.0002776801120489836,True,1.0,0.030708886682987213,0.03355124965310097,0.9992943406105042,0.037711817771196365,0.9990607500076294,0.9975354671478271,0.03558211401104927,0.07024016976356506,6.182478276081383,8.428512818180025
full_indexer_vs_two_path_verifier,streak2_bucket8_m0+head_dynamic_abs_w8_b64_r0.1,Aggressive,code_heldout_3,long-code,8192,11,3.382725117262453e-05,True,1.0,0.004027589689940214,0.004377188626676798,0.9994542598724365,0.037064310163259506,0.9991146326065063,0.9975596070289612,0.03306499496102333,0.07143761217594147,6.182478276081383,8.428512818180025
full_indexer_vs_two_path_verifier,streak2_bucket8_m0+head_dynamic_abs_w8_b64_r0.1,Aggressive,code_heldout_3,long-code,8192,12,1.4691408978251275e-06,True,1.0,0.0034391088411211967,0.0034297234378755093,0.9998419880867004,0.01779789663851261,0.999877393245697,0.9997249841690063,0.014451984316110611,0.0238933265209198,6.182478276081383,8.428512818180025
full_indexer_vs_two_path_verifier,streak2_bucket8_m0+head_dynamic_abs_w8_b64_r0.1,Aggressive,code_heldout_3,long-code,8192,13,8.729146065888926e-05,True,1.0,0.023531457409262657,0.022206459194421768,0.9998897910118103,0.01503628771752119,0.9999291896820068,0.9998645186424255,0.010814864188432693,0.016494642943143845,6.182478276081383,8.428512818180025
full_indexer_vs_two_path_verifier,streak2_bucket8_m0+head_dynamic_abs_w8_b64_r0.1,Aggressive,code_heldout_3,long-code,8192,14,0.0038851213175803423,True,1.0,3.6903676986694336,3.4647371768951416,0.9998054504394531,0.02013026736676693,0.999748706817627,0.9993852972984314,0.020057158544659615,0.03512394800782204,6.182478276081383,8.428512818180025
full_indexer_vs_two_path_verifier,streak2_bucket8_m0+head_dynamic_abs_w8_b64_r0.1,Aggressive,code_heldout_3,long-code,8192,15,0.00047963159158825874,True,1.0,5.18966817855835,5.0639848709106445,0.9991400241851807,0.04158921539783478,0.9997261762619019,0.9992737770080566,0.01958644948899746,0.038111694157123566,6.182478276081383,8.428512818180025
full_indexer_vs_two_path_verifier,streak2_bucket8_m0+head_dynamic_abs_w8_b64_r0.1,Aggressive,code_heldout_3,long-code,8192,16,6.526954621222103e-08,True,1.0,1.4305104514278355e-06,1.311301275563892e-06,0.9990212917327881,0.04424276575446129,0.9995437860488892,0.9987362623214722,0.02425309270620346,0.050317227840423584,6.182478276081383,8.428512818180025
full_indexer_vs_two_path_verifier,streak2_bucket8_m0+head_dynamic_abs_w8_b64_r0.1,Aggressive,code_heldout_3,long-code,8192,17,6.767465947632445e-07,True,0.8,8.082063141046092e-05,8.904537389753386e-05,0.999919056892395,0.012844272889196873,0.9998841881752014,0.9997390508651733,0.014433319680392742,0.023532554507255554,6.182478276081383,8.428512818180025
full_indexer_vs_two_path_verifier,streak2_bucket8_m0+head_dynamic_abs_w8_b64_r0.1,Aggressive,code_heldout_3,long-code,8192,18,4.93915104016196e-06,True,1.0,0.0006432848167605698,0.0005687049706466496,0.998523473739624,0.05579382926225662,0.9994906187057495,0.9987776875495911,0.027530856430530548,0.04976360872387886,6.182478276081383,8.428512818180025
full_indexer_vs_two_path_verifier,streak2_bucket8_m0+head_dynamic_abs_w8_b64_r0.1,Aggressive,code_heldout_3,long-code,8192,19,0.00025900802575051785,True,0.8,0.03056795708835125,0.03456009551882744,0.9977725148200989,0.06673586368560791,0.9981049299240112,0.9964584708213806,0.05486258119344711,0.08409322798252106,6.182478276081383,8.428512818180025
full_indexer_vs_two_path_verifier,streak2_bucket8_m0+head_dynamic_abs_w8_b64_r0.1,Aggressive,code_heldout_3,long-code,8192,20,1.506384251115378e-06,True,1.0,0.0006603206275030971,0.0006684214458800852,0.9994524121284485,0.03320170193910599,0.9997548460960388,0.9990928769111633,0.019319169223308563,0.04283120110630989,6.182478276081383,8.428512818180025
full_indexer_vs_two_path_verifier,streak2_bucket8_m0+head_dynamic_abs_w8_b64_r0.1,Aggressive,code_heldout_3,long-code,8192,21,0.0008427207358181477,True,1.0,7.607156276702881,7.594002723693848,0.9995867013931274,0.02943916991353035,0.9992973804473877,0.9982337951660156,0.033899981528520584,0.059419989585876465,6.182478276081383,8.428512818180025
full_indexer_vs_two_path_verifier,streak2_bucket8_m0+head_dynamic_abs_w8_b64_r0.1,Aggressive,code_heldout_3,long-code,8192,22,0.0015199120389297605,True,1.0,1.3179826736450195,1.4104702472686768,0.9992218613624573,0.03955378010869026,0.9996630549430847,0.9988646507263184,0.0221672635525465,0.04764648526906967,6.182478276081383,8.428512818180025
full_indexer_vs_two_path_verifier,streak2_bucket8_m0+head_dynamic_abs_w8_b64_r0.1,Aggressive,code_heldout_3,long-code,8192,23,1.792099828890059e-05,True,1.0,0.0025997909251600504,0.002780264476314187,0.9998058080673218,0.02186490036547184,0.9996277093887329,0.9987177848815918,0.02285318449139595,0.050652120262384415,6.182478276081383,8.428512818180025
full_indexer_vs_two_path_verifier,streak2_bucket8_m0+head_dynamic_abs_w8_b64_r0.1,Aggressive,code_heldout_3,long-code,8192,24,0.0014837629860267043,True,1.0,0.28381097316741943,0.31590285897254944,0.9996135830879211,0.02849678322672844,0.9991577863693237,0.9975700378417969,0.03328893333673477,0.07033884525299072,6.182478276081383,8.428512818180025
full_indexer_vs_two_path_verifier,streak2_bucket8_m0+head_dynamic_abs_w8_b64_r0.1,Aggressive,code_heldout_3,long-code,8192,25,2.235276042483747e-05,True,1.0,0.0008898589294403791,0.0010832638945430517,0.9994423389434814,0.034246258437633514,0.9996892809867859,0.9989827871322632,0.021062206476926804,0.045724011957645416,6.182478276081383,8.428512818180025
full_indexer_vs_two_path_verifier,streak2_bucket8_m0+head_dynamic_abs_w8_b64_r0.1,Aggressive,code_heldout_3,long-code,8192,26,0.00011839560465887189,True,0.8,0.00024005869636312127,0.0005550036439672112,0.9918151497840881,0.12775655090808868,0.9976236820220947,0.99159836769104,0.05295911058783531,0.1371789276599884,6.182478276081383,8.428512818180025
full_indexer_vs_two_path_verifier,streak2_bucket8_m0+head_dynamic_abs_w8_b64_r0.1,Aggressive,code_heldout_3,long-code,8192,27,7.404491771012545e-05,True,1.0,0.00994442030787468,0.00879757571965456,0.9996809363365173,0.02546011656522751,0.9997624158859253,0.9993165731430054,0.019427739083766937,0.03698502853512764,6.182478276081383,8.428512818180025
full_indexer_vs_two_path_verifier,streak2_bucket8_m0+head_dynamic_abs_w8_b64_r0.1,Aggressive,code_heldout_3,long-code,8192,28,0.0015745812561362982,True,1.0,0.748485803604126,0.7551926374435425,0.9996887445449829,0.02514440007507801,0.9991987943649292,0.9979594945907593,0.03334364667534828,0.06442733108997345,6.182478276081383,8.428512818180025
full_indexer_vs_two_path_verifier,streak2_bucket8_m0+head_dynamic_abs_w8_b64_r0.1,Aggressive,code_heldout_3,long-code,8192,29,0.006250690668821335,True,0.8,0.22060087323188782,0.17910483479499817,0.9993324279785156,0.03654889389872551,0.999274492263794,0.9983553886413574,0.03365030512213707,0.057463958859443665,6.182478276081383,8.428512818180025
full_indexer_vs_two_path_verifier,streak2_bucket8_m0+head_dynamic_abs_w8_b64_r0.1,Aggressive,code_heldout_3,long-code,8192,30,0.0008768009138293564,True,1.0,4.883994102478027,4.513489723205566,0.9983805418014526,0.058746349066495895,0.9989533424377441,0.9978551268577576,0.04351081699132919,0.06808342039585114,6.182478276081383,8.428512818180025
full_indexer_vs_two_path_verifier,streak2_bucket8_m0+head_dynamic_abs_w8_b64_r0.1,Aggressive,code_heldout_3,long-code,8192,31,1.1684624951158185e-05,True,1.0,0.0026614980306476355,0.002792746527120471,0.999508261680603,0.03137005865573883,0.9993923306465149,0.9983683824539185,0.03134814649820328,0.058358725160360336,6.182478276081383,8.428512818180025
full_indexer_vs_two_path_verifier,streak2_bucket8_m0+head_dynamic_abs_w8_b64_r0.1,Aggressive,code_heldout_3,long-code,8192,32,1.9466833691694774e-06,True,0.8,0.0012931802775710821,0.0012829415500164032,0.9997516870498657,0.022590043023228645,0.9997932314872742,0.9994192123413086,0.01838155835866928,0.035154636949300766,6.182478276081383,8.428512818180025
full_indexer_vs_two_path_verifier,streak2_bucket8_m0+head_dynamic_abs_w8_b64_r0.1,Aggressive,code_heldout_3,long-code,8192,33,4.914518285659142e-05,True,1.0,0.011748645454645157,0.012027950957417488,0.9996087551116943,0.027981974184513092,0.9995668530464172,0.9988043308258057,0.025150775909423828,0.04904235154390335,6.182478276081383,8.428512818180025
full_indexer_vs_two_path_verifier,streak2_bucket8_m0+head_dynamic_abs_w8_b64_r0.1,Aggressive,code_heldout_3,long-code,8192,34,0.003079054644331336,True,0.8,1.5659189224243164,1.6022634506225586,0.9995101690292358,0.03217964246869087,0.9995341897010803,0.9990831017494202,0.028060980141162872,0.04344012588262558,6.182478276081383,8.428512818180025
full_indexer_vs_two_path_verifier,streak2_bucket8_m0+head_dynamic_abs_w8_b64_r0.1,Aggressive,code_heldout_3,long-code,8192,35,6.58711142023094e-05,True,0.8,0.0003943857445847243,0.0003147821989841759,0.997832715511322,0.06627979874610901,0.9990690350532532,0.997970700263977,0.038617171347141266,0.06368231028318405,6.182478276081383,8.428512818180025
full_indexer_vs_two_path_verifier,streak2_bucket8_m0+head_dynamic_abs_w8_b64_r0.1,Aggressive,code_heldout_3,long-code,8192,36,1.3110320651321672e-06,True,0.8,4.017272294731811e-05,5.149708886165172e-05,0.9995015263557434,0.03177671507000923,0.9998866319656372,0.999767541885376,0.013962501659989357,0.02205594815313816,6.182478276081383,8.428512818180025
full_indexer_vs_two_path_verifier,streak2_bucket8_m0+head_dynamic_abs_w8_b64_r0.1,Aggressive,code_heldout_3,long-code,8192,37,4.447971093668457e-07,True,0.8,1.1205610462639015e-05,1.4543427823809907e-05,0.999796986579895,0.020169178023934364,0.9998072385787964,0.9994346499443054,0.017740629613399506,0.033925265073776245,6.182478276081383,8.428512818180025
full_indexer_vs_two_path_verifier,streak2_bucket8_m0+head_dynamic_abs_w8_b64_r0.1,Aggressive,code_heldout_3,long-code,8192,38,3.7516838347073644e-05,True,1.0,0.004647999536246061,0.0052625699900090694,0.9995924234390259,0.028688257560133934,0.9998349547386169,0.9997121095657349,0.017320439219474792,0.02416779287159443,6.182478276081383,8.428512818180025
full_indexer_vs_two_path_verifier,streak2_bucket8_m0+head_dynamic_abs_w8_b64_r0.1,Aggressive,code_heldout_3,long-code,8192,39,2.6557281671557575e-06,True,1.0,0.007998460903763771,0.007978947833180428,0.9992009401321411,0.04140235111117363,0.9993469715118408,0.9970694184303284,0.028917476534843445,0.07650784403085709,6.182478276081383,8.428512818180025
full_indexer_vs_two_path_verifier,streak2_bucket8_m0+head_dynamic_abs_w8_b64_r0.1,Aggressive,code_heldout_3,long-code,8192,40,6.373566066031344e-07,True,1.0,0.00021884430316276848,0.00021634146105498075,0.9985275268554688,0.05458337813615799,0.9994112253189087,0.998569130897522,0.02852652408182621,0.05363352596759796,6.182478276081383,8.428512818180025
full_indexer_vs_two_path_verifier,streak2_bucket8_m0+head_dynamic_abs_w8_b64_r0.1,Aggressive,code_heldout_3,long-code,8192,41,0.004995258059352636,True,0.8,2.243420124053955,2.2248778343200684,0.9995436668395996,0.030336638912558556,0.9996930360794067,0.9988179802894592,0.02045568637549877,0.048643141984939575,6.182478276081383,8.428512818180025
full_indexer_vs_two_path_verifier,streak2_bucket8_m0+head_dynamic_abs_w8_b64_r0.1,Aggressive,code_heldout_3,long-code,8192,42,3.896284397342242e-05,True,1.0,0.0044527905993163586,0.0050444710068404675,0.999575674533844,0.029692912474274635,0.9998148679733276,0.9993996024131775,0.01652756705880165,0.03483331575989723,6.182478276081383,8.428512818180025
full_indexer_vs_two_path_verifier,streak2_bucket8_m0+head_dynamic_abs_w8_b64_r0.1,Aggressive,code_heldout_3,long-code,8192,43,6.043555913493037e-05,True,1.0,0.0075415195897221565,0.007904558442533016,0.999718427658081,0.025340035557746887,0.9995902180671692,0.9991284608840942,0.025238659232854843,0.042085547000169754,6.182478276081383,8.428512818180025
full_indexer_vs_two_path_verifier,streak2_bucket8_m0+head_dynamic_abs_w8_b64_r0.1,Aggressive,code_heldout_3,long-code,8192,44,7.652599379071034e-06,True,1.0,0.0008070787298493087,0.000705589191056788,0.998845636844635,0.04804817587137222,0.9997299313545227,0.9991801381111145,0.02017662487924099,0.04055239260196686,6.182478276081383,8.428512818180025
full_indexer_vs_two_path_verifier,streak2_bucket8_m0+head_dynamic_abs_w8_b64_r0.1,Aggressive,code_heldout_3,long-code,8192,45,3.287151457698201e-07,True,1.0,6.532455881824717e-05,6.401333666872233e-05,0.9994034171104431,0.03513490781188011,0.9994360208511353,0.9991293549537659,0.03152227774262428,0.041757289320230484,6.182478276081383,8.428512818180025
full_indexer_vs_two_path_verifier,streak2_bucket8_m0+head_dynamic_abs_w8_b64_r0.1,Aggressive,code_heldout_3,long-code,8192,46,0.00030833669006824493,True,1.0,0.040424883365631104,0.0456564798951149,0.9991451501846313,0.04150497540831566,0.9989386796951294,0.9982324838638306,0.04051675274968147,0.059456828981637955,6.182478276081383,8.428512818180025
full_indexer_vs_two_path_verifier,streak2_bucket8_m0+head_dynamic_abs_w8_b64_r0.1,Aggressive,code_heldout_3,long-code,8192,47,4.4172280468046665e-05,True,1.0,0.00271904026158154,0.0030632736161351204,0.9976189136505127,0.06946975737810135,0.9984290599822998,0.995413064956665,0.04529641568660736,0.095731720328331,6.182478276081383,8.428512818180025
full_indexer_vs_two_path_verifier,streak2_bucket8_m0+head_dynamic_abs_w8_b64_r0.1,Aggressive,code_heldout_3,long-code,8192,48,4.0734768845140934e-05,True,1.0,0.00540047325193882,0.004767479375004768,0.9994425773620605,0.03366546332836151,0.9997755289077759,0.9996168613433838,0.019734883680939674,0.02816222980618477,6.182478276081383,8.428512818180025
full_indexer_vs_two_path_verifier,streak2_bucket8_m0+head_dynamic_abs_w8_b64_r0.1,Aggressive,code_heldout_3,long-code,8192,49,0.00012714472541119903,True,1.0,0.006345363333821297,0.005421696230769157,0.9997856020927429,0.020714038982987404,0.9997235536575317,0.9993771314620972,0.020678089931607246,0.03566084802150726,6.182478276081383,8.428512818180025
full_indexer_vs_two_path_verifier,streak2_bucket8_m0+head_dynamic_abs_w8_b64_r0.1,Aggressive,code_heldout_3,long-code,8192,50,0.0017512497724965215,True,1.0,1.5166007280349731,1.5246950387954712,0.9994628429412842,0.03287695720791817,0.9993541240692139,0.9983469843864441,0.029280684888362885,0.05860559642314911,6.182478276081383,8.428512818180025
full_indexer_vs_two_path_verifier,streak2_bucket8_m0+head_dynamic_abs_w8_b64_r0.1,Aggressive,code_heldout_3,long-code,8192,51,0.003313486697152257,True,1.0,0.02407972328364849,0.039039552211761475,0.9994996190071106,0.031767282634973526,0.999424934387207,0.9990355372428894,0.03137808293104172,0.04392422363162041,6.182478276081383,8.428512818180025
full_indexer_vs_two_path_verifier,streak2_bucket8_m0+head_dynamic_abs_w8_b64_r0.1,Aggressive,code_heldout_3,long-code,8192,52,0.0015385454753413796,True,1.0,0.03267534449696541,0.043495725840330124,0.9993700981140137,0.03555119037628174,0.9996639490127563,0.9991410970687866,0.023600609973073006,0.041744716465473175,6.182478276081383,8.428512818180025
full_indexer_vs_two_path_verifier,streak2_bucket8_m0+head_dynamic_abs_w8_b64_r0.1,Aggressive,code_heldout_3,long-code,8192,53,1.143375993706286e-05,True,1.0,0.009817293845117092,0.009968497790396214,0.9991993308067322,0.04029381275177002,0.9995265603065491,0.9987327456474304,0.02776338905096054,0.05050786957144737,6.182478276081383,8.428512818180025
full_indexer_vs_two_path_verifier,streak2_bucket8_m0+head_dynamic_abs_w8_b64_r0.1,Aggressive,code_heldout_3,long-code,8192,54,1.446404894522857e-06,True,1.0,0.0001858300092862919,0.00016783259343355894,0.998390257358551,0.056882258504629135,0.9988371729850769,0.9974970817565918,0.044857192784547806,0.07081270217895508,6.182478276081383,8.428512818180025
full_indexer_vs_two_path_verifier,streak2_bucket8_m0+head_dynamic_abs_w8_b64_r0.1,Aggressive,code_heldout_3,long-code,8192,55,0.0001480927166994661,True,1.0,0.0034086955711245537,0.00449622655287385,0.9996061325073242,0.02819455787539482,0.9996612071990967,0.9992085695266724,0.02271329052746296,0.03987972065806389,6.182478276081383,8.428512818180025
full_indexer_vs_two_path_verifier,streak2_bucket8_m0+head_dynamic_abs_w8_b64_r0.1,Aggressive,code_heldout_3,long-code,8192,56,9.629060286897584e-07,True,1.0,2.0503786799963564e-05,2.6702524337451905e-05,0.9988059401512146,0.048875678330659866,0.9995038509368896,0.998426616191864,0.024961788207292557,0.05648185312747955,6.182478276081383,8.428512818180025
full_indexer_vs_two_path_verifier,streak2_bucket8_m0+head_dynamic_abs_w8_b64_r0.1,Aggressive,code_heldout_3,long-code,8192,57,8.956231613410637e-05,True,1.0,0.0005915798828937113,0.0003296785580459982,0.9922003746032715,0.12465797364711761,0.9986281394958496,0.9952245354652405,0.03741246461868286,0.09875673055648804,6.182478276081383,8.428512818180025
full_indexer_vs_two_path_verifier,streak2_bucket8_m0+head_dynamic_abs_w8_b64_r0.1,Aggressive,code_heldout_3,long-code,8192,58,0.002964817453175783,True,1.0,0.02192438580095768,0.035315029323101044,0.9991692900657654,0.04127291589975357,0.9997899532318115,0.9993805885314941,0.017547905445098877,0.035568177700042725,6.182478276081383,8.428512818180025
full_indexer_vs_two_path_verifier,streak2_bucket8_m0+head_dynamic_abs_w8_b64_r0.1,Aggressive,code_heldout_3,long-code,8192,59,3.2929856388363987e-06,True,1.0,0.003994819708168507,0.00404349947348237,0.998928964138031,0.04694465547800064,0.998981773853302,0.9977380037307739,0.04017295688390732,0.06758613884449005,6.182478276081383,8.428512818180025
full_indexer_vs_two_path_verifier,streak2_bucket8_m0+head_dynamic_abs_w8_b64_r0.1,Aggressive,code_heldout_3,long-code,8192,60,0.00722414068877697,True,1.0,0.4061199128627777,0.49647945165634155,0.9996477365493774,0.026652522385120392,0.9991975426673889,0.9981297850608826,0.033324405550956726,0.061146870255470276,6.182478276081383,8.428512818180025
full_indexer_vs_two_path_verifier,streak2_bucket8_m0+head_dynamic_abs_w8_b64_r0.1,Aggressive,code_heldout_3,long-code,8192,61,9.138592577073723e-05,True,0.8,0.07843179255723953,0.07921601086854935,0.999725878238678,0.02364031784236431,0.9996966123580933,0.9991121292114258,0.020859161391854286,0.042152561247348785,6.182478276081383,8.428512818180025
full_indexer_vs_two_path_verifier,streak2_bucket8_m0+head_dynamic_abs_w8_b64_r0.1,Aggressive,code_heldout_3,long-code,8192,62,0.000500231864862144,True,1.0,0.065050408244133,0.07319437712430954,0.9987748265266418,0.0500318668782711,0.9991338849067688,0.9973304271697998,0.034762464463710785,0.07348509877920151,6.182478276081383,8.428512818180025
full_indexer_vs_two_path_verifier,streak2_bucket8_m0+head_dynamic_abs_w8_b64_r0.1,Aggressive,code_heldout_3,long-code,8192,63,1.5288151189452037e-05,True,1.0,0.0020996923558413982,0.0022870355751365423,0.9994961619377136,0.031769175082445145,0.9994426965713501,0.9982910752296448,0.027749069035053253,0.05980342626571655,6.182478276081383,8.428512818180025
full_indexer_vs_two_path_verifier,streak2_bucket8_m0+head_dynamic_abs_w8_b64_r0.1,Aggressive,code_heldout_3,long-code,16384,0,0.0,True,1.0,1.594533085823059,1.594533085823059,1.000000238418579,0.0,1.0000003576278687,1.0000001192092896,0.0,0.0,6.944963912945241,10.358954740688205
full_indexer_vs_two_path_verifier,streak2_bucket8_m0+head_dynamic_abs_w8_b64_r0.1,Aggressive,code_heldout_3,long-code,16384,1,0.0,True,1.0,1.4786323308944702,1.4786323308944702,1.0000001192092896,0.0,1.0000005960464478,1.000000238418579,0.0,0.0,6.944963912945241,10.358954740688205
full_indexer_vs_two_path_verifier,streak2_bucket8_m0+head_dynamic_abs_w8_b64_r0.1,Aggressive,code_heldout_3,long-code,16384,2,3.443236346356571e-05,True,1.0,0.012484495528042316,0.012189419940114021,0.9998593330383301,0.017592838034033775,0.9999063014984131,0.9998505115509033,0.012772709131240845,0.017320292070508003,6.944963912945241,10.358954740688205
full_indexer_vs_two_path_verifier,streak2_bucket8_m0+head_dynamic_abs_w8_b64_r0.1,Aggressive,code_heldout_3,long-code,16384,3,0.0002662918996065855,True,1.0,0.034247733652591705,0.03770545497536659,0.9998542070388794,0.018007688224315643,0.9998455047607422,0.9997506141662598,0.01664445735514164,0.022529082372784615,6.944963912945241,10.358954740688205
full_indexer_vs_two_path_verifier,streak2_bucket8_m0+head_dynamic_abs_w8_b64_r0.1,Aggressive,code_heldout_3,long-code,16384,4,7.03602381690871e-07,True,1.0,0.0007307243067771196,0.0007439468172378838,0.9999336004257202,0.014459235593676567,0.9999277591705322,0.9998719096183777,0.011713394895195961,0.016177091747522354,6.944963912945241,10.358954740688205
full_indexer_vs_two_path_verifier,streak2_bucket8_m0+head_dynamic_abs_w8_b64_r0.1,Aggressive,code_heldout_3,long-code,16384,5,0.0017016094643622637,True,1.0,0.3919408619403839,0.35325315594673157,0.9989893436431885,0.04527672752737999,0.9989867210388184,0.9978415369987488,0.04026845097541809,0.06568080931901932,6.944963912945241,10.358954740688205
full_indexer_vs_two_path_verifier,streak2_bucket8_m0+head_dynamic_abs_w8_b64_r0.1,Aggressive,code_heldout_3,long-code,16384,6,0.00032235425896942616,True,0.8,0.0358257070183754,0.04069240018725395,0.9989655017852783,0.04650026187300682,0.999316930770874,0.9978781342506409,0.03132907301187515,0.06520648300647736,6.944963912945241,10.358954740688205
full_indexer_vs_two_path_verifier,streak2_bucket8_m0+head_dynamic_abs_w8_b64_r0.1,Aggressive,code_heldout_3,long-code,16384,7,3.848689175356412e-06,True,1.0,0.0004932855372317135,0.0004999579978175461,0.9993159770965576,0.03704031929373741,0.9994227290153503,0.9985184073448181,0.028751440346240997,0.054564591497182846,6.944963912945241,10.358954740688205
full_indexer_vs_two_path_verifier,streak2_bucket8_m0+head_dynamic_abs_w8_b64_r0.1,Aggressive,code_heldout_3,long-code,16384,8,0.011545101180672646,True,1.0,0.8420457243919373,0.8515297174453735,0.9995869398117065,0.029178552329540253,0.9995896816253662,0.9985479712486267,0.025312721729278564,0.05390537902712822,6.944963912945241,10.358954740688205
full_indexer_vs_two_path_verifier,streak2_bucket8_m0+head_dynamic_abs_w8_b64_r0.1,Aggressive,code_heldout_3,long-code,16384,9,0.00015571978292427957,True,0.8,0.021308420225977898,0.01882437989115715,0.9997689127922058,0.021550513803958893,0.9998797178268433,0.999800443649292,0.014537779614329338,0.020122896879911423,6.944963912945241,10.358954740688205
full_indexer_vs_two_path_verifier,streak2_bucket8_m0+head_dynamic_abs_w8_b64_r0.1,Aggressive,code_heldout_3,long-code,16384,10,0.005252227187156677,True,1.0,0.19551841914653778,0.15954595804214478,0.9997397661209106,0.025698015466332436,0.9990759491920471,0.9976693391799927,0.03774349018931389,0.06914310902357101,6.944963912945241,10.358954740688205
full_indexer_vs_two_path_verifier,streak2_bucket8_m0+head_dynamic_abs_w8_b64_r0.1,Aggressive,code_heldout_3,long-code,16384,11,7.753010322630871e-06,True,0.8,0.0008668717346154153,0.0007875440060161054,0.9993266463279724,0.038467422127723694,0.9997208118438721,0.9992327690124512,0.020887400954961777,0.03917847201228142,6.944963912945241,10.358954740688205
full_indexer_vs_two_path_verifier,streak2_bucket8_m0+head_dynamic_abs_w8_b64_r0.1,Aggressive,code_heldout_3,long-code,16384,12,0.007963595911860466,True,0.8,0.09373930841684341,0.060049109160900116,0.9994929432868958,0.03245547413825989,0.999215304851532,0.9980791211128235,0.033156417310237885,0.06211386248469353,6.944963912945241,10.358954740688205
full_indexer_vs_two_path_verifier,streak2_bucket8_m0+head_dynamic_abs_w8_b64_r0.1,Aggressive,code_heldout_3,long-code,16384,13,2.4016277166083455e-05,True,1.0,0.0029906569980084896,0.003382677212357521,0.9997362494468689,0.02360912412405014,0.9998273849487305,0.9996231198310852,0.017133377492427826,0.027587497606873512,6.944963912945241,10.358954740688205
full_indexer_vs_two_path_verifier,streak2_bucket8_m0+head_dynamic_abs_w8_b64_r0.1,Aggressive,code_heldout_3,long-code,16384,14,0.0007486594840884209,True,1.0,2.019498348236084,2.033165693283081,0.9995555877685547,0.029977092519402504,0.9992884397506714,0.9982482194900513,0.03317584842443466,0.05919944494962692,6.944963912945241,10.358954740688205
full_indexer_vs_two_path_verifier,streak2_bucket8_m0+head_dynamic_abs_w8_b64_r0.1,Aggressive,code_heldout_3,long-code,16384,15,0.006472963839769363,True,1.0,1.1580617427825928,1.3228832483291626,0.9998512268066406,0.01914188079535961,0.9997864961624146,0.9996119737625122,0.019110867753624916,0.027993010357022285,6.944963912945241,10.358954740688205
full_indexer_vs_two_path_verifier,streak2_bucket8_m0+head_dynamic_abs_w8_b64_r0.1,Aggressive,code_heldout_3,long-code,16384,16,6.562353519257158e-05,True,0.8,0.009093890897929668,0.008088570088148117,0.9997373223304749,0.023020684719085693,0.9996764063835144,0.9991509914398193,0.02197357453405857,0.041548702865839005,6.944963912945241,10.358954740688205
full_indexer_vs_two_path_verifier,streak2_bucket8_m0+head_dynamic_abs_w8_b64_r0.1,Aggressive,code_heldout_3,long-code,16384,17,0.0012577474117279053,True,1.0,0.4953518211841583,0.5201412439346313,0.999956488609314,0.009342987090349197,0.9998874664306641,0.9997599124908447,0.013997223228216171,0.021946128457784653,6.944963912945241,10.358954740688205
full_indexer_vs_two_path_verifier,streak2_bucket8_m0+head_dynamic_abs_w8_b64_r0.1,Aggressive,code_heldout_3,long-code,16384,18,3.6787459976039827e-06,True,1.0,0.003397527849301696,0.0033547570928931236,0.9998460412025452,0.017578469589352608,0.9998881816864014,0.9998206496238708,0.014144848100841045,0.01896754652261734,6.944963912945241,10.358954740688205
full_indexer_vs_two_path_verifier,streak2_bucket8_m0+head_dynamic_abs_w8_b64_r0.1,Aggressive,code_heldout_3,long-code,16384,19,0.02561095356941223,True,0.8,1.2288260459899902,1.2630740404129028,0.9990216493606567,0.045216865837574005,0.9991275668144226,0.9977238178253174,0.03440086171030998,0.06929630786180496,6.944963912945241,10.358954740688205
full_indexer_vs_two_path_verifier,streak2_bucket8_m0+head_dynamic_abs_w8_b64_r0.1,Aggressive,code_heldout_3,long-code,16384,20,4.20092255808413e-05,True,1.0,0.015017547644674778,0.01569185219705105,0.9993900656700134,0.03539648652076721,0.9996739625930786,0.9992979168891907,0.023152988404035568,0.03748534992337227,6.944963912945241,10.358954740688205
full_indexer_vs_two_path_verifier,streak2_bucket8_m0+head_dynamic_abs_w8_b64_r0.1,Aggressive,code_heldout_3,long-code,16384,21,0.0026186425238847733,True,0.8,1.3263931274414062,1.4330272674560547,0.9996230602264404,0.027496028691530228,0.9995340704917908,0.9987532496452332,0.0256623774766922,0.04996785521507263,6.944963912945241,10.358954740688205
full_indexer_vs_two_path_verifier,streak2_bucket8_m0+head_dynamic_abs_w8_b64_r0.1,Aggressive,code_heldout_3,long-code,16384,22,0.0003434105892665684,True,1.0,4.225918292999268,4.10082483291626,0.9998864531517029,0.017531713470816612,0.9997147917747498,0.9990952014923096,0.02066342532634735,0.04265124723315239,6.944963912945241,10.358954740688205
full_indexer_vs_two_path_verifier,streak2_bucket8_m0+head_dynamic_abs_w8_b64_r0.1,Aggressive,code_heldout_3,long-code,16384,23,4.4704276660922915e-05,True,1.0,0.0058639636263251305,0.005625725723803043,0.9995424151420593,0.03063739463686943,0.9996294975280762,0.9991535544395447,0.023495759814977646,0.0411558635532856,6.944963912945241,10.358954740688205
full_indexer_vs_two_path_verifier,streak2_bucket8_m0+head_dynamic_abs_w8_b64_r0.1,Aggressive,code_heldout_3,long-code,16384,24,0.00031818365096114576,True,1.0,0.006696639582514763,0.007500345353037119,0.9992170929908752,0.039602477103471756,0.9998111724853516,0.9995709657669067,0.01850399374961853,0.029600778594613075,6.944963912945241,10.358954740688205
full_indexer_vs_two_path_verifier,streak2_bucket8_m0+head_dynamic_abs_w8_b64_r0.1,Aggressive,code_heldout_3,long-code,16384,25,3.862060111714527e-06,True,1.0,1.7881233361549675e-05,8.4638240878121e-06,0.9963895678520203,0.08592715859413147,0.9989325404167175,0.9978381991386414,0.040392354130744934,0.06608333438634872,6.944963912945241,10.358954740688205
full_indexer_vs_two_path_verifier,streak2_bucket8_m0+head_dynamic_abs_w8_b64_r0.1,Aggressive,code_heldout_3,long-code,16384,26,1.7515378658572445e-07,True,1.0,1.9073304429184645e-05,2.1576648578047752e-05,0.9994330406188965,0.03368408605456352,0.999807596206665,0.9994479417800903,0.017391817644238472,0.033242084085941315,6.944963912945241,10.358954740688205
full_indexer_vs_two_path_verifier,streak2_bucket8_m0+head_dynamic_abs_w8_b64_r0.1,Aggressive,code_heldout_3,long-code,16384,27,4.185604307593849e-09,True,1.0,-0.0,-0.0,0.9996309876441956,0.027211112901568413,0.9998929500579834,0.9998125433921814,0.014312667772173882,0.020693108439445496,6.944963912945241,10.358954740688205
full_indexer_vs_two_path_verifier,streak2_bucket8_m0+head_dynamic_abs_w8_b64_r0.1,Aggressive,code_heldout_3,long-code,16384,28,0.01724584773182869,True,1.0,0.1760343462228775,0.11264960467815399,0.9993849396705627,0.03510791435837746,0.9998917579650879,0.9997707605361938,0.013696019537746906,0.021423352882266045,6.944963912945241,10.358954740688205
full_indexer_vs_two_path_verifier,streak2_bucket8_m0+head_dynamic_abs_w8_b64_r0.1,Aggressive,code_heldout_3,long-code,16384,29,1.8569953681435436e-06,True,1.0,0.0019183820113539696,0.0019238550448790193,0.9986908435821533,0.051161643117666245,0.9996046423912048,0.9990545511245728,0.024177270010113716,0.04358017444610596,6.944963912945241,10.358954740688205
full_indexer_vs_two_path_verifier,streak2_bucket8_m0+head_dynamic_abs_w8_b64_r0.1,Aggressive,code_heldout_3,long-code,16384,30,0.001411931705661118,True,1.0,0.006162332836538553,0.011197935789823532,0.9893326163291931,0.14693999290466309,0.9972481727600098,0.9938536882400513,0.06356197595596313,0.11122387647628784,6.944963912945241,10.358954740688205
full_indexer_vs_two_path_verifier,streak2_bucket8_m0+head_dynamic_abs_w8_b64_r0.1,Aggressive,code_heldout_3,long-code,16384,31,2.7277223125565797e-05,True,1.0,0.0013658013194799423,0.0016332633094862103,0.997873842716217,0.06608477234840393,0.9992439150810242,0.9969828128814697,0.03159090504050255,0.0778161883354187,6.944963912945241,10.358954740688205
full_indexer_vs_two_path_verifier,streak2_bucket8_m0+head_dynamic_abs_w8_b64_r0.1,Aggressive,code_heldout_3,long-code,16384,32,1.3134964547134587e-06,True,1.0,4.1483970562694594e-05,3.2782016205601394e-05,0.9956035017967224,0.09526574611663818,0.9992310404777527,0.997642457485199,0.03172142058610916,0.06988097727298737,6.944963912945241,10.358954740688205
full_indexer_vs_two_path_verifier,streak2_bucket8_m0+head_dynamic_abs_w8_b64_r0.1,Aggressive,code_heldout_3,long-code,16384,33,8.114889169519302e-07,True,1.0,3.4570634852570947e-06,4.768360213347478e-06,0.9965478181838989,0.08327331393957138,0.9996404051780701,0.9987601041793823,0.022150740027427673,0.05006939545273781,6.944963912945241,10.358954740688205
full_indexer_vs_two_path_verifier,streak2_bucket8_m0+head_dynamic_abs_w8_b64_r0.1,Aggressive,code_heldout_3,long-code,16384,34,2.071826514793429e-07,True,1.0,1.2040065485052764e-05,1.4543427823809907e-05,0.9975700378417969,0.07007064670324326,0.9993959665298462,0.9983806610107422,0.028506599366664886,0.057023171335458755,6.944963912945241,10.358954740688205
full_indexer_vs_two_path_verifier,streak2_bucket8_m0+head_dynamic_abs_w8_b64_r0.1,Aggressive,code_heldout_3,long-code,16384,35,0.021702827885746956,True,1.0,2.8719406127929688,2.7669193744659424,0.9987922310829163,0.04916507005691528,0.9996799230575562,0.9991568326950073,0.022828396409749985,0.04106028005480766,6.944963912945241,10.358954740688205
full_indexer_vs_two_path_verifier,streak2_bucket8_m0+head_dynamic_abs_w8_b64_r0.1,Aggressive,code_heldout_3,long-code,16384,36,-8.750806301804914e-09,True,1.0,1.7881377516459906e-06,1.6689286894688848e-06,0.999597430229187,0.02849789895117283,0.999896764755249,0.9998356699943542,0.013569273054599762,0.01834089681506157,6.944963912945241,10.358954740688205
full_indexer_vs_two_path_verifier,streak2_bucket8_m0+head_dynamic_abs_w8_b64_r0.1,Aggressive,code_heldout_3,long-code,16384,37,0.048303768038749695,False,0.8,0.8406857252120972,0.5414299964904785,0.9973415732383728,0.0734669640660286,0.9992505311965942,0.997099757194519,0.031082069501280785,0.07661067694425583,6.944963912945241,10.358954740688205
full_indexer_vs_two_path_verifier,streak2_bucket8_m0+head_dynamic_abs_w8_b64_r0.1,Aggressive,code_heldout_3,long-code,16384,38,0.001281927339732647,True,1.0,0.21638783812522888,0.1970476359128952,0.9994608759880066,0.03286226466298103,0.9996421337127686,0.9991986751556396,0.023937923833727837,0.040338244289159775,6.944963912945241,10.358954740688205
full_indexer_vs_two_path_verifier,streak2_bucket8_m0+head_dynamic_abs_w8_b64_r0.1,Aggressive,code_heldout_3,long-code,16384,39,3.0430105653067585e-06,True,1.0,0.11195631325244904,0.1119111180305481,0.9998988509178162,0.014633706770837307,0.999817967414856,0.9995017051696777,0.01705658808350563,0.031579937785863876,6.944963912945241,10.358954740688205
full_indexer_vs_two_path_verifier,streak2_bucket8_m0+head_dynamic_abs_w8_b64_r0.1,Aggressive,code_heldout_3,long-code,16384,40,6.461219163611531e-05,True,1.0,0.008664749562740326,0.009691922925412655,0.9998794794082642,0.016148585826158524,0.9998371601104736,0.9996814131736755,0.01647096686065197,0.02532276324927807,6.944963912945241,10.358954740688205
full_indexer_vs_two_path_verifier,streak2_bucket8_m0+head_dynamic_abs_w8_b64_r0.1,Aggressive,code_heldout_3,long-code,16384,41,0.007626381237059832,True,1.0,1.3456847667694092,1.4930411577224731,0.9996682405471802,0.026273779571056366,0.9998566508293152,0.9996951222419739,0.01573648862540722,0.024709634482860565,6.944963912945241,10.358954740688205
full_indexer_vs_two_path_verifier,streak2_bucket8_m0+head_dynamic_abs_w8_b64_r0.1,Aggressive,code_heldout_3,long-code,16384,42,3.811558417510241e-05,True,1.0,0.004664848558604717,0.005271582398563623,0.9982246160507202,0.05960691720247269,0.9996047019958496,0.9983808994293213,0.02290484495460987,0.05827419087290764,6.944963912945241,10.358954740688205
full_indexer_vs_two_path_verifier,streak2_bucket8_m0+head_dynamic_abs_w8_b64_r0.1,Aggressive,code_heldout_3,long-code,16384,43,2.1837942767888308e-05,True,1.0,0.001763218897394836,0.002025458961725235,0.9981949329376221,0.06026626378297806,0.9995222091674805,0.9982643723487854,0.026495274156332016,0.05922624468803406,6.944963912945241,10.358954740688205
full_indexer_vs_two_path_verifier,streak2_bucket8_m0+head_dynamic_abs_w8_b64_r0.1,Aggressive,code_heldout_3,long-code,16384,44,0.00018062225717585534,True,1.0,0.001739775761961937,0.0011039836099371314,0.9993914365768433,0.0349658764898777,0.998981237411499,0.9968149065971375,0.03784846514463425,0.07990628480911255,6.944963912945241,10.358954740688205
full_indexer_vs_two_path_verifier,streak2_bucket8_m0+head_dynamic_abs_w8_b64_r0.1,Aggressive,code_heldout_3,long-code,16384,45,0.0017736988374963403,True,1.0,0.2957924008369446,0.27623695135116577,0.9985443949699402,0.05589798092842102,0.9987306594848633,0.9971067905426025,0.043843790888786316,0.07609105855226517,6.944963912945241,10.358954740688205
full_indexer_vs_two_path_verifier,streak2_bucket8_m0+head_dynamic_abs_w8_b64_r0.1,Aggressive,code_heldout_3,long-code,16384,46,1.63491495186463e-05,True,1.0,0.0019164782715961337,0.002174633787944913,0.9983532428741455,0.057445310056209564,0.9995874166488647,0.9985641241073608,0.025050349533557892,0.05556906759738922,6.944963912945241,10.358954740688205
full_indexer_vs_two_path_verifier,streak2_bucket8_m0+head_dynamic_abs_w8_b64_r0.1,Aggressive,code_heldout_3,long-code,16384,47,1.6680041881045327e-06,True,1.0,0.00019572250312194228,0.00018034738604910672,0.9997526407241821,0.02293563447892666,0.9998437762260437,0.9997324347496033,0.0165155790746212,0.023552261292934418,6.944963912945241,10.358954740688205
full_indexer_vs_two_path_verifier,streak2_bucket8_m0+head_dynamic_abs_w8_b64_r0.1,Aggressive,code_heldout_3,long-code,16384,48,0.00038255658000707626,True,1.0,0.25973010063171387,0.25344520807266235,0.9998205900192261,0.019242985174059868,0.9997652769088745,0.9994573593139648,0.01959889754652977,0.03299187123775482,6.944963912945241,10.358954740688205
full_indexer_vs_two_path_verifier,streak2_bucket8_m0+head_dynamic_abs_w8_b64_r0.1,Aggressive,code_heldout_3,long-code,16384,49,8.13557708170265e-05,True,1.0,0.00284445658326149,0.002217930741608143,0.9988348484039307,0.04849569499492645,0.9989057779312134,0.9975957274436951,0.041670382022857666,0.06932083517313004,6.944963912945241,10.358954740688205
full_indexer_vs_two_path_verifier,streak2_bucket8_m0+head_dynamic_abs_w8_b64_r0.1,Aggressive,code_heldout_3,long-code,16384,50,0.00039904654840938747,True,1.0,0.061145417392253876,0.055974483489990234,0.9999339580535889,0.011565502732992172,0.9997801780700684,0.999537467956543,0.019138984382152557,0.030439358204603195,6.944963912945241,10.358954740688205
full_indexer_vs_two_path_verifier,streak2_bucket8_m0+head_dynamic_abs_w8_b64_r0.1,Aggressive,code_heldout_3,long-code,16384,51,9.350422260467894e-06,True,1.0,7.962863310240209e-05,0.00012337400403339416,0.9984602928161621,0.05592444911599159,0.9994021654129028,0.998608410358429,0.030183900147676468,0.05341823399066925,6.944963912945241,10.358954740688205
full_indexer_vs_two_path_verifier,streak2_bucket8_m0+head_dynamic_abs_w8_b64_r0.1,Aggressive,code_heldout_3,long-code,16384,52,0.0001370873360428959,True,1.0,0.012773245573043823,0.014329979196190834,0.9996100664138794,0.027987312525510788,0.9995901584625244,0.9987977743148804,0.02631027065217495,0.04909511283040047,6.944963912945241,10.358954740688205
full_indexer_vs_two_path_verifier,streak2_bucket8_m0+head_dynamic_abs_w8_b64_r0.1,Aggressive,code_heldout_3,long-code,16384,53,4.780424205819145e-06,True,1.0,0.0006716379430145025,0.0007163104019127786,0.9989345073699951,0.04622799903154373,0.999649703502655,0.9991898536682129,0.023885458707809448,0.04056618735194206,6.944963912945241,10.358954740688205
full_indexer_vs_two_path_verifier,streak2_bucket8_m0+head_dynamic_abs_w8_b64_r0.1,Aggressive,code_heldout_3,long-code,16384,54,4.4231011997908354e-05,True,1.0,0.007149351295083761,0.006454928312450647,0.9995595812797546,0.02969469502568245,0.9996939897537231,0.9990794062614441,0.02199576422572136,0.043415721505880356,6.944963912945241,10.358954740688205
full_indexer_vs_two_path_verifier,streak2_bucket8_m0+head_dynamic_abs_w8_b64_r0.1,Aggressive,code_heldout_3,long-code,16384,55,0.00037707702722400427,True,1.0,0.4051990807056427,0.39912697672843933,0.9998637437820435,0.01653735525906086,0.9997554421424866,0.9993735551834106,0.019981130957603455,0.035791825503110886,6.944963912945241,10.358954740688205
full_indexer_vs_two_path_verifier,streak2_bucket8_m0+head_dynamic_abs_w8_b64_r0.1,Aggressive,code_heldout_3,long-code,16384,56,1.1641579476417974e-05,True,0.8,8.439661905867979e-05,9.30981186684221e-05,0.994374692440033,0.10593890398740768,0.9985312223434448,0.9959163665771484,0.04591056704521179,0.09043779224157333,6.944963912945241,10.358954740688205
full_indexer_vs_two_path_verifier,streak2_bucket8_m0+head_dynamic_abs_w8_b64_r0.1,Aggressive,code_heldout_3,long-code,16384,57,0.001551312394440174,True,1.0,3.0494613647460938,2.8126518726348877,0.9980360269546509,0.06377817690372467,0.998649001121521,0.9970306158065796,0.04384130984544754,0.07801876217126846,6.944963912945241,10.358954740688205
full_indexer_vs_two_path_verifier,streak2_bucket8_m0+head_dynamic_abs_w8_b64_r0.1,Aggressive,code_heldout_3,long-code,16384,58,0.00010378414299339056,True,0.8,0.0036182431504130363,0.0028190179727971554,0.9977098703384399,0.06779062002897263,0.9992914199829102,0.9980866312980652,0.031202170997858047,0.06184162199497223,6.944963912945241,10.358954740688205
full_indexer_vs_two_path_verifier,streak2_bucket8_m0+head_dynamic_abs_w8_b64_r0.1,Aggressive,code_heldout_3,long-code,16384,59,0.015193875879049301,True,1.0,0.1749015748500824,0.11132001876831055,0.997405469417572,0.0727791041135788,0.9991143941879272,0.9971684813499451,0.03524372726678848,0.07540123909711838,6.944963912945241,10.358954740688205
full_indexer_vs_two_path_verifier,streak2_bucket8_m0+head_dynamic_abs_w8_b64_r0.1,Aggressive,code_heldout_3,long-code,16384,60,0.00039790989831089973,True,1.0,0.056806232780218124,0.05075718089938164,0.9988000988960266,0.0490332767367363,0.9991956949234009,0.9976770877838135,0.03566207364201546,0.06936928629875183,6.944963912945241,10.358954740688205
full_indexer_vs_two_path_verifier,streak2_bucket8_m0+head_dynamic_abs_w8_b64_r0.1,Aggressive,code_heldout_3,long-code,16384,61,0.00014838816423434764,True,1.0,0.018814904615283012,0.02128741517663002,0.9998944401741028,0.014562631957232952,0.9998142123222351,0.999620795249939,0.017364501953125,0.028002535924315453,6.944963912945241,10.358954740688205
full_indexer_vs_two_path_verifier,streak2_bucket8_m0+head_dynamic_abs_w8_b64_r0.1,Aggressive,code_heldout_3,long-code,16384,62,5.209731170907617e-06,True,0.8,0.00031835734262131155,0.0003649522550404072,0.9995421171188354,0.031016945838928223,0.9997377395629883,0.9993057250976562,0.019691701978445053,0.03727167472243309,6.944963912945241,10.358954740688205
full_indexer_vs_two_path_verifier,streak2_bucket8_m0+head_dynamic_abs_w8_b64_r0.1,Aggressive,code_heldout_3,long-code,16384,63,5.550791684072465e-06,True,1.0,1.5070987939834595,1.507055640220642,0.998921811580658,0.04655111953616142,0.9997071027755737,0.9990359544754028,0.021082838997244835,0.04414321854710579,6.944963912945241,10.358954740688205
full_indexer_vs_two_path_verifier,streak2_bucket8_m0+head_dynamic_abs_w8_b64_r0.1,Aggressive,code_heldout_3,long-code,32768,0,0.0,True,1.0,0.8365159630775452,0.8365159630775452,1.0000003576278687,0.0,1.0000004768371582,1.0,0.0,0.0,8.909396116156131,14.397098201792687
full_indexer_vs_two_path_verifier,streak2_bucket8_m0+head_dynamic_abs_w8_b64_r0.1,Aggressive,code_heldout_3,long-code,32768,1,0.0,True,1.0,0.28873780369758606,0.28873780369758606,1.0000004768371582,0.0,1.0000004768371582,1.000000238418579,0.0,0.0,8.909396116156131,14.397098201792687
full_indexer_vs_two_path_verifier,streak2_bucket8_m0+head_dynamic_abs_w8_b64_r0.1,Aggressive,code_heldout_3,long-code,32768,2,0.0004481109790503979,True,1.0,0.3634225130081177,0.3671098053455353,0.9990268349647522,0.04533982649445534,0.9997332096099854,0.9992786645889282,0.0206763818860054,0.03820735216140747,8.909396116156131,14.397098201792687
full_indexer_vs_two_path_verifier,streak2_bucket8_m0+head_dynamic_abs_w8_b64_r0.1,Aggressive,code_heldout_3,long-code,32768,3,1.8666540881895344e-06,True,1.0,3.302042750874534e-05,2.539125671319198e-05,0.9977113008499146,0.06773491948843002,0.9996111392974854,0.9988635182380676,0.022948257625102997,0.04769749939441681,8.909396116156131,14.397098201792687
full_indexer_vs_two_path_verifier,streak2_bucket8_m0+head_dynamic_abs_w8_b64_r0.1,Aggressive,code_heldout_3,long-code,32768,4,2.7992032869406103e-07,True,1.0,4.172316494077677e-06,2.7418097943154862e-06,0.9978625178337097,0.06592665612697601,0.9987586140632629,0.9978407025337219,0.04737113043665886,0.0659705400466919,8.909396116156131,14.397098201792687
full_indexer_vs_two_path_verifier,streak2_bucket8_m0+head_dynamic_abs_w8_b64_r0.1,Aggressive,code_heldout_3,long-code,32768,5,6.867662705190014e-08,True,1.0,6.198863957251888e-06,7.033323527139146e-06,0.9916871190071106,0.13005588948726654,0.9979907274246216,0.9958749413490295,0.05483544245362282,0.09083535522222519,8.909396116156131,14.397098201792687
full_indexer_vs_two_path_verifier,streak2_bucket8_m0+head_dynamic_abs_w8_b64_r0.1,Aggressive,code_heldout_3,long-code,32768,6,0.002030686940997839,True,1.0,0.12249630689620972,0.10207708925008774,0.9998058676719666,0.019936630502343178,0.9996919631958008,0.9989979267120361,0.02226226031780243,0.04480845853686333,8.909396116156131,14.397098201792687
full_indexer_vs_two_path_verifier,streak2_bucket8_m0+head_dynamic_abs_w8_b64_r0.1,Aggressive,code_heldout_3,long-code,32768,7,5.664800482918508e-06,True,1.0,0.0002356490003876388,0.00027891082572750747,0.9954521059989929,0.09629672020673752,0.9985741376876831,0.9940606951713562,0.0413406565785408,0.10967475920915604,8.909396116156131,14.397098201792687
full_indexer_vs_two_path_verifier,streak2_bucket8_m0+head_dynamic_abs_w8_b64_r0.1,Aggressive,code_heldout_3,long-code,32768,8,1.7512051897483616e-07,True,1.0,0.0001401803019689396,0.00014077626110520214,0.9991580843925476,0.041065845638513565,0.9997722506523132,0.9994944334030151,0.019706344231963158,0.03186379000544548,8.909396116156131,14.397098201792687
full_indexer_vs_two_path_verifier,streak2_bucket8_m0+head_dynamic_abs_w8_b64_r0.1,Aggressive,code_heldout_3,long-code,32768,9,0.0008090883493423462,True,1.0,2.0725953578948975,2.064117908477783,0.9997881650924683,0.022054113447666168,0.9997533559799194,0.9994066953659058,0.020681282505393028,0.03487008810043335,8.909396116156131,14.397098201792687
full_indexer_vs_two_path_verifier,streak2_bucket8_m0+head_dynamic_abs_w8_b64_r0.1,Aggressive,code_heldout_3,long-code,32768,10,3.482330066617578e-05,True,1.0,0.07625296711921692,0.07653724402189255,0.9996964931488037,0.0262095108628273,0.9993931651115417,0.9986823797225952,0.03030632808804512,0.05132751539349556,8.909396116156131,14.397098201792687
full_indexer_vs_two_path_verifier,streak2_bucket8_m0+head_dynamic_abs_w8_b64_r0.1,Aggressive,code_heldout_3,long-code,32768,11,6.007032027355308e-08,True,1.0,5.245195097813848e-06,5.960446742392378e-06,0.9991194605827332,0.04196429252624512,0.9995264410972595,0.9983952045440674,0.02498883381485939,0.056851666420698166,8.909396116156131,14.397098201792687
full_indexer_vs_two_path_verifier,streak2_bucket8_m0+head_dynamic_abs_w8_b64_r0.1,Aggressive,code_heldout_3,long-code,32768,12,0.0006139620672911406,True,1.0,0.009864038787782192,0.006854354403913021,0.9918093681335449,0.13196256756782532,0.9897371530532837,0.9746904373168945,0.1253095269203186,0.22916831076145172,8.909396116156131,14.397098201792687
full_indexer_vs_two_path_verifier,streak2_bucket8_m0+head_dynamic_abs_w8_b64_r0.1,Aggressive,code_heldout_3,long-code,32768,13,1.2290340237086639e-05,True,1.0,0.00015138434537220746,0.00010966652916977182,0.9964250326156616,0.08451250195503235,0.9980568885803223,0.9966937303543091,0.05471569672226906,0.08135457336902618,8.909396116156131,14.397098201792687
full_indexer_vs_two_path_verifier,streak2_bucket8_m0+head_dynamic_abs_w8_b64_r0.1,Aggressive,code_heldout_3,long-code,32768,14,0.0010304413735866547,True,1.0,3.584407329559326,3.4773614406585693,0.999855637550354,0.017929771915078163,0.9998176693916321,0.9995596408843994,0.0175271425396204,0.02971610799431801,8.909396116156131,14.397098201792687
full_indexer_vs_two_path_verifier,streak2_bucket8_m0+head_dynamic_abs_w8_b64_r0.1,Aggressive,code_heldout_3,long-code,32768,15,6.409880370483734e-06,True,1.0,0.027428099885582924,0.02734331227838993,0.9997063279151917,0.024254534393548965,0.9997000694274902,0.9991890788078308,0.021683190017938614,0.04030301421880722,8.909396116156131,14.397098201792687
full_indexer_vs_two_path_verifier,streak2_bucket8_m0+head_dynamic_abs_w8_b64_r0.1,Aggressive,code_heldout_3,long-code,32768,16,0.0011336288880556822,True,1.0,0.03038722462952137,0.023873955011367798,0.9995970129966736,0.028655456379055977,0.9996951818466187,0.9991119503974915,0.02235889993607998,0.04291475564241409,8.909396116156131,14.397098201792687
full_indexer_vs_two_path_verifier,streak2_bucket8_m0+head_dynamic_abs_w8_b64_r0.1,Aggressive,code_heldout_3,long-code,32768,17,8.991346476250328e-06,True,0.8,0.005253320559859276,0.005312373861670494,0.9985173940658569,0.05451282486319542,0.9995571374893188,0.9988648295402527,0.025721676647663116,0.047686126083135605,8.909396116156131,14.397098201792687
full_indexer_vs_two_path_verifier,streak2_bucket8_m0+head_dynamic_abs_w8_b64_r0.1,Aggressive,code_heldout_3,long-code,32768,18,0.005069509148597717,True,1.0,0.11103852838277817,0.12022844702005386,0.9988337755203247,0.049083128571510315,0.9995697736740112,0.998729944229126,0.024734769016504288,0.05041820555925369,8.909396116156131,14.397098201792687
full_indexer_vs_two_path_verifier,streak2_bucket8_m0+head_dynamic_abs_w8_b64_r0.1,Aggressive,code_heldout_3,long-code,32768,19,2.9196826289989986e-07,True,1.0,4.339123915997334e-05,3.85038583772257e-05,0.9991093277931213,0.042498160153627396,0.999672532081604,0.9994339346885681,0.02414645254611969,0.03451000154018402,8.909396116156131,14.397098201792687
full_indexer_vs_two_path_verifier,streak2_bucket8_m0+head_dynamic_abs_w8_b64_r0.1,Aggressive,code_heldout_3,long-code,32768,20,0.02660536579787731,True,1.0,0.37624379992485046,0.4941902756690979,0.9984395503997803,0.05596812814474106,0.9994255900382996,0.9986128211021423,0.029441524296998978,0.05318688601255417,8.909396116156131,14.397098201792687
full_indexer_vs_two_path_verifier,streak2_bucket8_m0+head_dynamic_abs_w8_b64_r0.1,Aggressive,code_heldout_3,long-code,32768,21,7.61294813855784e-08,True,0.8,9.775113539944869e-06,8.940656698541716e-06,0.9964227676391602,0.0845383033156395,0.9996151924133301,0.9986786246299744,0.022388413548469543,0.051401879638433456,8.909396116156131,14.397098201792687
full_indexer_vs_two_path_verifier,streak2_bucket8_m0+head_dynamic_abs_w8_b64_r0.1,Aggressive,code_heldout_3,long-code,32768,22,0.008915869519114494,True,0.8,0.047365859150886536,0.07972027361392975,0.9970201253890991,0.07719523459672928,0.9993677139282227,0.9981002807617188,0.028647366911172867,0.06294851005077362,8.909396116156131,14.397098201792687
full_indexer_vs_two_path_verifier,streak2_bucket8_m0+head_dynamic_abs_w8_b64_r0.1,Aggressive,code_heldout_3,long-code,32768,23,0.0007394971325993538,True,1.0,0.12367292493581772,0.11783728748559952,0.998283326625824,0.05872610956430435,0.999748945236206,0.9995012879371643,0.020255552604794502,0.031601931899785995,8.909396116156131,14.397098201792687
full_indexer_vs_two_path_verifier,streak2_bucket8_m0+head_dynamic_abs_w8_b64_r0.1,Aggressive,code_heldout_3,long-code,32768,24,0.00010618846863508224,True,1.0,0.013449770398437977,0.014357712119817734,0.9998596906661987,0.01680227555334568,0.9998478293418884,0.9997477531433105,0.01663317158818245,0.022529667243361473,8.909396116156131,14.397098201792687
full_indexer_vs_two_path_verifier,streak2_bucket8_m0+head_dynamic_abs_w8_b64_r0.1,Aggressive,code_heldout_3,long-code,32768,25,2.4709532226552255e-05,True,1.0,0.0018540113233029842,0.00215512583963573,0.9993633031845093,0.035688355565071106,0.9997215270996094,0.9995502233505249,0.022080503404140472,0.03003750927746296,8.909396116156131,14.397098201792687
full_indexer_vs_two_path_verifier,streak2_bucket8_m0+head_dynamic_abs_w8_b64_r0.1,Aggressive,code_heldout_3,long-code,32768,26,0.00011203675239812583,True,1.0,0.027411630377173424,0.027125800028443336,0.9984079599380493,0.05646251142024994,0.9984705448150635,0.9958231449127197,0.0457400418817997,0.09605216234922409,8.909396116156131,14.397098201792687
full_indexer_vs_two_path_verifier,streak2_bucket8_m0+head_dynamic_abs_w8_b64_r0.1,Aggressive,code_heldout_3,long-code,32768,27,0.008593212813138962,True,1.0,4.966280460357666,5.135699272155762,0.9990712404251099,0.043097227811813354,0.9997660517692566,0.9994915723800659,0.019789179787039757,0.03230292350053787,8.909396116156131,14.397098201792687
full_indexer_vs_two_path_verifier,streak2_bucket8_m0+head_dynamic_abs_w8_b64_r0.1,Aggressive,code_heldout_3,long-code,32768,28,0.00013366500206757337,True,1.0,0.004788835067301989,0.003757798345759511,0.9985071420669556,0.05486825481057167,0.9995461702346802,0.9984374642372131,0.02528044767677784,0.056081462651491165,8.909396116156131,14.397098201792687
full_indexer_vs_two_path_verifier,streak2_bucket8_m0+head_dynamic_abs_w8_b64_r0.1,Aggressive,code_heldout_3,long-code,32768,29,0.00045454746577888727,True,1.0,0.05552801117300987,0.051905591040849686,0.9995213747024536,0.031000236049294472,0.9994305372238159,0.9988466501235962,0.03169497847557068,0.04837195947766304,8.909396116156131,14.397098201792687
full_indexer_vs_two_path_verifier,streak2_bucket8_m0+head_dynamic_abs_w8_b64_r0.1,Aggressive,code_heldout_3,long-code,32768,30,7.213535718619823e-05,True,1.0,0.0046554747968912125,0.005243596155196428,0.9990465641021729,0.04393983632326126,0.9995293617248535,0.999262809753418,0.028972094878554344,0.038529329001903534,8.909396116156131,14.397098201792687
full_indexer_vs_two_path_verifier,streak2_bucket8_m0+head_dynamic_abs_w8_b64_r0.1,Aggressive,code_heldout_3,long-code,32768,31,1.9438957679085433e-05,True,1.0,0.1624404340982437,0.16219162940979004,0.9991424679756165,0.041422873735427856,0.9983883500099182,0.9968855381011963,0.05221499130129814,0.07963811606168747,8.909396116156131,14.397098201792687
full_indexer_vs_two_path_verifier,streak2_bucket8_m0+head_dynamic_abs_w8_b64_r0.1,Aggressive,code_heldout_3,long-code,32768,32,7.738432032056153e-06,True,1.0,0.0009466695482842624,0.0010642108973115683,0.9993288516998291,0.03670664504170418,0.9994239211082458,0.9986952543258667,0.031214259564876556,0.051229145377874374,8.909396116156131,14.397098201792687
full_indexer_vs_two_path_verifier,streak2_bucket8_m0+head_dynamic_abs_w8_b64_r0.1,Aggressive,code_heldout_3,long-code,32768,33,2.3154243535827845e-05,True,1.0,0.0006089740199968219,0.0006796196103096008,0.9970210790634155,0.07915688306093216,0.992917537689209,0.9857093095779419,0.1033848375082016,0.16899070143699646,8.909396116156131,14.397098201792687
full_indexer_vs_two_path_verifier,streak2_bucket8_m0+head_dynamic_abs_w8_b64_r0.1,Aggressive,code_heldout_3,long-code,32768,34,0.017396610230207443,True,1.0,6.163365840911865,7.262922286987305,0.9992781281471252,0.03848602622747421,0.9995616674423218,0.9989210367202759,0.0270981527864933,0.046518728137016296,8.909396116156131,14.397098201792687
full_indexer_vs_two_path_verifier,streak2_bucket8_m0+head_dynamic_abs_w8_b64_r0.1,Aggressive,code_heldout_3,long-code,32768,35,0.0002323836670257151,True,1.0,0.008307898417115211,0.00663032615557313,0.9983883500099182,0.05691540986299515,0.9993025064468384,0.9979870319366455,0.031015709042549133,0.06488116830587387,8.909396116156131,14.397098201792687
full_indexer_vs_two_path_verifier,streak2_bucket8_m0+head_dynamic_abs_w8_b64_r0.1,Aggressive,code_heldout_3,long-code,32768,36,1.649119076319039e-05,True,1.0,0.0020616245456039906,0.001966211013495922,0.9996436238288879,0.026702245697379112,0.9996231198310852,0.9991447925567627,0.024609647691249847,0.04143235832452774,8.909396116156131,14.397098201792687
full_indexer_vs_two_path_verifier,streak2_bucket8_m0+head_dynamic_abs_w8_b64_r0.1,Aggressive,code_heldout_3,long-code,32768,37,0.00021880572603549808,True,1.0,0.02922944724559784,0.026436639949679375,0.9987244009971619,0.05079014599323273,0.9989597797393799,0.9973971843719482,0.040100064128637314,0.07211626321077347,8.909396116156131,14.397098201792687
full_indexer_vs_two_path_verifier,streak2_bucket8_m0+head_dynamic_abs_w8_b64_r0.1,Aggressive,code_heldout_3,long-code,32768,38,5.808609421364963e-05,True,1.0,0.002170232590287924,0.002541171619668603,0.9980788230895996,0.06404892355203629,0.9977869987487793,0.9952143430709839,0.05804251879453659,0.09798713773488998,8.909396116156131,14.397098201792687
full_indexer_vs_two_path_verifier,streak2_bucket8_m0+head_dynamic_abs_w8_b64_r0.1,Aggressive,code_heldout_3,long-code,32768,39,8.069346222328022e-06,True,0.8,0.22559025883674622,0.2255578190088272,0.9980611801147461,0.06240886449813843,0.9993517398834229,0.9987807273864746,0.03293023630976677,0.049373213201761246,8.909396116156131,14.397098201792687
full_indexer_vs_two_path_verifier,streak2_bucket8_m0+head_dynamic_abs_w8_b64_r0.1,Aggressive,code_heldout_3,long-code,32768,40,0.00012844864977523685,True,1.0,0.0032189481426030397,0.0025397446006536484,0.998123824596405,0.062180303037166595,0.9990826845169067,0.9974136352539062,0.035808637738227844,0.07244440168142319,8.909396116156131,14.397098201792687
full_indexer_vs_two_path_verifier,streak2_bucket8_m0+head_dynamic_abs_w8_b64_r0.1,Aggressive,code_heldout_3,long-code,32768,41,0.00584585452452302,True,1.0,0.08484804630279541,0.060747694224119186,0.9987951517105103,0.052625622600317,0.9990429878234863,0.9977520704269409,0.04116920381784439,0.06710008531808853,8.909396116156131,14.397098201792687
full_indexer_vs_two_path_verifier,streak2_bucket8_m0+head_dynamic_abs_w8_b64_r0.1,Aggressive,code_heldout_3,long-code,32768,42,2.9566152079496533e-05,True,1.0,0.00949226412922144,0.009304730221629143,0.9992262125015259,0.03935687243938446,0.9997594356536865,0.9994543194770813,0.0199306420981884,0.03375549986958504,8.909396116156131,14.397098201792687
full_indexer_vs_two_path_verifier,streak2_bucket8_m0+head_dynamic_abs_w8_b64_r0.1,Aggressive,code_heldout_3,long-code,32768,43,6.95385824656114e-06,True,1.0,0.001979655120521784,0.0020638848654925823,0.9998317360877991,0.019835518673062325,0.9998551607131958,0.9997591972351074,0.016253788024187088,0.02233976684510708,8.909396116156131,14.397098201792687
full_indexer_vs_two_path_verifier,streak2_bucket8_m0+head_dynamic_abs_w8_b64_r0.1,Aggressive,code_heldout_3,long-code,32768,44,0.0018640977796167135,True,1.0,0.10882821679115295,0.09382939338684082,0.9992722272872925,0.03817814216017723,0.9995437860488892,0.9991186857223511,0.027434855699539185,0.04208293557167053,8.909396116156131,14.397098201792687
full_indexer_vs_two_path_verifier,streak2_bucket8_m0+head_dynamic_abs_w8_b64_r0.1,Aggressive,code_heldout_3,long-code,32768,45,0.0002798460191115737,True,1.0,0.0018447301117703319,0.0012026942567899823,0.9983780384063721,0.058334507048130035,0.998096227645874,0.9955395460128784,0.05861439183354378,0.09481024742126465,8.909396116156131,14.397098201792687
full_indexer_vs_two_path_verifier,streak2_bucket8_m0+head_dynamic_abs_w8_b64_r0.1,Aggressive,code_heldout_3,long-code,32768,46,0.004178646951913834,True,1.0,1.9114134311676025,1.7025333642959595,0.9974688291549683,0.07111920416355133,0.9979813694953918,0.9962841868400574,0.05993473529815674,0.08782468736171722,8.909396116156131,14.397098201792687
full_indexer_vs_two_path_verifier,streak2_bucket8_m0+head_dynamic_abs_w8_b64_r0.1,Aggressive,code_heldout_3,long-code,32768,47,0.0006014218088239431,True,1.0,0.010884320363402367,0.0116653461009264,0.9983338117599487,0.05773848295211792,0.9941845536231995,0.9884679317474365,0.09511099755764008,0.1514340490102768,8.909396116156131,14.397098201792687
full_indexer_vs_two_path_verifier,streak2_bucket8_m0+head_dynamic_abs_w8_b64_r0.1,Aggressive,code_heldout_3,long-code,32768,48,0.04951220378279686,True,1.0,4.406883239746094,4.698478698730469,0.9981099963188171,0.06721122562885284,0.9987432956695557,0.9970004558563232,0.04524332284927368,0.07745800167322159,8.909396116156131,14.397098201792687
full_indexer_vs_two_path_verifier,streak2_bucket8_m0+head_dynamic_abs_w8_b64_r0.1,Aggressive,code_heldout_3,long-code,32768,49,4.1910239815479144e-05,True,1.0,0.0044450764544308186,0.0039013714995235205,0.9987229108810425,0.050694357603788376,0.999612033367157,0.9990053176879883,0.024909846484661102,0.0446174293756485,8.909396116156131,14.397098201792687
full_indexer_vs_two_path_verifier,streak2_bucket8_m0+head_dynamic_abs_w8_b64_r0.1,Aggressive,code_heldout_3,long-code,32768,50,0.0004850556142628193,True,1.0,0.027780860662460327,0.032836973667144775,0.9996189475059509,0.02823995240032673,0.9995750188827515,0.9992783069610596,0.027335677295923233,0.03805922716856003,8.909396116156131,14.397098201792687
full_indexer_vs_two_path_verifier,streak2_bucket8_m0+head_dynamic_abs_w8_b64_r0.1,Aggressive,code_heldout_3,long-code,32768,51,0.001163844601251185,True,1.0,0.20256681740283966,0.18067176640033722,0.9979270696640015,0.06582045555114746,0.9978755116462708,0.9960886240005493,0.06062409654259682,0.0887283980846405,8.909396116156131,14.397098201792687
full_indexer_vs_two_path_verifier,streak2_bucket8_m0+head_dynamic_abs_w8_b64_r0.1,Aggressive,code_heldout_3,long-code,32768,52,1.4384349924512208e-05,True,0.8,0.0006076634745113552,0.0005401106318458915,0.9950167536735535,0.10277338325977325,0.9985188245773315,0.9961892366409302,0.04938014596700668,0.09550350159406662,8.909396116156131,14.397098201792687
full_indexer_vs_two_path_verifier,streak2_bucket8_m0+head_dynamic_abs_w8_b64_r0.1,Aggressive,code_heldout_3,long-code,32768,53,0.0016895702574402094,True,0.8,0.22458085417747498,0.23621021211147308,0.9988448023796082,0.04811492934823036,0.9996615648269653,0.9993200302124023,0.023775164037942886,0.03688009828329086,8.909396116156131,14.397098201792687
full_indexer_vs_two_path_verifier,streak2_bucket8_m0+head_dynamic_abs_w8_b64_r0.1,Aggressive,code_heldout_3,long-code,32768,54,0.00017188562196679413,True,1.0,0.006521372124552727,0.005218574311584234,0.9960737824440002,0.0887036919593811,0.9978753924369812,0.9924071431159973,0.05436438322067261,0.12328274548053741,8.909396116156131,14.397098201792687
full_indexer_vs_two_path_verifier,streak2_bucket8_m0+head_dynamic_abs_w8_b64_r0.1,Aggressive,code_heldout_3,long-code,32768,55,0.003212185576558113,True,0.8,0.055933449417352676,0.038887523114681244,0.999311625957489,0.037105366587638855,0.9993782043457031,0.9987384676933289,0.032478176057338715,0.05022386461496353,8.909396116156131,14.397098201792687
full_indexer_vs_two_path_verifier,streak2_bucket8_m0+head_dynamic_abs_w8_b64_r0.1,Aggressive,code_heldout_3,long-code,32768,56,1.45446038004593e-05,True,1.0,0.00207673292607069,0.0020214139949530363,0.9986050724983215,0.05531912297010422,0.9995777010917664,0.998763918876648,0.02570275217294693,0.04973233863711357,8.909396116156131,14.397098201792687
full_indexer_vs_two_path_verifier,streak2_bucket8_m0+head_dynamic_abs_w8_b64_r0.1,Aggressive,code_heldout_3,long-code,32768,57,3.68148903362453e-06,True,0.8,0.00041106835124082863,0.00044324109330773354,0.9968649744987488,0.07912679016590118,0.9986264705657959,0.9967442750930786,0.046159107238054276,0.08155206590890884,8.909396116156131,14.397098201792687
full_indexer_vs_two_path_verifier,streak2_bucket8_m0+head_dynamic_abs_w8_b64_r0.1,Aggressive,code_heldout_3,long-code,32768,58,0.008621357381343842,True,1.0,0.5279209613800049,0.4454786777496338,0.9986202716827393,0.05292949825525284,0.99942547082901,0.9985504150390625,0.030355097725987434,0.05446683242917061,8.909396116156131,14.397098201792687
full_indexer_vs_two_path_verifier,streak2_bucket8_m0+head_dynamic_abs_w8_b64_r0.1,Aggressive,code_heldout_3,long-code,32768,59,7.413387356791645e-05,True,0.8,1.3157265186309814,1.315190076828003,0.9984546303749084,0.05726610869169235,0.9991006851196289,0.9965473413467407,0.03691770136356354,0.0977039486169815,8.909396116156131,14.397098201792687
full_indexer_vs_two_path_verifier,streak2_bucket8_m0+head_dynamic_abs_w8_b64_r0.1,Aggressive,code_heldout_3,long-code,32768,60,-3.528124636886787e-08,True,1.0,4.768360213347478e-06,5.125986263010418e-06,0.9978490471839905,0.06627095490694046,0.9988988637924194,0.9967801570892334,0.03838619589805603,0.08019521087408066,8.909396116156131,14.397098201792687
full_indexer_vs_two_path_verifier,streak2_bucket8_m0+head_dynamic_abs_w8_b64_r0.1,Aggressive,code_heldout_3,long-code,32768,61,3.3008009268087335e-06,True,1.0,3.218599158572033e-05,2.372236667724792e-05,0.9864205718040466,0.1656443029642105,0.9959734678268433,0.9902571439743042,0.07700491696596146,0.139871284365654,8.909396116156131,14.397098201792687
full_indexer_vs_two_path_verifier,streak2_bucket8_m0+head_dynamic_abs_w8_b64_r0.1,Aggressive,code_heldout_3,long-code,32768,62,5.5283144320128486e-05,True,1.0,0.0005735897575505078,0.0003632839070633054,0.9976924657821655,0.06796028465032578,0.9991579055786133,0.9976556301116943,0.036338336765766144,0.06850653141736984,8.909396116156131,14.397098201792687
full_indexer_vs_two_path_verifier,streak2_bucket8_m0+head_dynamic_abs_w8_b64_r0.1,Aggressive,code_heldout_3,long-code,32768,63,0.005889371037483215,True,1.0,0.35933229327201843,0.4302329421043396,0.9995787143707275,0.031774431467056274,0.9995872974395752,0.9986470937728882,0.024595074355602264,0.052126966416835785,8.909396116156131,14.397098201792687
full_indexer_vs_two_path_verifier,streak2_bucket8_m0+head_dynamic_abs_w8_b64_r0.1,Aggressive,text_heldout_26493,long-text,8192,0,0.0,True,1.0,1.6212332411669195e-05,1.6212332411669195e-05,1.000000238418579,0.0,1.0000004768371582,1.0,0.0,0.0,5.536382493097335,8.481864122208208
full_indexer_vs_two_path_verifier,streak2_bucket8_m0+head_dynamic_abs_w8_b64_r0.1,Aggressive,text_heldout_26493,long-text,8192,1,0.0,True,1.0,2.405665397644043,2.405665397644043,1.0000004768371582,0.0,1.0000004768371582,1.000000238418579,0.0,0.0,5.536382493097335,8.481864122208208
full_indexer_vs_two_path_verifier,streak2_bucket8_m0+head_dynamic_abs_w8_b64_r0.1,Aggressive,text_heldout_26493,long-text,8192,2,0.001868225634098053,True,1.0,0.8054681420326233,0.8383468389511108,0.9998626112937927,0.016606183722615242,0.9998781681060791,0.9996440410614014,0.013338161632418633,0.026737989857792854,5.536382493097335,8.481864122208208
full_indexer_vs_two_path_verifier,streak2_bucket8_m0+head_dynamic_abs_w8_b64_r0.1,Aggressive,text_heldout_26493,long-text,8192,3,2.906369218180771e-06,True,1.0,0.0001380348257953301,0.00011300401820335537,0.9982568025588989,0.059460606426000595,0.9996733665466309,0.9987242221832275,0.020728936418890953,0.051091067492961884,5.536382493097335,8.481864122208208
full_indexer_vs_two_path_verifier,streak2_bucket8_m0+head_dynamic_abs_w8_b64_r0.1,Aggressive,text_heldout_26493,long-text,8192,4,0.002253510057926178,True,0.8,6.798136234283447,6.972376823425293,0.9998179078102112,0.01918392814695835,0.9998301267623901,0.9995710849761963,0.016535162925720215,0.03012753278017044,5.536382493097335,8.481864122208208
full_indexer_vs_two_path_verifier,streak2_bucket8_m0+head_dynamic_abs_w8_b64_r0.1,Aggressive,text_heldout_26493,long-text,8192,5,0.0004090997390449047,True,1.0,0.1514788717031479,0.1583644151687622,0.9999538660049438,0.010685881599783897,0.9999402761459351,0.9998988509178162,0.010135108605027199,0.014536898583173752,5.536382493097335,8.481864122208208
full_indexer_vs_two_path_verifier,streak2_bucket8_m0+head_dynamic_abs_w8_b64_r0.1,Aggressive,text_heldout_26493,long-text,8192,6,0.00593775138258934,True,1.0,0.812912106513977,0.75180584192276,0.9999560117721558,0.00947206187993288,0.9999492168426514,0.9999144077301025,0.009370997548103333,0.01318441890180111,5.536382493097335,8.481864122208208
full_indexer_vs_two_path_verifier,streak2_bucket8_m0+head_dynamic_abs_w8_b64_r0.1,Aggressive,text_heldout_26493,long-text,8192,7,0.002085696905851364,True,1.0,1.0504298210144043,1.1123677492141724,0.9999655485153198,0.008365408517420292,0.9999404549598694,0.9998992681503296,0.010397247970104218,0.014357788488268852,5.536382493097335,8.481864122208208
full_indexer_vs_two_path_verifier,streak2_bucket8_m0+head_dynamic_abs_w8_b64_r0.1,Aggressive,text_heldout_26493,long-text,8192,8,0.0017457902431488037,True,1.0,3.5113656520843506,3.532832384109497,0.9998135566711426,0.01940995082259178,0.9989951252937317,0.9964343309402466,0.036903444677591324,0.08451279997825623,5.536382493097335,8.481864122208208
full_indexer_vs_two_path_verifier,streak2_bucket8_m0+head_dynamic_abs_w8_b64_r0.1,Aggressive,text_heldout_26493,long-text,8192,9,0.001021968200802803,True,1.0,0.19469690322875977,0.1860658973455429,0.9997717142105103,0.022472456097602844,0.9995085597038269,0.9986692667007446,0.02615339681506157,0.051951516419649124,5.536382493097335,8.481864122208208
full_indexer_vs_two_path_verifier,streak2_bucket8_m0+head_dynamic_abs_w8_b64_r0.1,Aggressive,text_heldout_26493,long-text,8192,10,0.001902228221297264,True,1.0,11.876657485961914,11.768503189086914,0.9999401569366455,0.011016074568033218,0.9999262094497681,0.9998939633369446,0.011447574943304062,0.015165400691330433,5.536382493097335,8.481864122208208
full_indexer_vs_two_path_verifier,streak2_bucket8_m0+head_dynamic_abs_w8_b64_r0.1,Aggressive,text_heldout_26493,long-text,8192,11,0.006642423570156097,True,1.0,1.2390036582946777,1.1604713201522827,0.9994164705276489,0.03421329706907272,0.9995309114456177,0.9987224340438843,0.024805083870887756,0.050572168081998825,5.536382493097335,8.481864122208208
full_indexer_vs_two_path_verifier,streak2_bucket8_m0+head_dynamic_abs_w8_b64_r0.1,Aggressive,text_heldout_26493,long-text,8192,12,0.0032255863770842552,True,1.0,4.371155738830566,4.293436527252197,0.9999034404754639,0.014449005015194416,0.99991774559021,0.9998611211776733,0.011822158470749855,0.0167782474309206,5.536382493097335,8.481864122208208
full_indexer_vs_two_path_verifier,streak2_bucket8_m0+head_dynamic_abs_w8_b64_r0.1,Aggressive,text_heldout_26493,long-text,8192,13,0.00017255183774977922,True,1.0,0.2031160145998001,0.20510627329349518,0.9999430179595947,0.011084211058914661,0.9999394416809082,0.9999047517776489,0.010654894635081291,0.013872032053768635,5.536382493097335,8.481864122208208
full_indexer_vs_two_path_verifier,streak2_bucket8_m0+head_dynamic_abs_w8_b64_r0.1,Aggressive,text_heldout_26493,long-text,8192,14,0.0008756281458772719,True,0.8,6.204774856567383,6.206752777099609,0.999932587146759,0.011681863106787205,0.9999130964279175,0.9998517036437988,0.012606071308255196,0.01726863905787468,5.536382493097335,8.481864122208208
full_indexer_vs_two_path_verifier,streak2_bucket8_m0+head_dynamic_abs_w8_b64_r0.1,Aggressive,text_heldout_26493,long-text,8192,15,0.0019509942503646016,True,1.0,0.9804123044013977,1.0532667636871338,0.9999344944953918,0.012564214877784252,0.9998934268951416,0.9998318552970886,0.013970713131129742,0.018717831000685692,5.536382493097335,8.481864122208208
full_indexer_vs_two_path_verifier,streak2_bucket8_m0+head_dynamic_abs_w8_b64_r0.1,Aggressive,text_heldout_26493,long-text,8192,16,1.820451188905281e-06,True,1.0,3.6000557884108275e-05,4.768258077092469e-05,0.9996792078018188,0.025595346465706825,0.9998869895935059,0.9997687935829163,0.013954941183328629,0.021745802834630013,5.536382493097335,8.481864122208208
full_indexer_vs_two_path_verifier,streak2_bucket8_m0+head_dynamic_abs_w8_b64_r0.1,Aggressive,text_heldout_26493,long-text,8192,17,7.760871085338295e-06,True,1.0,0.0010493254521861672,0.0009298768127337098,0.9997271299362183,0.023389693349599838,0.9998238682746887,0.9996819496154785,0.018362093716859818,0.025716029107570648,5.536382493097335,8.481864122208208
full_indexer_vs_two_path_verifier,streak2_bucket8_m0+head_dynamic_abs_w8_b64_r0.1,Aggressive,text_heldout_26493,long-text,8192,18,0.0019219176610931754,True,1.0,3.052833080291748,2.9695353507995605,0.9999114871025085,0.013959385454654694,0.9998593330383301,0.999681293964386,0.015347850508987904,0.025395581498742104,5.536382493097335,8.481864122208208
full_indexer_vs_two_path_verifier,streak2_bucket8_m0+head_dynamic_abs_w8_b64_r0.1,Aggressive,text_heldout_26493,long-text,8192,19,0.00052142288768664,True,1.0,0.027567153796553612,0.032282061874866486,0.9991744756698608,0.0414079912006855,0.9997981786727905,0.999156653881073,0.017169680446386337,0.041068919003009796,5.536382493097335,8.481864122208208
full_indexer_vs_two_path_verifier,streak2_bucket8_m0+head_dynamic_abs_w8_b64_r0.1,Aggressive,text_heldout_26493,long-text,8192,20,0.0007228896720334888,True,1.0,0.42841386795043945,0.42216894030570984,0.9999614357948303,0.008809518069028854,0.9999135732650757,0.9998483657836914,0.012201623059809208,0.01747826300561428,5.536382493097335,8.481864122208208
full_indexer_vs_two_path_verifier,streak2_bucket8_m0+head_dynamic_abs_w8_b64_r0.1,Aggressive,text_heldout_26493,long-text,8192,21,0.005337521433830261,True,1.0,8.612711906433105,8.481386184692383,0.9997724890708923,0.023194001987576485,0.9998120069503784,0.9991616606712341,0.01618717983365059,0.04094769060611725,5.536382493097335,8.481864122208208
full_indexer_vs_two_path_verifier,streak2_bucket8_m0+head_dynamic_abs_w8_b64_r0.1,Aggressive,text_heldout_26493,long-text,8192,22,0.0004785319324582815,True,1.0,0.42380160093307495,0.43174609541893005,0.9999086260795593,0.013799172826111317,0.9999374151229858,0.9998965263366699,0.01055837795138359,0.014476831071078777,5.536382493097335,8.481864122208208
full_indexer_vs_two_path_verifier,streak2_bucket8_m0+head_dynamic_abs_w8_b64_r0.1,Aggressive,text_heldout_26493,long-text,8192,23,0.002153898123651743,True,1.0,0.7892251014709473,0.8453722596168518,0.999911904335022,0.014703270979225636,0.999853789806366,0.999466598033905,0.014812031760811806,0.03273243084549904,5.536382493097335,8.481864122208208
full_indexer_vs_two_path_verifier,streak2_bucket8_m0+head_dynamic_abs_w8_b64_r0.1,Aggressive,text_heldout_26493,long-text,8192,24,0.002799233188852668,True,1.0,6.522389888763428,6.445973873138428,0.9999710321426392,0.00889171939343214,0.9999053478240967,0.9997215270996094,0.012280270457267761,0.023655898869037628,5.536382493097335,8.481864122208208
full_indexer_vs_two_path_verifier,streak2_bucket8_m0+head_dynamic_abs_w8_b64_r0.1,Aggressive,text_heldout_26493,long-text,8192,25,0.0019316403195261955,True,1.0,2.922334671020508,3.0039753913879395,0.9999633431434631,0.010269464924931526,0.9999206066131592,0.9998579621315002,0.012163549661636353,0.016982901841402054,5.536382493097335,8.481864122208208
full_indexer_vs_two_path_verifier,streak2_bucket8_m0+head_dynamic_abs_w8_b64_r0.1,Aggressive,text_heldout_26493,long-text,8192,26,0.0005275058792904019,True,1.0,5.942380428314209,5.935529708862305,0.9999408721923828,0.011199825443327427,0.9996780157089233,0.9988845586776733,0.02157536707818508,0.047240328043699265,5.536382493097335,8.481864122208208
full_indexer_vs_two_path_verifier,streak2_bucket8_m0+head_dynamic_abs_w8_b64_r0.1,Aggressive,text_heldout_26493,long-text,8192,27,0.00017030419257935137,True,1.0,0.01410832442343235,0.01562331523746252,0.9997735619544983,0.02229534275829792,0.9994676113128662,0.9985633492469788,0.027687691152095795,0.05369904637336731,5.536382493097335,8.481864122208208
full_indexer_vs_two_path_verifier,streak2_bucket8_m0+head_dynamic_abs_w8_b64_r0.1,Aggressive,text_heldout_26493,long-text,8192,28,0.0004636563826352358,True,1.0,1.2370203733444214,1.2303211688995361,0.9997490048408508,0.023062655702233315,0.9998492002487183,0.9997379779815674,0.016160348430275917,0.023624295368790627,5.536382493097335,8.481864122208208
full_indexer_vs_two_path_verifier,streak2_bucket8_m0+head_dynamic_abs_w8_b64_r0.1,Aggressive,text_heldout_26493,long-text,8192,29,0.003237580880522728,True,1.0,0.4425449073314667,0.42151886224746704,0.9994361996650696,0.03369253873825073,0.9986453056335449,0.9964642524719238,0.04441230371594429,0.0840236023068428,5.536382493097335,8.481864122208208
full_indexer_vs_two_path_verifier,streak2_bucket8_m0+head_dynamic_abs_w8_b64_r0.1,Aggressive,text_heldout_26493,long-text,8192,30,0.008115249685943127,False,1.0,0.8319539427757263,0.7013039588928223,0.9996681809425354,0.026077983900904655,0.9989837408065796,0.9966573715209961,0.03896421939134598,0.0830036997795105,5.536382493097335,8.481864122208208
full_indexer_vs_two_path_verifier,streak2_bucket8_m0+head_dynamic_abs_w8_b64_r0.1,Aggressive,text_heldout_26493,long-text,8192,31,4.7832290874794126e-06,True,1.0,7.998623186722398e-05,0.00010632903286023065,0.9953933358192444,0.09589970111846924,0.9991547465324402,0.9983503222465515,0.0362815335392952,0.059422094374895096,5.536382493097335,8.481864122208208
full_indexer_vs_two_path_verifier,streak2_bucket8_m0+head_dynamic_abs_w8_b64_r0.1,Aggressive,text_heldout_26493,long-text,8192,32,2.7034278900828212e-05,True,1.0,0.02146163024008274,0.021197201684117317,0.9994654655456543,0.03312411159276962,0.9988028407096863,0.9977174997329712,0.04292526841163635,0.0676007941365242,5.536382493097335,8.481864122208208
full_indexer_vs_two_path_verifier,streak2_bucket8_m0+head_dynamic_abs_w8_b64_r0.1,Aggressive,text_heldout_26493,long-text,8192,33,0.000509388861246407,True,1.0,0.23202939331531525,0.2270965278148651,0.9999677538871765,0.008058711886405945,0.9998384714126587,0.999721109867096,0.016543861478567123,0.023665951564908028,5.536382493097335,8.481864122208208
full_indexer_vs_two_path_verifier,streak2_bucket8_m0+head_dynamic_abs_w8_b64_r0.1,Aggressive,text_heldout_26493,long-text,8192,34,0.0015560947358608246,True,1.0,0.6154741048812866,0.5850105285644531,0.9999411702156067,0.012879977934062481,0.9998979568481445,0.9997823238372803,0.013586699962615967,0.021218938753008842,5.536382493097335,8.481864122208208
full_indexer_vs_two_path_verifier,streak2_bucket8_m0+head_dynamic_abs_w8_b64_r0.1,Aggressive,text_heldout_26493,long-text,8192,35,0.0029340283945202827,True,1.0,1.528613567352295,1.4864535331726074,0.9997339844703674,0.023219743743538857,0.9996961951255798,0.9990833401679993,0.021404925733804703,0.043448127806186676,5.536382493097335,8.481864122208208
full_indexer_vs_two_path_verifier,streak2_bucket8_m0+head_dynamic_abs_w8_b64_r0.1,Aggressive,text_heldout_26493,long-text,8192,36,0.002576588187366724,True,1.0,6.1618828773498535,6.1133222579956055,0.9999117851257324,0.013688887469470501,0.9998934864997864,0.9997153282165527,0.013514154590666294,0.023935111239552498,5.536382493097335,8.481864122208208
full_indexer_vs_two_path_verifier,streak2_bucket8_m0+head_dynamic_abs_w8_b64_r0.1,Aggressive,text_heldout_26493,long-text,8192,37,0.004388727247714996,True,1.0,3.01009464263916,2.9255731105804443,0.999729573726654,0.02527298405766487,0.9995807409286499,0.998674750328064,0.0248020701110363,0.05164765939116478,5.536382493097335,8.481864122208208
full_indexer_vs_two_path_verifier,streak2_bucket8_m0+head_dynamic_abs_w8_b64_r0.1,Aggressive,text_heldout_26493,long-text,8192,38,0.018823537975549698,True,0.8,0.690922200679779,0.7119988203048706,0.9991604685783386,0.04098319634795189,0.9981838464736938,0.9953781366348267,0.04932799190282822,0.09608501195907593,5.536382493097335,8.481864122208208
full_indexer_vs_two_path_verifier,streak2_bucket8_m0+head_dynamic_abs_w8_b64_r0.1,Aggressive,text_heldout_26493,long-text,8192,39,0.0096109788864851,True,0.8,3.445587635040283,3.333359956741333,0.9996175169944763,0.02777998521924019,0.9995776414871216,0.998652458190918,0.02489433065056801,0.05264269933104515,5.536382493097335,8.481864122208208
full_indexer_vs_two_path_verifier,streak2_bucket8_m0+head_dynamic_abs_w8_b64_r0.1,Aggressive,text_heldout_26493,long-text,8192,40,0.008109045214951038,True,1.0,2.390857696533203,2.1366701126098633,0.9986035227775574,0.05311489477753639,0.9987840056419373,0.995175302028656,0.03884454816579819,0.09814942628145218,5.536382493097335,8.481864122208208
full_indexer_vs_two_path_verifier,streak2_bucket8_m0+head_dynamic_abs_w8_b64_r0.1,Aggressive,text_heldout_26493,long-text,8192,41,0.009197581559419632,True,0.8,0.5485532283782959,0.4779703915119171,0.9993953704833984,0.03479373827576637,0.9995006322860718,0.9985716342926025,0.026599785313010216,0.05359189584851265,5.536382493097335,8.481864122208208
full_indexer_vs_two_path_verifier,streak2_bucket8_m0+head_dynamic_abs_w8_b64_r0.1,Aggressive,text_heldout_26493,long-text,8192,42,0.008551165461540222,True,1.0,1.5477890968322754,1.727474331855774,0.9998295307159424,0.021053586155176163,0.9998376369476318,0.9996289610862732,0.01689189113676548,0.02748321183025837,5.536382493097335,8.481864122208208
full_indexer_vs_two_path_verifier,streak2_bucket8_m0+head_dynamic_abs_w8_b64_r0.1,Aggressive,text_heldout_26493,long-text,8192,43,0.001192786148749292,True,1.0,0.26096510887145996,0.24658900499343872,0.9998679757118225,0.016283834353089333,0.9998501539230347,0.9996803402900696,0.015757089480757713,0.025324832648038864,5.536382493097335,8.481864122208208
full_indexer_vs_two_path_verifier,streak2_bucket8_m0+head_dynamic_abs_w8_b64_r0.1,Aggressive,text_heldout_26493,long-text,8192,44,0.002472023945301771,True,1.0,4.214224815368652,4.1007399559021,0.9999479055404663,0.010430753231048584,0.9998937845230103,0.999782919883728,0.013441006653010845,0.020870225504040718,5.536382493097335,8.481864122208208
full_indexer_vs_two_path_verifier,streak2_bucket8_m0+head_dynamic_abs_w8_b64_r0.1,Aggressive,text_heldout_26493,long-text,8192,45,0.0028151138685643673,True,1.0,5.838173866271973,5.845744609832764,0.9999086856842041,0.013552408665418625,0.999901294708252,0.9997987747192383,0.012946907430887222,0.02008289471268654,5.536382493097335,8.481864122208208
full_indexer_vs_two_path_verifier,streak2_bucket8_m0+head_dynamic_abs_w8_b64_r0.1,Aggressive,text_heldout_26493,long-text,8192,46,9.552258416078985e-05,True,1.0,0.010285585187375546,0.009013677015900612,0.9996345043182373,0.02797417715191841,0.9998886585235596,0.99980229139328,0.013889286667108536,0.01996562071144581,5.536382493097335,8.481864122208208
full_indexer_vs_two_path_verifier,streak2_bucket8_m0+head_dynamic_abs_w8_b64_r0.1,Aggressive,text_heldout_26493,long-text,8192,47,2.1274530581649742e-07,True,1.0,5.5549986427649856e-05,5.590759246842936e-05,0.9995090365409851,0.03133644163608551,0.9997720718383789,0.9994933605194092,0.019316136837005615,0.0319901779294014,5.536382493097335,8.481864122208208
full_indexer_vs_two_path_verifier,streak2_bucket8_m0+head_dynamic_abs_w8_b64_r0.1,Aggressive,text_heldout_26493,long-text,8192,48,0.009115323424339294,True,1.0,0.4439835846424103,0.5500631928443909,0.9998960494995117,0.014713572338223457,0.9998618364334106,0.9996536374092102,0.014999899081885815,0.026377303525805473,5.536382493097335,8.481864122208208
full_indexer_vs_two_path_verifier,streak2_bucket8_m0+head_dynamic_abs_w8_b64_r0.1,Aggressive,text_heldout_26493,long-text,8192,49,0.0007542450330220163,True,1.0,0.8480548858642578,0.8410794138908386,0.9999525547027588,0.010874239727854729,0.9999055862426758,0.999842643737793,0.012785373255610466,0.01794169470667839,5.536382493097335,8.481864122208208
full_indexer_vs_two_path_verifier,streak2_bucket8_m0+head_dynamic_abs_w8_b64_r0.1,Aggressive,text_heldout_26493,long-text,8192,50,0.005478722043335438,True,1.0,1.714375615119934,1.7625620365142822,0.99972003698349,0.02381805330514908,0.9991100430488586,0.9975749254226685,0.036641571670770645,0.06968861073255539,5.536382493097335,8.481864122208208
full_indexer_vs_two_path_verifier,streak2_bucket8_m0+head_dynamic_abs_w8_b64_r0.1,Aggressive,text_heldout_26493,long-text,8192,51,0.00031797646079212427,True,1.0,0.8802881836891174,0.8797250986099243,0.9999404549598694,0.01093029510229826,0.9998871088027954,0.9997909069061279,0.013867765665054321,0.020480209961533546,5.536382493097335,8.481864122208208
full_indexer_vs_two_path_verifier,streak2_bucket8_m0+head_dynamic_abs_w8_b64_r0.1,Aggressive,text_heldout_26493,long-text,8192,52,0.0010445895604789257,True,0.8,4.773593902587891,4.791022300720215,0.9999601244926453,0.009195659309625626,0.999900221824646,0.9997984170913696,0.012983241118490696,0.02013029158115387,5.536382493097335,8.481864122208208
full_indexer_vs_two_path_verifier,streak2_bucket8_m0+head_dynamic_abs_w8_b64_r0.1,Aggressive,text_heldout_26493,long-text,8192,53,0.0019553641323000193,True,1.0,1.8105088472366333,1.8780388832092285,0.9999503493309021,0.010286270640790462,0.9999297261238098,0.9998865723609924,0.011068670079112053,0.015173512510955334,5.536382493097335,8.481864122208208
full_indexer_vs_two_path_verifier,streak2_bucket8_m0+head_dynamic_abs_w8_b64_r0.1,Aggressive,text_heldout_26493,long-text,8192,54,0.0030100306030362844,False,1.0,0.8263911008834839,0.9033297300338745,0.9999238848686218,0.012678192928433418,0.9999125003814697,0.9998635053634644,0.012258544564247131,0.016551828011870384,5.536382493097335,8.481864122208208
full_indexer_vs_two_path_verifier,streak2_bucket8_m0+head_dynamic_abs_w8_b64_r0.1,Aggressive,text_heldout_26493,long-text,8192,55,0.001426500966772437,True,0.8,3.6431708335876465,3.614537000656128,0.9999509453773499,0.009987037628889084,0.9999306201934814,0.9998880624771118,0.011181876063346863,0.014986307360231876,5.536382493097335,8.481864122208208
full_indexer_vs_two_path_verifier,streak2_bucket8_m0+head_dynamic_abs_w8_b64_r0.1,Aggressive,text_heldout_26493,long-text,8192,56,2.1251178623060696e-05,True,1.0,1.0357776880264282,1.0354657173156738,0.9999381303787231,0.011151661165058613,0.9999290704727173,0.9998769760131836,0.01102333515882492,0.016078224405646324,5.536382493097335,8.481864122208208
full_indexer_vs_two_path_verifier,streak2_bucket8_m0+head_dynamic_abs_w8_b64_r0.1,Aggressive,text_heldout_26493,long-text,8192,57,0.001593101886101067,True,1.0,0.6220054030418396,0.6448814272880554,0.9997760653495789,0.022013576701283455,0.9998916387557983,0.9997435212135315,0.013763020746409893,0.022658200934529305,5.536382493097335,8.481864122208208
full_indexer_vs_two_path_verifier,streak2_bucket8_m0+head_dynamic_abs_w8_b64_r0.1,Aggressive,text_heldout_26493,long-text,8192,58,0.0022949150297790766,True,1.0,0.7118639349937439,0.7542147636413574,0.9998024106025696,0.020165886729955673,0.9987488985061646,0.9968329071998596,0.040399014949798584,0.07983502000570297,5.536382493097335,8.481864122208208
full_indexer_vs_two_path_verifier,streak2_bucket8_m0+head_dynamic_abs_w8_b64_r0.1,Aggressive,text_heldout_26493,long-text,8192,59,0.004784904420375824,True,1.0,3.734905242919922,3.6989541053771973,0.9997246861457825,0.024134138599038124,0.9991599321365356,0.9975758194923401,0.033979907631874084,0.06970897316932678,5.536382493097335,8.481864122208208
full_indexer_vs_two_path_verifier,streak2_bucket8_m0+head_dynamic_abs_w8_b64_r0.1,Aggressive,text_heldout_26493,long-text,8192,60,0.00757998414337635,True,1.0,5.664076328277588,5.626805305480957,0.9996240139007568,0.02775743417441845,0.9995901584625244,0.998853862285614,0.02422287128865719,0.047920309007167816,5.536382493097335,8.481864122208208
full_indexer_vs_two_path_verifier,streak2_bucket8_m0+head_dynamic_abs_w8_b64_r0.1,Aggressive,text_heldout_26493,long-text,8192,61,-1.4097611256147502e-07,True,1.0,3.814689989667386e-06,3.576272320060525e-06,0.9997836351394653,0.020848851650953293,0.9999154806137085,0.99983149766922,0.011798737570643425,0.018436597660183907,5.536382493097335,8.481864122208208
full_indexer_vs_two_path_verifier,streak2_bucket8_m0+head_dynamic_abs_w8_b64_r0.1,Aggressive,text_heldout_26493,long-text,8192,62,0.0006606465321965516,True,1.0,0.74424809217453,0.745802640914917,0.9998108148574829,0.019639424979686737,0.9998435974121094,0.9997251033782959,0.01603941060602665,0.023598110303282738,5.536382493097335,8.481864122208208
full_indexer_vs_two_path_verifier,streak2_bucket8_m0+head_dynamic_abs_w8_b64_r0.1,Aggressive,text_heldout_26493,long-text,8192,63,0.0008531976491212845,True,0.8,0.13002733886241913,0.14579547941684723,0.9997003674507141,0.024496302008628845,0.9996727705001831,0.9991117715835571,0.0219168309122324,0.0421871580183506,5.536382493097335,8.481864122208208
full_indexer_vs_two_path_verifier,streak2_bucket8_m0+head_dynamic_abs_w8_b64_r0.1,Aggressive,text_heldout_26493,long-text,16384,0,0.0,True,1.0,1.0913845300674438,1.0913845300674438,1.000000238418579,0.0,1.0000004768371582,1.0000001192092896,0.0,0.0,6.27397879306227,10.600126633886248
full_indexer_vs_two_path_verifier,streak2_bucket8_m0+head_dynamic_abs_w8_b64_r0.1,Aggressive,text_heldout_26493,long-text,16384,1,0.0,True,1.0,5.411139965057373,5.411139965057373,1.0000004768371582,0.0,1.0000004768371582,1.000000238418579,0.0,0.0,6.27397879306227,10.600126633886248
full_indexer_vs_two_path_verifier,streak2_bucket8_m0+head_dynamic_abs_w8_b64_r0.1,Aggressive,text_heldout_26493,long-text,16384,2,0.0016115382313728333,True,1.0,1.2243118286132812,1.3139698505401611,0.9998621940612793,0.016623079776763916,0.9999725222587585,0.999890923500061,0.00527413934469223,0.014987424947321415,6.27397879306227,10.600126633886248
full_indexer_vs_two_path_verifier,streak2_bucket8_m0+head_dynamic_abs_w8_b64_r0.1,Aggressive,text_heldout_26493,long-text,16384,3,-1.3385387376274593e-07,True,1.0,4.410734163684538e-06,4.768360213347478e-06,0.9997608661651611,0.021891402080655098,0.9999312162399292,0.9998703002929688,0.011045836843550205,0.016290541738271713,6.27397879306227,10.600126633886248
full_indexer_vs_two_path_verifier,streak2_bucket8_m0+head_dynamic_abs_w8_b64_r0.1,Aggressive,text_heldout_26493,long-text,16384,4,0.001304542995058,True,0.8,0.04494123160839081,0.05452227219939232,0.998521625995636,0.05618026852607727,0.9968662261962891,0.9942137002944946,0.07325293868780136,0.10863715410232544,6.27397879306227,10.600126633886248
full_indexer_vs_two_path_verifier,streak2_bucket8_m0+head_dynamic_abs_w8_b64_r0.1,Aggressive,text_heldout_26493,long-text,16384,5,0.008718918077647686,True,1.0,1.1328656673431396,1.0754883289337158,0.9986842274665833,0.051288142800331116,0.9993648529052734,0.9985971450805664,0.031707242131233215,0.052954383194446564,6.27397879306227,10.600126633886248
full_indexer_vs_two_path_verifier,streak2_bucket8_m0+head_dynamic_abs_w8_b64_r0.1,Aggressive,text_heldout_26493,long-text,16384,6,0.007990716956555843,True,1.0,1.3554036617279053,1.3159078359603882,0.9990981817245483,0.04435046762228012,0.9983882904052734,0.9947671890258789,0.04831439256668091,0.10221098363399506,6.27397879306227,10.600126633886248
full_indexer_vs_two_path_verifier,streak2_bucket8_m0+head_dynamic_abs_w8_b64_r0.1,Aggressive,text_heldout_26493,long-text,16384,7,1.2692495374722057e-06,True,1.0,3.814689989667386e-06,6.9141146923357155e-06,0.9987187385559082,0.05077577382326126,0.9995437264442444,0.9991856217384338,0.027683652937412262,0.041321687400341034,6.27397879306227,10.600126633886248
full_indexer_vs_two_path_verifier,streak2_bucket8_m0+head_dynamic_abs_w8_b64_r0.1,Aggressive,text_heldout_26493,long-text,16384,8,3.211375224054791e-05,True,1.0,0.000248043768806383,0.0001731960946926847,0.9970704317092896,0.0769013911485672,0.9984880685806274,0.9979941248893738,0.05490719899535179,0.06357221305370331,6.27397879306227,10.600126633886248
full_indexer_vs_two_path_verifier,streak2_bucket8_m0+head_dynamic_abs_w8_b64_r0.1,Aggressive,text_heldout_26493,long-text,16384,9,4.700901627074927e-05,True,1.0,0.4989332854747772,0.49967822432518005,0.9998254776000977,0.01899123564362526,0.9997876882553101,0.9996668100357056,0.01967822015285492,0.026197679340839386,6.27397879306227,10.600126633886248
full_indexer_vs_two_path_verifier,streak2_bucket8_m0+head_dynamic_abs_w8_b64_r0.1,Aggressive,text_heldout_26493,long-text,16384,10,0.004882653243839741,True,1.0,0.7042641043663025,0.6376881003379822,0.9998463988304138,0.019126443192362785,0.9988729953765869,0.9965684413909912,0.04072754830121994,0.08279721438884735,6.27397879306227,10.600126633886248
full_indexer_vs_two_path_verifier,streak2_bucket8_m0+head_dynamic_abs_w8_b64_r0.1,Aggressive,text_heldout_26493,long-text,16384,11,0.002856304170563817,True,1.0,0.17086155712604523,0.14193466305732727,0.9999584555625916,0.009310624562203884,0.9999102354049683,0.9998252391815186,0.01259334571659565,0.01873558759689331,6.27397879306227,10.600126633886248
full_indexer_vs_two_path_verifier,streak2_bucket8_m0+head_dynamic_abs_w8_b64_r0.1,Aggressive,text_heldout_26493,long-text,16384,12,0.0016376243438571692,True,1.0,0.3546276092529297,0.35647860169410706,0.9996363520622253,0.026993200182914734,0.9991863369941711,0.997707724571228,0.03336436673998833,0.06790073961019516,6.27397879306227,10.600126633886248
full_indexer_vs_two_path_verifier,streak2_bucket8_m0+head_dynamic_abs_w8_b64_r0.1,Aggressive,text_heldout_26493,long-text,16384,13,0.005542398430407047,True,1.0,3.3061859607696533,3.117831230163574,0.999744176864624,0.02267618291079998,0.9997570514678955,0.9991530776023865,0.019414037466049194,0.04121524468064308,6.27397879306227,10.600126633886248
full_indexer_vs_two_path_verifier,streak2_bucket8_m0+head_dynamic_abs_w8_b64_r0.1,Aggressive,text_heldout_26493,long-text,16384,14,0.000371309753973037,True,1.0,0.07822830975055695,0.0738326907157898,0.9999284744262695,0.013113096356391907,0.9998676180839539,0.999623715877533,0.014933159574866295,0.02753566764295101,6.27397879306227,10.600126633886248
full_indexer_vs_two_path_verifier,streak2_bucket8_m0+head_dynamic_abs_w8_b64_r0.1,Aggressive,text_heldout_26493,long-text,16384,15,0.00032260484294965863,True,1.0,0.45105940103530884,0.44847816228866577,0.9997856616973877,0.020731469616293907,0.9998259544372559,0.9994107484817505,0.016731373965740204,0.03451785445213318,6.27397879306227,10.600126633886248
full_indexer_vs_two_path_verifier,streak2_bucket8_m0+head_dynamic_abs_w8_b64_r0.1,Aggressive,text_heldout_26493,long-text,16384,16,3.880513190779311e-07,True,1.0,0.0014746040105819702,0.0014709139941260219,0.999921977519989,0.012613929808139801,0.9999097585678101,0.9998531341552734,0.01321195438504219,0.018118401989340782,6.27397879306227,10.600126633886248
full_indexer_vs_two_path_verifier,streak2_bucket8_m0+head_dynamic_abs_w8_b64_r0.1,Aggressive,text_heldout_26493,long-text,16384,17,0.007701842114329338,True,1.0,1.3498497009277344,1.225014090538025,0.9999530911445618,0.009721476584672928,0.9999083876609802,0.9998204708099365,0.012729362584650517,0.018975574523210526,6.27397879306227,10.600126633886248
full_indexer_vs_two_path_verifier,streak2_bucket8_m0+head_dynamic_abs_w8_b64_r0.1,Aggressive,text_heldout_26493,long-text,16384,18,0.003009496256709099,True,1.0,1.8108391761779785,1.8391391038894653,0.9998771548271179,0.016594884917140007,0.9999278783798218,0.9998207688331604,0.011292265728116035,0.019201215356588364,6.27397879306227,10.600126633886248
full_indexer_vs_two_path_verifier,streak2_bucket8_m0+head_dynamic_abs_w8_b64_r0.1,Aggressive,text_heldout_26493,long-text,16384,19,0.004292271099984646,True,0.8,3.355483055114746,3.1933507919311523,0.9999375343322754,0.01313083153218031,0.9998786449432373,0.9997639656066895,0.014657759107649326,0.02191365696489811,6.27397879306227,10.600126633886248
full_indexer_vs_two_path_verifier,streak2_bucket8_m0+head_dynamic_abs_w8_b64_r0.1,Aggressive,text_heldout_26493,long-text,16384,20,0.0005146871553733945,True,1.0,0.9192922115325928,0.9209627509117126,0.9999491572380066,0.01016201637685299,0.9998846054077148,0.9996612071990967,0.013356374576687813,0.02619076520204544,6.27397879306227,10.600126633886248
full_indexer_vs_two_path_verifier,streak2_bucket8_m0+head_dynamic_abs_w8_b64_r0.1,Aggressive,text_heldout_26493,long-text,16384,21,0.005911782383918762,True,1.0,0.9122724533081055,0.8559625744819641,0.9997904300689697,0.020842960104346275,0.9995023608207703,0.9986374974250793,0.027655525133013725,0.05223832279443741,6.27397879306227,10.600126633886248
full_indexer_vs_two_path_verifier,streak2_bucket8_m0+head_dynamic_abs_w8_b64_r0.1,Aggressive,text_heldout_26493,long-text,16384,22,0.002370421076193452,True,1.0,0.9746102094650269,0.9013218879699707,0.9999162554740906,0.013253613375127316,0.9999023675918579,0.9998403787612915,0.013277322053909302,0.01793524995446205,6.27397879306227,10.600126633886248
full_indexer_vs_two_path_verifier,streak2_bucket8_m0+head_dynamic_abs_w8_b64_r0.1,Aggressive,text_heldout_26493,long-text,16384,23,0.0072457254864275455,True,0.8,0.5757339596748352,0.481516569852829,0.9996896982192993,0.025278322398662567,0.9998795986175537,0.9997771978378296,0.014572340995073318,0.02145512029528618,6.27397879306227,10.600126633886248
full_indexer_vs_two_path_verifier,streak2_bucket8_m0+head_dynamic_abs_w8_b64_r0.1,Aggressive,text_heldout_26493,long-text,16384,24,1.0099419341713656e-05,True,1.0,0.003419506596401334,0.003364737145602703,0.9986183643341064,0.05282777175307274,0.9994088411331177,0.9989476799964905,0.031827762722969055,0.04587925598025322,6.27397879306227,10.600126633886248
full_indexer_vs_two_path_verifier,streak2_bucket8_m0+head_dynamic_abs_w8_b64_r0.1,Aggressive,text_heldout_26493,long-text,16384,25,0.0034266929142177105,True,1.0,5.324563026428223,5.255537033081055,0.9998878240585327,0.01854453980922699,0.9995209574699402,0.9987901449203491,0.027326185256242752,0.04923497512936592,6.27397879306227,10.600126633886248
full_indexer_vs_two_path_verifier,streak2_bucket8_m0+head_dynamic_abs_w8_b64_r0.1,Aggressive,text_heldout_26493,long-text,16384,26,0.0030898642726242542,True,1.0,7.496186256408691,7.25558614730835,0.9999229311943054,0.012622939422726631,0.9999064207077026,0.9998527765274048,0.013141385279595852,0.017211025580763817,6.27397879306227,10.600126633886248
full_indexer_vs_two_path_verifier,streak2_bucket8_m0+head_dynamic_abs_w8_b64_r0.1,Aggressive,text_heldout_26493,long-text,16384,27,0.0013779366854578257,True,1.0,0.07685047388076782,0.06375058740377426,0.9998522996902466,0.01740286312997341,0.9997053146362305,0.9991999864578247,0.021317891776561737,0.04003322869539261,6.27397879306227,10.600126633886248
full_indexer_vs_two_path_verifier,streak2_bucket8_m0+head_dynamic_abs_w8_b64_r0.1,Aggressive,text_heldout_26493,long-text,16384,28,0.0019262998830527067,True,1.0,5.056546688079834,5.159763336181641,0.9999418258666992,0.010946644470095634,0.9998552799224854,0.9996979236602783,0.016019966453313828,0.024602647870779037,6.27397879306227,10.600126633886248
full_indexer_vs_two_path_verifier,streak2_bucket8_m0+head_dynamic_abs_w8_b64_r0.1,Aggressive,text_heldout_26493,long-text,16384,29,0.0024215413723140955,True,1.0,8.871038436889648,8.84766960144043,0.9998696446418762,0.016156814992427826,0.9996808767318726,0.9988804459571838,0.021662279963493347,0.047318100929260254,6.27397879306227,10.600126633886248
full_indexer_vs_two_path_verifier,streak2_bucket8_m0+head_dynamic_abs_w8_b64_r0.1,Aggressive,text_heldout_26493,long-text,16384,30,0.0027038324624300003,True,1.0,6.280900955200195,6.188483238220215,0.9997045993804932,0.024417947977781296,0.9997190237045288,0.9991147518157959,0.020877180621027946,0.04234439134597778,6.27397879306227,10.600126633886248
full_indexer_vs_two_path_verifier,streak2_bucket8_m0+head_dynamic_abs_w8_b64_r0.1,Aggressive,text_heldout_26493,long-text,16384,31,0.0009572422131896019,True,0.8,7.006344795227051,6.897362232208252,0.9995725750923157,0.029712969437241554,0.9995495676994324,0.9988052845001221,0.027232078835368156,0.04918598756194115,6.27397879306227,10.600126633886248
full_indexer_vs_two_path_verifier,streak2_bucket8_m0+head_dynamic_abs_w8_b64_r0.1,Aggressive,text_heldout_26493,long-text,16384,32,0.001347479410469532,True,1.0,0.6114301085472107,0.6372759938240051,0.999811053276062,0.019612278789281845,0.9997791051864624,0.9995666146278381,0.019574258476495743,0.029527300968766212,6.27397879306227,10.600126633886248
full_indexer_vs_two_path_verifier,streak2_bucket8_m0+head_dynamic_abs_w8_b64_r0.1,Aggressive,text_heldout_26493,long-text,16384,33,0.003785520326346159,True,1.0,2.391357660293579,2.3674631118774414,0.9994360208511353,0.03368213400244713,0.9991350173950195,0.997591495513916,0.03498367220163345,0.06944610178470612,6.27397879306227,10.600126633886248
full_indexer_vs_two_path_verifier,streak2_bucket8_m0+head_dynamic_abs_w8_b64_r0.1,Aggressive,text_heldout_26493,long-text,16384,34,0.0015199934132397175,True,1.0,0.20662324130535126,0.2105119377374649,0.9994680881500244,0.033460184931755066,0.9989131689071655,0.9967401027679443,0.03687852621078491,0.0809369906783104,6.27397879306227,10.600126633886248
full_indexer_vs_two_path_verifier,streak2_bucket8_m0+head_dynamic_abs_w8_b64_r0.1,Aggressive,text_heldout_26493,long-text,16384,35,0.0049829864874482155,True,1.0,1.2939581871032715,1.3953933715820312,0.9996072053909302,0.028063185513019562,0.99956214427948,0.9989162683486938,0.02651100605726242,0.04656730964779854,6.27397879306227,10.600126633886248
full_indexer_vs_two_path_verifier,streak2_bucket8_m0+head_dynamic_abs_w8_b64_r0.1,Aggressive,text_heldout_26493,long-text,16384,36,0.023328250274062157,True,1.0,1.5400561094284058,1.1688342094421387,0.9953395128250122,0.09723655879497528,0.9997607469558716,0.9995604753494263,0.020379815250635147,0.029872668907046318,6.27397879306227,10.600126633886248
full_indexer_vs_two_path_verifier,streak2_bucket8_m0+head_dynamic_abs_w8_b64_r0.1,Aggressive,text_heldout_26493,long-text,16384,37,0.009398953057825565,True,1.0,0.9225031137466431,0.8422589302062988,0.9998182654380798,0.021485771983861923,0.9969332218170166,0.9917415976524353,0.0676097720861435,0.1282843053340912,6.27397879306227,10.600126633886248
full_indexer_vs_two_path_verifier,streak2_bucket8_m0+head_dynamic_abs_w8_b64_r0.1,Aggressive,text_heldout_26493,long-text,16384,38,0.0021918900310993195,True,1.0,2.077749013900757,2.107264757156372,0.9999206066131592,0.012860461138188839,0.9998185634613037,0.9994677901268005,0.017181560397148132,0.03269491717219353,6.27397879306227,10.600126633886248
full_indexer_vs_two_path_verifier,streak2_bucket8_m0+head_dynamic_abs_w8_b64_r0.1,Aggressive,text_heldout_26493,long-text,16384,39,0.0018548737280070782,True,1.0,0.918256402015686,0.9657338857650757,0.9999672174453735,0.008200347423553467,0.9999434351921082,0.9998935461044312,0.010343763045966625,0.014646962285041809,6.27397879306227,10.600126633886248
full_indexer_vs_two_path_verifier,streak2_bucket8_m0+head_dynamic_abs_w8_b64_r0.1,Aggressive,text_heldout_26493,long-text,16384,40,0.00417808024212718,True,1.0,0.46315842866897583,0.43109771609306335,0.9996216297149658,0.02751980908215046,0.9995756149291992,0.998563289642334,0.022887688130140305,0.05377180129289627,6.27397879306227,10.600126633886248
full_indexer_vs_two_path_verifier,streak2_bucket8_m0+head_dynamic_abs_w8_b64_r0.1,Aggressive,text_heldout_26493,long-text,16384,41,0.003586004488170147,True,1.0,4.315946578979492,4.251644134521484,0.9997236728668213,0.023635445162653923,0.9996183514595032,0.9984034299850464,0.023538976907730103,0.056605271995067596,6.27397879306227,10.600126633886248
full_indexer_vs_two_path_verifier,streak2_bucket8_m0+head_dynamic_abs_w8_b64_r0.1,Aggressive,text_heldout_26493,long-text,16384,42,0.001182251493446529,True,1.0,2.99186372756958,2.978830337524414,0.9999386072158813,0.01149735227227211,0.9999091625213623,0.9998582601547241,0.012998655438423157,0.016870755702257156,6.27397879306227,10.600126633886248
full_indexer_vs_two_path_verifier,streak2_bucket8_m0+head_dynamic_abs_w8_b64_r0.1,Aggressive,text_heldout_26493,long-text,16384,43,0.0026438701897859573,True,1.0,7.443192005157471,7.431863307952881,0.9995813369750977,0.028994498774409294,0.9996039867401123,0.9986670613288879,0.023200709372758865,0.051683951169252396,6.27397879306227,10.600126633886248
full_indexer_vs_two_path_verifier,streak2_bucket8_m0+head_dynamic_abs_w8_b64_r0.1,Aggressive,text_heldout_26493,long-text,16384,44,5.0680391723290086e-05,True,1.0,0.009737846441566944,0.009180594235658646,0.9997989535331726,0.02010544203221798,0.9998087882995605,0.9994252920150757,0.017940331250429153,0.03487756475806236,6.27397879306227,10.600126633886248
full_indexer_vs_two_path_verifier,streak2_bucket8_m0+head_dynamic_abs_w8_b64_r0.1,Aggressive,text_heldout_26493,long-text,16384,45,0.002059828955680132,True,1.0,0.42898720502853394,0.43489718437194824,0.9993302822113037,0.036700353026390076,0.9983627796173096,0.9970842003822327,0.056003402918577194,0.07660416513681412,6.27397879306227,10.600126633886248
full_indexer_vs_two_path_verifier,streak2_bucket8_m0+head_dynamic_abs_w8_b64_r0.1,Aggressive,text_heldout_26493,long-text,16384,46,0.0035577756352722645,True,1.0,3.7606403827667236,3.7274587154388428,0.9998958706855774,0.014454004354774952,0.9997785687446594,0.9993858933448792,0.019147410988807678,0.03505564108490944,6.27397879306227,10.600126633886248
full_indexer_vs_two_path_verifier,streak2_bucket8_m0+head_dynamic_abs_w8_b64_r0.1,Aggressive,text_heldout_26493,long-text,16384,47,0.0014155188109725714,True,1.0,0.7677220106124878,0.7592888474464417,0.999833345413208,0.020572802051901817,0.9998724460601807,0.9995962977409363,0.014665769413113594,0.028455158695578575,6.27397879306227,10.600126633886248
full_indexer_vs_two_path_verifier,streak2_bucket8_m0+head_dynamic_abs_w8_b64_r0.1,Aggressive,text_heldout_26493,long-text,16384,48,7.80470363679342e-05,True,1.0,0.010135846212506294,0.011252867057919502,0.9994303584098816,0.034864068031311035,0.9996745586395264,0.9984566569328308,0.020392071455717087,0.055662766098976135,6.27397879306227,10.600126633886248
full_indexer_vs_two_path_verifier,streak2_bucket8_m0+head_dynamic_abs_w8_b64_r0.1,Aggressive,text_heldout_26493,long-text,16384,49,4.3081006879219785e-05,True,1.0,0.12986937165260315,0.12989532947540283,0.9999035000801086,0.013918149285018444,0.9997315406799316,0.999348521232605,0.02081570401787758,0.0361165851354599,6.27397879306227,10.600126633886248
full_indexer_vs_two_path_verifier,streak2_bucket8_m0+head_dynamic_abs_w8_b64_r0.1,Aggressive,text_heldout_26493,long-text,16384,50,0.006962730083614588,True,1.0,0.34124189615249634,0.390805184841156,0.9996199011802673,0.027720807120203972,0.9998655319213867,0.9997779130935669,0.016185596585273743,0.022188305854797363,6.27397879306227,10.600126633886248
full_indexer_vs_two_path_verifier,streak2_bucket8_m0+head_dynamic_abs_w8_b64_r0.1,Aggressive,text_heldout_26493,long-text,16384,51,0.002181068528443575,True,1.0,9.791529655456543,9.860369682312012,0.9999545216560364,0.009560762904584408,0.9995214939117432,0.9988846182823181,0.02765805274248123,0.047336239367723465,6.27397879306227,10.600126633886248
full_indexer_vs_two_path_verifier,streak2_bucket8_m0+head_dynamic_abs_w8_b64_r0.1,Aggressive,text_heldout_26493,long-text,16384,52,2.063175998046063e-05,True,1.0,17.50074577331543,17.75070571899414,0.9987940192222595,0.049277015030384064,0.9992074966430664,0.9981964826583862,0.03558892011642456,0.060148365795612335,6.27397879306227,10.600126633886248
full_indexer_vs_two_path_verifier,streak2_bucket8_m0+head_dynamic_abs_w8_b64_r0.1,Aggressive,text_heldout_26493,long-text,16384,53,0.00039630639366805553,True,1.0,0.05539696291089058,0.04907459020614624,0.9995304346084595,0.030808111652731895,0.9994754791259766,0.9981763362884521,0.027910996228456497,0.0604558102786541,6.27397879306227,10.600126633886248
full_indexer_vs_two_path_verifier,streak2_bucket8_m0+head_dynamic_abs_w8_b64_r0.1,Aggressive,text_heldout_26493,long-text,16384,54,0.0020456695929169655,True,1.0,4.588424205780029,4.573387145996094,0.9996040463447571,0.028175313025712967,0.9990358352661133,0.998305082321167,0.040665216743946075,0.05840122699737549,6.27397879306227,10.600126633886248
full_indexer_vs_two_path_verifier,streak2_bucket8_m0+head_dynamic_abs_w8_b64_r0.1,Aggressive,text_heldout_26493,long-text,16384,55,0.000239673609030433,True,1.0,0.27666136622428894,0.274577260017395,0.9996434450149536,0.029049821197986603,0.9993518590927124,0.9983069896697998,0.031999390572309494,0.05847359076142311,6.27397879306227,10.600126633886248
full_indexer_vs_two_path_verifier,streak2_bucket8_m0+head_dynamic_abs_w8_b64_r0.1,Aggressive,text_heldout_26493,long-text,16384,56,0.0017820007633417845,True,0.8,0.21455778181552887,0.22976316511631012,0.9994397163391113,0.034893348813056946,0.9994707107543945,0.9975818395614624,0.0267594363540411,0.06964375823736191,6.27397879306227,10.600126633886248
full_indexer_vs_two_path_verifier,streak2_bucket8_m0+head_dynamic_abs_w8_b64_r0.1,Aggressive,text_heldout_26493,long-text,16384,57,0.004320481326431036,True,1.0,0.28801429271698,0.340040922164917,0.999713659286499,0.025149274617433548,0.9993862509727478,0.9984763860702515,0.03171784430742264,0.055195800960063934,6.27397879306227,10.600126633886248
full_indexer_vs_two_path_verifier,streak2_bucket8_m0+head_dynamic_abs_w8_b64_r0.1,Aggressive,text_heldout_26493,long-text,16384,58,0.0005902705015614629,True,1.0,0.07026231288909912,0.07434166967868805,0.9997800588607788,0.02165393903851509,0.9993011951446533,0.9978242516517639,0.03193426504731178,0.06594029068946838,6.27397879306227,10.600126633886248
full_indexer_vs_two_path_verifier,streak2_bucket8_m0+head_dynamic_abs_w8_b64_r0.1,Aggressive,text_heldout_26493,long-text,16384,59,0.0074462792836129665,True,0.8,1.368488073348999,1.1841634511947632,0.9997360706329346,0.02322266809642315,0.9987468719482422,0.9959902763366699,0.04272675886750221,0.08973746746778488,6.27397879306227,10.600126633886248
full_indexer_vs_two_path_verifier,streak2_bucket8_m0+head_dynamic_abs_w8_b64_r0.1,Aggressive,text_heldout_26493,long-text,16384,60,0.0010440631303936243,True,1.0,0.5618851780891418,0.5534977316856384,0.9996793866157532,0.025408107787370682,0.9992976784706116,0.9982403516769409,0.03227493539452553,0.059577085077762604,6.27397879306227,10.600126633886248
full_indexer_vs_two_path_verifier,streak2_bucket8_m0+head_dynamic_abs_w8_b64_r0.1,Aggressive,text_heldout_26493,long-text,16384,61,0.008108071982860565,True,0.8,2.5246362686157227,2.3996853828430176,0.999663233757019,0.026003004983067513,0.998027503490448,0.9949384331703186,0.05418422073125839,0.10049786418676376,6.27397879306227,10.600126633886248
full_indexer_vs_two_path_verifier,streak2_bucket8_m0+head_dynamic_abs_w8_b64_r0.1,Aggressive,text_heldout_26493,long-text,16384,62,0.0024344027042388916,True,1.0,2.931868553161621,3.017141342163086,0.9996116757392883,0.027915865182876587,0.9984889030456543,0.9963737726211548,0.049406781792640686,0.0863683819770813,6.27397879306227,10.600126633886248
full_indexer_vs_two_path_verifier,streak2_bucket8_m0+head_dynamic_abs_w8_b64_r0.1,Aggressive,text_heldout_26493,long-text,16384,63,0.00021938486315775663,True,1.0,0.036446478217840195,0.03978836536407471,0.9998849630355835,0.018398692831397057,0.9998482465744019,0.9996505975723267,0.01617738977074623,0.02710241824388504,6.27397879306227,10.600126633886248
full_indexer_vs_two_path_verifier,streak2_bucket8_m0+head_dynamic_abs_w8_b64_r0.1,Aggressive,text_heldout_26493,long-text,32768,0,0.0,True,1.0,0.1215154156088829,0.1215154156088829,1.000000238418579,0.0,1.0000007152557373,1.0000003576278687,0.0,0.0,8.198480593040586,14.670334838796407
full_indexer_vs_two_path_verifier,streak2_bucket8_m0+head_dynamic_abs_w8_b64_r0.1,Aggressive,text_heldout_26493,long-text,32768,1,0.0,True,1.0,0.9849243760108948,0.9849243760108948,1.0000001192092896,0.0,1.0000004768371582,1.000000238418579,0.0,0.0,8.198480593040586,14.670334838796407
full_indexer_vs_two_path_verifier,streak2_bucket8_m0+head_dynamic_abs_w8_b64_r0.1,Aggressive,text_heldout_26493,long-text,32768,2,0.011684977449476719,True,0.8,3.0480871200561523,3.545971393585205,0.9997014999389648,0.024433452636003494,0.999722421169281,0.9986637234687805,0.01889704540371895,0.051983557641506195,8.198480593040586,14.670334838796407
full_indexer_vs_two_path_verifier,streak2_bucket8_m0+head_dynamic_abs_w8_b64_r0.1,Aggressive,text_heldout_26493,long-text,32768,3,0.0005705736693926156,True,1.0,0.46238449215888977,0.46885931491851807,0.9998860359191895,0.015980185940861702,0.9997905492782593,0.9995261430740356,0.019290970638394356,0.03086354397237301,8.198480593040586,14.670334838796407
full_indexer_vs_two_path_verifier,streak2_bucket8_m0+head_dynamic_abs_w8_b64_r0.1,Aggressive,text_heldout_26493,long-text,32768,4,1.3800898557292385e-07,True,1.0,6.97350042173639e-05,7.080780778778717e-05,0.9986730217933655,0.05154434219002724,0.9994281530380249,0.9984687566757202,0.027557577937841415,0.05588738992810249,8.198480593040586,14.670334838796407
full_indexer_vs_two_path_verifier,streak2_bucket8_m0+head_dynamic_abs_w8_b64_r0.1,Aggressive,text_heldout_26493,long-text,32768,5,0.0023991423659026623,True,1.0,2.0125744342803955,1.953084111213684,0.9996469616889954,0.02917502634227276,0.9998928904533386,0.9997520446777344,0.013725606724619865,0.022295931354165077,8.198480593040586,14.670334838796407
full_indexer_vs_two_path_verifier,streak2_bucket8_m0+head_dynamic_abs_w8_b64_r0.1,Aggressive,text_heldout_26493,long-text,32768,6,0.0023506679572165012,True,1.0,1.26654052734375,1.32108736038208,0.999826192855835,0.019808096811175346,0.9991697072982788,0.9980964660644531,0.03658084571361542,0.061833132058382034,8.198480593040586,14.670334838796407
full_indexer_vs_two_path_verifier,streak2_bucket8_m0+head_dynamic_abs_w8_b64_r0.1,Aggressive,text_heldout_26493,long-text,32768,7,1.4506833394989371e-05,True,1.0,1.0299317836761475,1.0297482013702393,0.9998772144317627,0.015892382711172104,0.99985671043396,0.9997442960739136,0.015908995643258095,0.022653866559267044,8.198480593040586,14.670334838796407
full_indexer_vs_two_path_verifier,streak2_bucket8_m0+head_dynamic_abs_w8_b64_r0.1,Aggressive,text_heldout_26493,long-text,32768,8,7.584542618133128e-05,True,1.0,0.845414400100708,0.8458395600318909,0.9999478459358215,0.010223272256553173,0.9998968839645386,0.9998390078544617,0.014363560825586319,0.019513137638568878,8.198480593040586,14.670334838796407
full_indexer_vs_two_path_verifier,streak2_bucket8_m0+head_dynamic_abs_w8_b64_r0.1,Aggressive,text_heldout_26493,long-text,32768,9,0.0016686031594872475,True,1.0,4.335379123687744,4.470247268676758,0.9998441338539124,0.01775999553501606,0.9998829364776611,0.9996122717857361,0.01391591876745224,0.02813665196299553,8.198480593040586,14.670334838796407
full_indexer_vs_two_path_verifier,streak2_bucket8_m0+head_dynamic_abs_w8_b64_r0.1,Aggressive,text_heldout_26493,long-text,32768,10,0.0003493839758448303,True,0.8,0.1037563905119896,0.10683244466781616,0.9997544288635254,0.024081381037831306,0.9994502067565918,0.99882972240448,0.030082233250141144,0.04843026027083397,8.198480593040586,14.670334838796407
full_indexer_vs_two_path_verifier,streak2_bucket8_m0+head_dynamic_abs_w8_b64_r0.1,Aggressive,text_heldout_26493,long-text,32768,11,7.004433427937329e-05,True,1.0,0.09898365288972855,0.09886951744556427,0.9998228549957275,0.018878398463129997,0.9998266696929932,0.999504566192627,0.01729457452893257,0.03151298314332962,8.198480593040586,14.670334838796407
full_indexer_vs_two_path_verifier,streak2_bucket8_m0+head_dynamic_abs_w8_b64_r0.1,Aggressive,text_heldout_26493,long-text,32768,12,0.003072853200137615,True,1.0,4.109864234924316,4.058744430541992,0.999835193157196,0.019352762028574944,0.9994565844535828,0.9988642334938049,0.029842782765626907,0.04768471047282219,8.198480593040586,14.670334838796407
full_indexer_vs_two_path_verifier,streak2_bucket8_m0+head_dynamic_abs_w8_b64_r0.1,Aggressive,text_heldout_26493,long-text,32768,13,0.003011248307302594,True,1.0,10.017284393310547,10.038527488708496,0.9997883439064026,0.020644592121243477,0.9996737241744995,0.99924635887146,0.02327139675617218,0.03888978809118271,8.198480593040586,14.670334838796407
full_indexer_vs_two_path_verifier,streak2_bucket8_m0+head_dynamic_abs_w8_b64_r0.1,Aggressive,text_heldout_26493,long-text,32768,14,0.000132190267322585,True,1.0,0.01813158206641674,0.01731892116367817,0.9997608661651611,0.02191006764769554,0.9984838962554932,0.9965000152587891,0.04946151375770569,0.08386736363172531,8.198480593040586,14.670334838796407
full_indexer_vs_two_path_verifier,streak2_bucket8_m0+head_dynamic_abs_w8_b64_r0.1,Aggressive,text_heldout_26493,long-text,32768,15,0.004010751843452454,True,1.0,1.1653378009796143,1.1687124967575073,0.999630331993103,0.02803710661828518,0.9988600015640259,0.9972973465919495,0.04143616557121277,0.0737178698182106,8.198480593040586,14.670334838796407
full_indexer_vs_two_path_verifier,streak2_bucket8_m0+head_dynamic_abs_w8_b64_r0.1,Aggressive,text_heldout_26493,long-text,32768,16,0.0008975443779490888,True,1.0,0.12080743163824081,0.1152183935046196,0.9998306632041931,0.018575426191091537,0.9991294145584106,0.9975770711898804,0.03537846356630325,0.06981676071882248,8.198480593040586,14.670334838796407
full_indexer_vs_two_path_verifier,streak2_bucket8_m0+head_dynamic_abs_w8_b64_r0.1,Aggressive,text_heldout_26493,long-text,32768,17,0.0022080130875110626,True,1.0,6.085851669311523,6.108006477355957,0.9998676180839539,0.016286352649331093,0.9989213943481445,0.9968847036361694,0.0404367670416832,0.07893319427967072,8.198480593040586,14.670334838796407
full_indexer_vs_two_path_verifier,streak2_bucket8_m0+head_dynamic_abs_w8_b64_r0.1,Aggressive,text_heldout_26493,long-text,32768,18,5.977639148113667e-07,True,1.0,17.12504768371582,17.250041961669922,0.9976962208747864,0.06784514337778091,0.9994586706161499,0.9983875751495361,0.026674501597881317,0.05704526975750923,8.198480593040586,14.670334838796407
full_indexer_vs_two_path_verifier,streak2_bucket8_m0+head_dynamic_abs_w8_b64_r0.1,Aggressive,text_heldout_26493,long-text,32768,19,2.0608438717317767e-05,True,1.0,0.004091939423233271,0.004423001315444708,0.9997554421424866,0.022144876420497894,0.999738335609436,0.999351978302002,0.021195631474256516,0.0360153429210186,8.198480593040586,14.670334838796407
full_indexer_vs_two_path_verifier,streak2_bucket8_m0+head_dynamic_abs_w8_b64_r0.1,Aggressive,text_heldout_26493,long-text,32768,20,0.0031781233847141266,True,1.0,2.12436580657959,2.160814046859741,0.9998178482055664,0.019634880125522614,0.999691367149353,0.9993714094161987,0.023833490908145905,0.035475850105285645,8.198480593040586,14.670334838796407
full_indexer_vs_two_path_verifier,streak2_bucket8_m0+head_dynamic_abs_w8_b64_r0.1,Aggressive,text_heldout_26493,long-text,32768,21,0.006137995049357414,True,0.8,1.9052367210388184,1.8787312507629395,0.9996594786643982,0.02610884979367256,0.9995066523551941,0.9983571171760559,0.02736542373895645,0.057320933789014816,8.198480593040586,14.670334838796407
full_indexer_vs_two_path_verifier,streak2_bucket8_m0+head_dynamic_abs_w8_b64_r0.1,Aggressive,text_heldout_26493,long-text,32768,22,0.002616714686155319,True,1.0,1.4965966939926147,1.501274585723877,0.9998052716255188,0.02000744640827179,0.999712347984314,0.9992939233779907,0.022790227085351944,0.037970684468746185,8.198480593040586,14.670334838796407
full_indexer_vs_two_path_verifier,streak2_bucket8_m0+head_dynamic_abs_w8_b64_r0.1,Aggressive,text_heldout_26493,long-text,32768,23,0.005338681861758232,True,1.0,2.022786855697632,1.9675006866455078,0.9998473525047302,0.01754070445895195,0.9995564818382263,0.9988548755645752,0.026780089363455772,0.0481889545917511,8.198480593040586,14.670334838796407
full_indexer_vs_two_path_verifier,streak2_bucket8_m0+head_dynamic_abs_w8_b64_r0.1,Aggressive,text_heldout_26493,long-text,32768,24,0.004113308619707823,True,1.0,5.208471298217773,5.153716564178467,0.9997482299804688,0.02913428656756878,0.9992234110832214,0.997772216796875,0.03364070504903793,0.06702014058828354,8.198480593040586,14.670334838796407
full_indexer_vs_two_path_verifier,streak2_bucket8_m0+head_dynamic_abs_w8_b64_r0.1,Aggressive,text_heldout_26493,long-text,32768,25,0.004247321747243404,True,1.0,0.19587844610214233,0.2003026157617569,0.9993118047714233,0.03790761157870293,0.9988037347793579,0.9967178702354431,0.043383754789829254,0.08096230775117874,8.198480593040586,14.670334838796407
full_indexer_vs_two_path_verifier,streak2_bucket8_m0+head_dynamic_abs_w8_b64_r0.1,Aggressive,text_heldout_26493,long-text,32768,26,0.011122703552246094,True,1.0,7.191463947296143,7.097602367401123,0.9995473623275757,0.030442990362644196,0.9991978406906128,0.9978750944137573,0.035116132348775864,0.06584593653678894,8.198480593040586,14.670334838796407
full_indexer_vs_two_path_verifier,streak2_bucket8_m0+head_dynamic_abs_w8_b64_r0.1,Aggressive,text_heldout_26493,long-text,32768,27,0.0057249851524829865,True,0.8,0.10178211331367493,0.07101886719465256,0.9976335167884827,0.06877356767654419,0.9991602897644043,0.9982666969299316,0.03696923330426216,0.0588739737868309,8.198480593040586,14.670334838796407
full_indexer_vs_two_path_verifier,streak2_bucket8_m0+head_dynamic_abs_w8_b64_r0.1,Aggressive,text_heldout_26493,long-text,32768,28,0.0017491092439740896,True,1.0,1.4203996658325195,1.4391746520996094,0.9997141361236572,0.02417224645614624,0.9991180300712585,0.9966739416122437,0.03428831323981285,0.0815071165561676,8.198480593040586,14.670334838796407
full_indexer_vs_two_path_verifier,streak2_bucket8_m0+head_dynamic_abs_w8_b64_r0.1,Aggressive,text_heldout_26493,long-text,32768,29,0.052363425493240356,True,1.0,3.0486104488372803,1.9102747440338135,0.9968469142913818,0.08091972023248672,0.9976955652236938,0.9902427196502686,0.05108769237995148,0.14007386565208435,8.198480593040586,14.670334838796407
full_indexer_vs_two_path_verifier,streak2_bucket8_m0+head_dynamic_abs_w8_b64_r0.1,Aggressive,text_heldout_26493,long-text,32768,30,9.391233106725849e-07,True,1.0,4.5060096454108134e-05,3.790783375734463e-05,0.9994929432868958,0.03367464244365692,0.9991729855537415,0.997941255569458,0.03578661382198334,0.06417714804410934,8.198480593040586,14.670334838796407
full_indexer_vs_two_path_verifier,streak2_bucket8_m0+head_dynamic_abs_w8_b64_r0.1,Aggressive,text_heldout_26493,long-text,32768,31,0.003420372260734439,True,1.0,0.4957328140735626,0.4641897678375244,0.9996883869171143,0.025291990488767624,0.9991967678070068,0.9987958669662476,0.03786025196313858,0.049239274114370346,8.198480593040586,14.670334838796407
full_indexer_vs_two_path_verifier,streak2_bucket8_m0+head_dynamic_abs_w8_b64_r0.1,Aggressive,text_heldout_26493,long-text,32768,32,0.00135852862149477,True,1.0,0.7467718720436096,0.7578458786010742,0.9997384548187256,0.023607905954122543,0.9992908239364624,0.998164713382721,0.03320112079381943,0.060684576630592346,8.198480593040586,14.670334838796407
full_indexer_vs_two_path_verifier,streak2_bucket8_m0+head_dynamic_abs_w8_b64_r0.1,Aggressive,text_heldout_26493,long-text,32768,33,0.0015884959138929844,True,1.0,0.49311771988868713,0.5167661905288696,0.9998369216918945,0.01969766803085804,0.999879777431488,0.999801754951477,0.014887778088450432,0.020602094009518623,8.198480593040586,14.670334838796407
full_indexer_vs_two_path_verifier,streak2_bucket8_m0+head_dynamic_abs_w8_b64_r0.1,Aggressive,text_heldout_26493,long-text,32768,34,0.001956655876711011,True,1.0,0.04614141583442688,0.05977818742394447,0.9998837113380432,0.015289231203496456,0.9991349577903748,0.9972752332687378,0.034947216510772705,0.07392114400863647,8.198480593040586,14.670334838796407
full_indexer_vs_two_path_verifier,streak2_bucket8_m0+head_dynamic_abs_w8_b64_r0.1,Aggressive,text_heldout_26493,long-text,32768,35,0.0013381444150581956,True,1.0,7.3131608963012695,7.303121089935303,0.9999322295188904,0.012046785093843937,0.999891996383667,0.9998021125793457,0.01419373881071806,0.019953694194555283,8.198480593040586,14.670334838796407
full_indexer_vs_two_path_verifier,streak2_bucket8_m0+head_dynamic_abs_w8_b64_r0.1,Aggressive,text_heldout_26493,long-text,32768,36,0.00039527867920696735,True,1.0,1.280102252960205,1.2762969732284546,0.9999164938926697,0.01398351788520813,0.9998525381088257,0.9997508525848389,0.01685626059770584,0.022702602669596672,8.198480593040586,14.670334838796407
full_indexer_vs_two_path_verifier,streak2_bucket8_m0+head_dynamic_abs_w8_b64_r0.1,Aggressive,text_heldout_26493,long-text,32768,37,0.00344608211889863,True,1.0,14.040473937988281,14.134088516235352,0.99971604347229,0.02479030191898346,0.9997857809066772,0.9995320439338684,0.019514378160238266,0.03062695637345314,8.198480593040586,14.670334838796407
full_indexer_vs_two_path_verifier,streak2_bucket8_m0+head_dynamic_abs_w8_b64_r0.1,Aggressive,text_heldout_26493,long-text,32768,38,0.006261360365897417,True,1.0,0.33284929394721985,0.28801456093788147,0.9994304180145264,0.034058552235364914,0.9996762275695801,0.9990967512130737,0.02318631112575531,0.04259418696165085,8.198480593040586,14.670334838796407
full_indexer_vs_two_path_verifier,streak2_bucket8_m0+head_dynamic_abs_w8_b64_r0.1,Aggressive,text_heldout_26493,long-text,32768,39,1.2546821380965412e-05,True,0.8,0.0008368566050194204,0.0007815881981514394,0.9995695352554321,0.029719306156039238,0.999416172504425,0.9988285303115845,0.03177697956562042,0.04882550239562988,8.198480593040586,14.670334838796407
full_indexer_vs_two_path_verifier,streak2_bucket8_m0+head_dynamic_abs_w8_b64_r0.1,Aggressive,text_heldout_26493,long-text,32768,40,0.003950080834329128,True,0.8,3.7554004192352295,3.967766523361206,0.9999220371246338,0.012830648571252823,0.9998425841331482,0.9996483325958252,0.016898248344659805,0.026659071445465088,8.198480593040586,14.670334838796407
full_indexer_vs_two_path_verifier,streak2_bucket8_m0+head_dynamic_abs_w8_b64_r0.1,Aggressive,text_heldout_26493,long-text,32768,41,0.0071576908230781555,False,1.0,3.871743679046631,4.056163787841797,0.9998127818107605,0.019370121881365776,0.9993900060653687,0.9987257122993469,0.03160690516233444,0.05101868137717247,8.198480593040586,14.670334838796407
full_indexer_vs_two_path_verifier,streak2_bucket8_m0+head_dynamic_abs_w8_b64_r0.1,Aggressive,text_heldout_26493,long-text,32768,42,0.0007563610561192036,True,1.0,1.4525325298309326,1.4398193359375,0.9999006986618042,0.014534687623381615,0.9996805191040039,0.9989540576934814,0.022123299539089203,0.04585780203342438,8.198480593040586,14.670334838796407
full_indexer_vs_two_path_verifier,streak2_bucket8_m0+head_dynamic_abs_w8_b64_r0.1,Aggressive,text_heldout_26493,long-text,32768,43,0.004761628806591034,True,1.0,2.6090919971466064,2.432291030883789,0.9997762441635132,0.02133977599442005,0.9993650913238525,0.9984989166259766,0.031020721420645714,0.05554129183292389,8.198480593040586,14.670334838796407
full_indexer_vs_two_path_verifier,streak2_bucket8_m0+head_dynamic_abs_w8_b64_r0.1,Aggressive,text_heldout_26493,long-text,32768,44,0.006386336870491505,True,1.0,0.47177523374557495,0.5346413254737854,0.9996296167373657,0.027315480634570122,0.9998528957366943,0.9997748136520386,0.016276229172945023,0.02181089296936989,8.198480593040586,14.670334838796407
full_indexer_vs_two_path_verifier,streak2_bucket8_m0+head_dynamic_abs_w8_b64_r0.1,Aggressive,text_heldout_26493,long-text,32768,45,8.898630312614841e-07,True,0.8,1.2040065485052764e-05,1.1324817933200393e-05,0.9981728792190552,0.06141141057014465,0.9997046589851379,0.9989733099937439,0.0221441388130188,0.04551653191447258,8.198480593040586,14.670334838796407
full_indexer_vs_two_path_verifier,streak2_bucket8_m0+head_dynamic_abs_w8_b64_r0.1,Aggressive,text_heldout_26493,long-text,32768,46,0.0012838910333812237,True,1.0,0.9060466289520264,0.8891903758049011,0.9999341368675232,0.012799772433936596,0.9993939399719238,0.9984395503997803,0.03155682235956192,0.0564306303858757,8.198480593040586,14.670334838796407
full_indexer_vs_two_path_verifier,streak2_bucket8_m0+head_dynamic_abs_w8_b64_r0.1,Aggressive,text_heldout_26493,long-text,32768,47,0.007923014461994171,True,1.0,1.5622478723526,1.4790151119232178,0.9998533129692078,0.01724860444664955,0.999151885509491,0.9976925849914551,0.03453958034515381,0.0687277689576149,8.198480593040586,14.670334838796407
full_indexer_vs_two_path_verifier,streak2_bucket8_m0+head_dynamic_abs_w8_b64_r0.1,Aggressive,text_heldout_26493,long-text,32768,48,0.00211917283013463,True,0.8,2.91548228263855,2.8828341960906982,0.9997633099555969,0.021801406517624855,0.9995489120483398,0.9991773366928101,0.028182657435536385,0.0407288558781147,8.198480593040586,14.670334838796407
full_indexer_vs_two_path_verifier,streak2_bucket8_m0+head_dynamic_abs_w8_b64_r0.1,Aggressive,text_heldout_26493,long-text,32768,49,8.047543929023959e-07,True,1.0,0.023631004616618156,0.023629724979400635,0.9997206926345825,0.024073364213109016,0.9996033906936646,0.9989922642707825,0.0255366712808609,0.04497404024004936,8.198480593040586,14.670334838796407
full_indexer_vs_two_path_verifier,streak2_bucket8_m0+head_dynamic_abs_w8_b64_r0.1,Aggressive,text_heldout_26493,long-text,32768,50,0.0026050121523439884,True,1.0,7.110655784606934,7.064261436462402,0.9998353123664856,0.018430378288030624,0.9997628331184387,0.9994827508926392,0.020504742860794067,0.03267401084303856,8.198480593040586,14.670334838796407
full_indexer_vs_two_path_verifier,streak2_bucket8_m0+head_dynamic_abs_w8_b64_r0.1,Aggressive,text_heldout_26493,long-text,32768,51,0.00849074125289917,True,1.0,0.17683885991573334,0.1510859876871109,0.9993876814842224,0.035059697926044464,0.9982421398162842,0.9954100847244263,0.052261680364608765,0.09577666968107224,8.198480593040586,14.670334838796407
full_indexer_vs_two_path_verifier,streak2_bucket8_m0+head_dynamic_abs_w8_b64_r0.1,Aggressive,text_heldout_26493,long-text,32768,52,0.006791912019252777,True,1.0,2.03610897064209,1.9183903932571411,0.9997963905334473,0.022108666598796844,0.9993857741355896,0.9978060126304626,0.029462620615959167,0.06649114191532135,8.198480593040586,14.670334838796407
full_indexer_vs_two_path_verifier,streak2_bucket8_m0+head_dynamic_abs_w8_b64_r0.1,Aggressive,text_heldout_26493,long-text,32768,53,0.0035285274498164654,True,0.8,5.15826940536499,5.192680358886719,0.9998023509979248,0.024229735136032104,0.9997338056564331,0.9994782209396362,0.021094560623168945,0.0324043408036232,8.198480593040586,14.670334838796407
full_indexer_vs_two_path_verifier,streak2_bucket8_m0+head_dynamic_abs_w8_b64_r0.1,Aggressive,text_heldout_26493,long-text,32768,54,0.0033330994192510843,True,1.0,2.764162063598633,2.552870512008667,0.9999043941497803,0.014070321805775166,0.9997557997703552,0.9994051456451416,0.019935132935643196,0.03464462235569954,8.198480593040586,14.670334838796407
full_indexer_vs_two_path_verifier,streak2_bucket8_m0+head_dynamic_abs_w8_b64_r0.1,Aggressive,text_heldout_26493,long-text,32768,55,0.0015137135051190853,True,1.0,0.13887523114681244,0.1482720822095871,0.9997740983963013,0.02132767252624035,0.999529242515564,0.9984438419342041,0.02712118625640869,0.056326769292354584,8.198480593040586,14.670334838796407
full_indexer_vs_two_path_verifier,streak2_bucket8_m0+head_dynamic_abs_w8_b64_r0.1,Aggressive,text_heldout_26493,long-text,32768,56,0.0008144374005496502,True,1.0,5.382068157196045,5.755153179168701,0.9997550845146179,0.022174349054694176,0.9994825720787048,0.9983864426612854,0.02727113477885723,0.056916579604148865,8.198480593040586,14.670334838796407
full_indexer_vs_two_path_verifier,streak2_bucket8_m0+head_dynamic_abs_w8_b64_r0.1,Aggressive,text_heldout_26493,long-text,32768,57,0.002134022070094943,True,1.0,1.0573424100875854,0.9863250851631165,0.9998094439506531,0.019847026094794273,0.9997382164001465,0.9995714426040649,0.021684082224965096,0.029912274330854416,8.198480593040586,14.670334838796407
full_indexer_vs_two_path_verifier,streak2_bucket8_m0+head_dynamic_abs_w8_b64_r0.1,Aggressive,text_heldout_26493,long-text,32768,58,7.0577698352281e-08,True,1.0,0.0005214046686887741,0.000523430178873241,0.9998790621757507,0.016010141000151634,0.9998188018798828,0.9996021389961243,0.01774340495467186,0.02837473340332508,8.198480593040586,14.670334838796407
full_indexer_vs_two_path_verifier,streak2_bucket8_m0+head_dynamic_abs_w8_b64_r0.1,Aggressive,text_heldout_26493,long-text,32768,59,0.0023548267781734467,True,1.0,3.3977222442626953,3.3580870628356934,0.9998533725738525,0.017147092148661613,0.999100923538208,0.9985565543174744,0.039512477815151215,0.05420418083667755,8.198480593040586,14.670334838796407
full_indexer_vs_two_path_verifier,streak2_bucket8_m0+head_dynamic_abs_w8_b64_r0.1,Aggressive,text_heldout_26493,long-text,32768,60,3.2447249395772815e-05,True,0.8,0.6328715085983276,0.6330044865608215,0.9983912110328674,0.05728128179907799,0.9978981018066406,0.9935991168022156,0.05543668568134308,0.11337831616401672,8.198480593040586,14.670334838796407
full_indexer_vs_two_path_verifier,streak2_bucket8_m0+head_dynamic_abs_w8_b64_r0.1,Aggressive,text_heldout_26493,long-text,32768,61,0.0009727934375405312,True,1.0,13.020785331726074,13.385968208312988,0.9996389746665955,0.027864430099725723,0.9995883703231812,0.9988256096839905,0.025379817932844162,0.04849443584680557,8.198480593040586,14.670334838796407
full_indexer_vs_two_path_verifier,streak2_bucket8_m0+head_dynamic_abs_w8_b64_r0.1,Aggressive,text_heldout_26493,long-text,32768,62,0.025467371568083763,True,0.8,0.20739799737930298,0.11794896423816681,0.9969443678855896,0.07829747349023819,0.9995735287666321,0.9975969195365906,0.022259006276726723,0.06963852047920227,8.198480593040586,14.670334838796407
full_indexer_vs_two_path_verifier,streak2_bucket8_m0+head_dynamic_abs_w8_b64_r0.1,Aggressive,text_heldout_26493,long-text,32768,63,8.257210311057861e-07,True,0.8,5.98412734689191e-05,5.280832192511298e-05,0.9995455741882324,0.030265307053923607,0.9998664259910583,0.9997745752334595,0.016305655241012573,0.023627739399671555,8.198480593040586,14.670334838796407
